sample_id,group,label,split
allspice_6.csv::w0,data\raw\SmellNet\base_data\testing\allspice\allspice_6.csv,allspice,train
allspice_6.csv::w1,data\raw\SmellNet\base_data\testing\allspice\allspice_6.csv,allspice,train
allspice_6.csv::w2,data\raw\SmellNet\base_data\testing\allspice\allspice_6.csv,allspice,train
allspice_6.csv::w3,data\raw\SmellNet\base_data\testing\allspice\allspice_6.csv,allspice,train
allspice_6.csv::w4,data\raw\SmellNet\base_data\testing\allspice\allspice_6.csv,allspice,train
allspice_6.csv::w5,data\raw\SmellNet\base_data\testing\allspice\allspice_6.csv,allspice,train
allspice_6.csv::w6,data\raw\SmellNet\base_data\testing\allspice\allspice_6.csv,allspice,train
almond_6.csv::w0,data\raw\SmellNet\base_data\testing\almond\almond_6.csv,almond,train
almond_6.csv::w1,data\raw\SmellNet\base_data\testing\almond\almond_6.csv,almond,train
almond_6.csv::w2,data\raw\SmellNet\base_data\testing\almond\almond_6.csv,almond,train
almond_6.csv::w3,data\raw\SmellNet\base_data\testing\almond\almond_6.csv,almond,train
almond_6.csv::w4,data\raw\SmellNet\base_data\testing\almond\almond_6.csv,almond,train
almond_6.csv::w5,data\raw\SmellNet\base_data\testing\almond\almond_6.csv,almond,train
almond_6.csv::w6,data\raw\SmellNet\base_data\testing\almond\almond_6.csv,almond,train
angelica_6.csv::w0,data\raw\SmellNet\base_data\testing\angelica\angelica_6.csv,angelica,train
angelica_6.csv::w1,data\raw\SmellNet\base_data\testing\angelica\angelica_6.csv,angelica,train
angelica_6.csv::w2,data\raw\SmellNet\base_data\testing\angelica\angelica_6.csv,angelica,train
angelica_6.csv::w3,data\raw\SmellNet\base_data\testing\angelica\angelica_6.csv,angelica,train
angelica_6.csv::w4,data\raw\SmellNet\base_data\testing\angelica\angelica_6.csv,angelica,train
angelica_6.csv::w5,data\raw\SmellNet\base_data\testing\angelica\angelica_6.csv,angelica,train
angelica_6.csv::w6,data\raw\SmellNet\base_data\testing\angelica\angelica_6.csv,angelica,train
apple_6.csv::w0,data\raw\SmellNet\base_data\testing\apple\apple_6.csv,apple,train
apple_6.csv::w1,data\raw\SmellNet\base_data\testing\apple\apple_6.csv,apple,train
apple_6.csv::w2,data\raw\SmellNet\base_data\testing\apple\apple_6.csv,apple,train
apple_6.csv::w3,data\raw\SmellNet\base_data\testing\apple\apple_6.csv,apple,train
apple_6.csv::w4,data\raw\SmellNet\base_data\testing\apple\apple_6.csv,apple,train
apple_6.csv::w5,data\raw\SmellNet\base_data\testing\apple\apple_6.csv,apple,train
apple_6.csv::w6,data\raw\SmellNet\base_data\testing\apple\apple_6.csv,apple,train
asparagus_6.csv::w0,data\raw\SmellNet\base_data\testing\asparagus\asparagus_6.csv,asparagus,train
asparagus_6.csv::w1,data\raw\SmellNet\base_data\testing\asparagus\asparagus_6.csv,asparagus,train
asparagus_6.csv::w2,data\raw\SmellNet\base_data\testing\asparagus\asparagus_6.csv,asparagus,train
asparagus_6.csv::w3,data\raw\SmellNet\base_data\testing\asparagus\asparagus_6.csv,asparagus,train
asparagus_6.csv::w4,data\raw\SmellNet\base_data\testing\asparagus\asparagus_6.csv,asparagus,train
asparagus_6.csv::w5,data\raw\SmellNet\base_data\testing\asparagus\asparagus_6.csv,asparagus,train
asparagus_6.csv::w6,data\raw\SmellNet\base_data\testing\asparagus\asparagus_6.csv,asparagus,train
avocado_6.csv::w0,data\raw\SmellNet\base_data\testing\avocado\avocado_6.csv,avocado,test
avocado_6.csv::w1,data\raw\SmellNet\base_data\testing\avocado\avocado_6.csv,avocado,test
avocado_6.csv::w2,data\raw\SmellNet\base_data\testing\avocado\avocado_6.csv,avocado,test
avocado_6.csv::w3,data\raw\SmellNet\base_data\testing\avocado\avocado_6.csv,avocado,test
avocado_6.csv::w4,data\raw\SmellNet\base_data\testing\avocado\avocado_6.csv,avocado,test
avocado_6.csv::w5,data\raw\SmellNet\base_data\testing\avocado\avocado_6.csv,avocado,test
avocado_6.csv::w6,data\raw\SmellNet\base_data\testing\avocado\avocado_6.csv,avocado,test
banana_6.csv::w0,data\raw\SmellNet\base_data\testing\banana\banana_6.csv,banana,train
banana_6.csv::w1,data\raw\SmellNet\base_data\testing\banana\banana_6.csv,banana,train
banana_6.csv::w2,data\raw\SmellNet\base_data\testing\banana\banana_6.csv,banana,train
banana_6.csv::w3,data\raw\SmellNet\base_data\testing\banana\banana_6.csv,banana,train
banana_6.csv::w4,data\raw\SmellNet\base_data\testing\banana\banana_6.csv,banana,train
banana_6.csv::w5,data\raw\SmellNet\base_data\testing\banana\banana_6.csv,banana,train
banana_6.csv::w6,data\raw\SmellNet\base_data\testing\banana\banana_6.csv,banana,train
brazil_nut_6.csv::w0,data\raw\SmellNet\base_data\testing\brazil_nut\brazil_nut_6.csv,brazil_nut,test
brazil_nut_6.csv::w1,data\raw\SmellNet\base_data\testing\brazil_nut\brazil_nut_6.csv,brazil_nut,test
brazil_nut_6.csv::w2,data\raw\SmellNet\base_data\testing\brazil_nut\brazil_nut_6.csv,brazil_nut,test
brazil_nut_6.csv::w3,data\raw\SmellNet\base_data\testing\brazil_nut\brazil_nut_6.csv,brazil_nut,test
brazil_nut_6.csv::w4,data\raw\SmellNet\base_data\testing\brazil_nut\brazil_nut_6.csv,brazil_nut,test
brazil_nut_6.csv::w5,data\raw\SmellNet\base_data\testing\brazil_nut\brazil_nut_6.csv,brazil_nut,test
brazil_nut_6.csv::w6,data\raw\SmellNet\base_data\testing\brazil_nut\brazil_nut_6.csv,brazil_nut,test
broccoli_6.csv::w0,data\raw\SmellNet\base_data\testing\broccoli\broccoli_6.csv,broccoli,val
broccoli_6.csv::w1,data\raw\SmellNet\base_data\testing\broccoli\broccoli_6.csv,broccoli,val
broccoli_6.csv::w2,data\raw\SmellNet\base_data\testing\broccoli\broccoli_6.csv,broccoli,val
broccoli_6.csv::w3,data\raw\SmellNet\base_data\testing\broccoli\broccoli_6.csv,broccoli,val
broccoli_6.csv::w4,data\raw\SmellNet\base_data\testing\broccoli\broccoli_6.csv,broccoli,val
broccoli_6.csv::w5,data\raw\SmellNet\base_data\testing\broccoli\broccoli_6.csv,broccoli,val
broccoli_6.csv::w6,data\raw\SmellNet\base_data\testing\broccoli\broccoli_6.csv,broccoli,val
brussel_sprouts_6.csv::w0,data\raw\SmellNet\base_data\testing\brussel_sprouts\brussel_sprouts_6.csv,brussel_sprouts,test
brussel_sprouts_6.csv::w1,data\raw\SmellNet\base_data\testing\brussel_sprouts\brussel_sprouts_6.csv,brussel_sprouts,test
brussel_sprouts_6.csv::w2,data\raw\SmellNet\base_data\testing\brussel_sprouts\brussel_sprouts_6.csv,brussel_sprouts,test
brussel_sprouts_6.csv::w3,data\raw\SmellNet\base_data\testing\brussel_sprouts\brussel_sprouts_6.csv,brussel_sprouts,test
brussel_sprouts_6.csv::w4,data\raw\SmellNet\base_data\testing\brussel_sprouts\brussel_sprouts_6.csv,brussel_sprouts,test
brussel_sprouts_6.csv::w5,data\raw\SmellNet\base_data\testing\brussel_sprouts\brussel_sprouts_6.csv,brussel_sprouts,test
brussel_sprouts_6.csv::w6,data\raw\SmellNet\base_data\testing\brussel_sprouts\brussel_sprouts_6.csv,brussel_sprouts,test
cabbage_6.csv::w0,data\raw\SmellNet\base_data\testing\cabbage\cabbage_6.csv,cabbage,train
cabbage_6.csv::w1,data\raw\SmellNet\base_data\testing\cabbage\cabbage_6.csv,cabbage,train
cabbage_6.csv::w2,data\raw\SmellNet\base_data\testing\cabbage\cabbage_6.csv,cabbage,train
cabbage_6.csv::w3,data\raw\SmellNet\base_data\testing\cabbage\cabbage_6.csv,cabbage,train
cabbage_6.csv::w4,data\raw\SmellNet\base_data\testing\cabbage\cabbage_6.csv,cabbage,train
cabbage_6.csv::w5,data\raw\SmellNet\base_data\testing\cabbage\cabbage_6.csv,cabbage,train
cabbage_6.csv::w6,data\raw\SmellNet\base_data\testing\cabbage\cabbage_6.csv,cabbage,train
cashew_6.csv::w0,data\raw\SmellNet\base_data\testing\cashew\cashew_6.csv,cashew,train
cashew_6.csv::w1,data\raw\SmellNet\base_data\testing\cashew\cashew_6.csv,cashew,train
cashew_6.csv::w2,data\raw\SmellNet\base_data\testing\cashew\cashew_6.csv,cashew,train
cashew_6.csv::w3,data\raw\SmellNet\base_data\testing\cashew\cashew_6.csv,cashew,train
cashew_6.csv::w4,data\raw\SmellNet\base_data\testing\cashew\cashew_6.csv,cashew,train
cashew_6.csv::w5,data\raw\SmellNet\base_data\testing\cashew\cashew_6.csv,cashew,train
cashew_6.csv::w6,data\raw\SmellNet\base_data\testing\cashew\cashew_6.csv,cashew,train
cauliflower_6.csv::w0,data\raw\SmellNet\base_data\testing\cauliflower\cauliflower_6.csv,cauliflower,val
cauliflower_6.csv::w1,data\raw\SmellNet\base_data\testing\cauliflower\cauliflower_6.csv,cauliflower,val
cauliflower_6.csv::w2,data\raw\SmellNet\base_data\testing\cauliflower\cauliflower_6.csv,cauliflower,val
cauliflower_6.csv::w3,data\raw\SmellNet\base_data\testing\cauliflower\cauliflower_6.csv,cauliflower,val
cauliflower_6.csv::w4,data\raw\SmellNet\base_data\testing\cauliflower\cauliflower_6.csv,cauliflower,val
cauliflower_6.csv::w5,data\raw\SmellNet\base_data\testing\cauliflower\cauliflower_6.csv,cauliflower,val
cauliflower_6.csv::w6,data\raw\SmellNet\base_data\testing\cauliflower\cauliflower_6.csv,cauliflower,val
chamomile_6.csv::w0,data\raw\SmellNet\base_data\testing\chamomile\chamomile_6.csv,chamomile,val
chamomile_6.csv::w1,data\raw\SmellNet\base_data\testing\chamomile\chamomile_6.csv,chamomile,val
chamomile_6.csv::w2,data\raw\SmellNet\base_data\testing\chamomile\chamomile_6.csv,chamomile,val
chamomile_6.csv::w3,data\raw\SmellNet\base_data\testing\chamomile\chamomile_6.csv,chamomile,val
chamomile_6.csv::w4,data\raw\SmellNet\base_data\testing\chamomile\chamomile_6.csv,chamomile,val
chamomile_6.csv::w5,data\raw\SmellNet\base_data\testing\chamomile\chamomile_6.csv,chamomile,val
chamomile_6.csv::w6,data\raw\SmellNet\base_data\testing\chamomile\chamomile_6.csv,chamomile,val
chervil_6.csv::w0,data\raw\SmellNet\base_data\testing\chervil\chervil_6.csv,chervil,train
chervil_6.csv::w1,data\raw\SmellNet\base_data\testing\chervil\chervil_6.csv,chervil,train
chervil_6.csv::w2,data\raw\SmellNet\base_data\testing\chervil\chervil_6.csv,chervil,train
chervil_6.csv::w3,data\raw\SmellNet\base_data\testing\chervil\chervil_6.csv,chervil,train
chervil_6.csv::w4,data\raw\SmellNet\base_data\testing\chervil\chervil_6.csv,chervil,train
chervil_6.csv::w5,data\raw\SmellNet\base_data\testing\chervil\chervil_6.csv,chervil,train
chervil_6.csv::w6,data\raw\SmellNet\base_data\testing\chervil\chervil_6.csv,chervil,train
chestnuts_6.csv::w0,data\raw\SmellNet\base_data\testing\chestnuts\chestnuts_6.csv,chestnuts,train
chestnuts_6.csv::w1,data\raw\SmellNet\base_data\testing\chestnuts\chestnuts_6.csv,chestnuts,train
chestnuts_6.csv::w2,data\raw\SmellNet\base_data\testing\chestnuts\chestnuts_6.csv,chestnuts,train
chestnuts_6.csv::w3,data\raw\SmellNet\base_data\testing\chestnuts\chestnuts_6.csv,chestnuts,train
chestnuts_6.csv::w4,data\raw\SmellNet\base_data\testing\chestnuts\chestnuts_6.csv,chestnuts,train
chestnuts_6.csv::w5,data\raw\SmellNet\base_data\testing\chestnuts\chestnuts_6.csv,chestnuts,train
chestnuts_6.csv::w6,data\raw\SmellNet\base_data\testing\chestnuts\chestnuts_6.csv,chestnuts,train
chives_6.csv::w0,data\raw\SmellNet\base_data\testing\chives\chives_6.csv,chives,train
chives_6.csv::w1,data\raw\SmellNet\base_data\testing\chives\chives_6.csv,chives,train
chives_6.csv::w2,data\raw\SmellNet\base_data\testing\chives\chives_6.csv,chives,train
chives_6.csv::w3,data\raw\SmellNet\base_data\testing\chives\chives_6.csv,chives,train
chives_6.csv::w4,data\raw\SmellNet\base_data\testing\chives\chives_6.csv,chives,train
chives_6.csv::w5,data\raw\SmellNet\base_data\testing\chives\chives_6.csv,chives,train
chives_6.csv::w6,data\raw\SmellNet\base_data\testing\chives\chives_6.csv,chives,train
cinnamon_6.csv::w0,data\raw\SmellNet\base_data\testing\cinnamon\cinnamon_6.csv,cinnamon,test
cinnamon_6.csv::w1,data\raw\SmellNet\base_data\testing\cinnamon\cinnamon_6.csv,cinnamon,test
cinnamon_6.csv::w2,data\raw\SmellNet\base_data\testing\cinnamon\cinnamon_6.csv,cinnamon,test
cinnamon_6.csv::w3,data\raw\SmellNet\base_data\testing\cinnamon\cinnamon_6.csv,cinnamon,test
cinnamon_6.csv::w4,data\raw\SmellNet\base_data\testing\cinnamon\cinnamon_6.csv,cinnamon,test
cinnamon_6.csv::w5,data\raw\SmellNet\base_data\testing\cinnamon\cinnamon_6.csv,cinnamon,test
cinnamon_6.csv::w6,data\raw\SmellNet\base_data\testing\cinnamon\cinnamon_6.csv,cinnamon,test
cloves_6.csv::w0,data\raw\SmellNet\base_data\testing\cloves\cloves_6.csv,cloves,train
cloves_6.csv::w1,data\raw\SmellNet\base_data\testing\cloves\cloves_6.csv,cloves,train
cloves_6.csv::w2,data\raw\SmellNet\base_data\testing\cloves\cloves_6.csv,cloves,train
cloves_6.csv::w3,data\raw\SmellNet\base_data\testing\cloves\cloves_6.csv,cloves,train
cloves_6.csv::w4,data\raw\SmellNet\base_data\testing\cloves\cloves_6.csv,cloves,train
cloves_6.csv::w5,data\raw\SmellNet\base_data\testing\cloves\cloves_6.csv,cloves,train
cloves_6.csv::w6,data\raw\SmellNet\base_data\testing\cloves\cloves_6.csv,cloves,train
coriander_6.csv::w0,data\raw\SmellNet\base_data\testing\coriander\coriander_6.csv,coriander,val
coriander_6.csv::w1,data\raw\SmellNet\base_data\testing\coriander\coriander_6.csv,coriander,val
coriander_6.csv::w2,data\raw\SmellNet\base_data\testing\coriander\coriander_6.csv,coriander,val
coriander_6.csv::w3,data\raw\SmellNet\base_data\testing\coriander\coriander_6.csv,coriander,val
coriander_6.csv::w4,data\raw\SmellNet\base_data\testing\coriander\coriander_6.csv,coriander,val
coriander_6.csv::w5,data\raw\SmellNet\base_data\testing\coriander\coriander_6.csv,coriander,val
coriander_6.csv::w6,data\raw\SmellNet\base_data\testing\coriander\coriander_6.csv,coriander,val
cumin_6.csv::w0,data\raw\SmellNet\base_data\testing\cumin\cumin_6.csv,cumin,val
cumin_6.csv::w1,data\raw\SmellNet\base_data\testing\cumin\cumin_6.csv,cumin,val
cumin_6.csv::w2,data\raw\SmellNet\base_data\testing\cumin\cumin_6.csv,cumin,val
cumin_6.csv::w3,data\raw\SmellNet\base_data\testing\cumin\cumin_6.csv,cumin,val
cumin_6.csv::w4,data\raw\SmellNet\base_data\testing\cumin\cumin_6.csv,cumin,val
cumin_6.csv::w5,data\raw\SmellNet\base_data\testing\cumin\cumin_6.csv,cumin,val
cumin_6.csv::w6,data\raw\SmellNet\base_data\testing\cumin\cumin_6.csv,cumin,val
dill_6.csv::w0,data\raw\SmellNet\base_data\testing\dill\dill_6.csv,dill,train
dill_6.csv::w1,data\raw\SmellNet\base_data\testing\dill\dill_6.csv,dill,train
dill_6.csv::w2,data\raw\SmellNet\base_data\testing\dill\dill_6.csv,dill,train
dill_6.csv::w3,data\raw\SmellNet\base_data\testing\dill\dill_6.csv,dill,train
dill_6.csv::w4,data\raw\SmellNet\base_data\testing\dill\dill_6.csv,dill,train
dill_6.csv::w5,data\raw\SmellNet\base_data\testing\dill\dill_6.csv,dill,train
dill_6.csv::w6,data\raw\SmellNet\base_data\testing\dill\dill_6.csv,dill,train
garlic_6.csv::w0,data\raw\SmellNet\base_data\testing\garlic\garlic_6.csv,garlic,val
garlic_6.csv::w1,data\raw\SmellNet\base_data\testing\garlic\garlic_6.csv,garlic,val
garlic_6.csv::w2,data\raw\SmellNet\base_data\testing\garlic\garlic_6.csv,garlic,val
garlic_6.csv::w3,data\raw\SmellNet\base_data\testing\garlic\garlic_6.csv,garlic,val
garlic_6.csv::w4,data\raw\SmellNet\base_data\testing\garlic\garlic_6.csv,garlic,val
garlic_6.csv::w5,data\raw\SmellNet\base_data\testing\garlic\garlic_6.csv,garlic,val
garlic_6.csv::w6,data\raw\SmellNet\base_data\testing\garlic\garlic_6.csv,garlic,val
ginger_6.csv::w0,data\raw\SmellNet\base_data\testing\ginger\ginger_6.csv,ginger,val
ginger_6.csv::w1,data\raw\SmellNet\base_data\testing\ginger\ginger_6.csv,ginger,val
ginger_6.csv::w2,data\raw\SmellNet\base_data\testing\ginger\ginger_6.csv,ginger,val
ginger_6.csv::w3,data\raw\SmellNet\base_data\testing\ginger\ginger_6.csv,ginger,val
ginger_6.csv::w4,data\raw\SmellNet\base_data\testing\ginger\ginger_6.csv,ginger,val
ginger_6.csv::w5,data\raw\SmellNet\base_data\testing\ginger\ginger_6.csv,ginger,val
ginger_6.csv::w6,data\raw\SmellNet\base_data\testing\ginger\ginger_6.csv,ginger,val
hazelnut_6.csv::w0,data\raw\SmellNet\base_data\testing\hazelnut\hazelnut_6.csv,hazelnut,test
hazelnut_6.csv::w1,data\raw\SmellNet\base_data\testing\hazelnut\hazelnut_6.csv,hazelnut,test
hazelnut_6.csv::w2,data\raw\SmellNet\base_data\testing\hazelnut\hazelnut_6.csv,hazelnut,test
hazelnut_6.csv::w3,data\raw\SmellNet\base_data\testing\hazelnut\hazelnut_6.csv,hazelnut,test
hazelnut_6.csv::w4,data\raw\SmellNet\base_data\testing\hazelnut\hazelnut_6.csv,hazelnut,test
hazelnut_6.csv::w5,data\raw\SmellNet\base_data\testing\hazelnut\hazelnut_6.csv,hazelnut,test
hazelnut_6.csv::w6,data\raw\SmellNet\base_data\testing\hazelnut\hazelnut_6.csv,hazelnut,test
kiwi_6.csv::w0,data\raw\SmellNet\base_data\testing\kiwi\kiwi_6.csv,kiwi,test
kiwi_6.csv::w1,data\raw\SmellNet\base_data\testing\kiwi\kiwi_6.csv,kiwi,test
kiwi_6.csv::w2,data\raw\SmellNet\base_data\testing\kiwi\kiwi_6.csv,kiwi,test
kiwi_6.csv::w3,data\raw\SmellNet\base_data\testing\kiwi\kiwi_6.csv,kiwi,test
kiwi_6.csv::w4,data\raw\SmellNet\base_data\testing\kiwi\kiwi_6.csv,kiwi,test
kiwi_6.csv::w5,data\raw\SmellNet\base_data\testing\kiwi\kiwi_6.csv,kiwi,test
kiwi_6.csv::w6,data\raw\SmellNet\base_data\testing\kiwi\kiwi_6.csv,kiwi,test
lemon_6.csv::w0,data\raw\SmellNet\base_data\testing\lemon\lemon_6.csv,lemon,train
lemon_6.csv::w1,data\raw\SmellNet\base_data\testing\lemon\lemon_6.csv,lemon,train
lemon_6.csv::w2,data\raw\SmellNet\base_data\testing\lemon\lemon_6.csv,lemon,train
lemon_6.csv::w3,data\raw\SmellNet\base_data\testing\lemon\lemon_6.csv,lemon,train
lemon_6.csv::w4,data\raw\SmellNet\base_data\testing\lemon\lemon_6.csv,lemon,train
lemon_6.csv::w5,data\raw\SmellNet\base_data\testing\lemon\lemon_6.csv,lemon,train
lemon_6.csv::w6,data\raw\SmellNet\base_data\testing\lemon\lemon_6.csv,lemon,train
mandarin_orange_6.csv::w0,data\raw\SmellNet\base_data\testing\mandarin_orange\mandarin_orange_6.csv,mandarin_orange,train
mandarin_orange_6.csv::w1,data\raw\SmellNet\base_data\testing\mandarin_orange\mandarin_orange_6.csv,mandarin_orange,train
mandarin_orange_6.csv::w2,data\raw\SmellNet\base_data\testing\mandarin_orange\mandarin_orange_6.csv,mandarin_orange,train
mandarin_orange_6.csv::w3,data\raw\SmellNet\base_data\testing\mandarin_orange\mandarin_orange_6.csv,mandarin_orange,train
mandarin_orange_6.csv::w4,data\raw\SmellNet\base_data\testing\mandarin_orange\mandarin_orange_6.csv,mandarin_orange,train
mandarin_orange_6.csv::w5,data\raw\SmellNet\base_data\testing\mandarin_orange\mandarin_orange_6.csv,mandarin_orange,train
mandarin_orange_6.csv::w6,data\raw\SmellNet\base_data\testing\mandarin_orange\mandarin_orange_6.csv,mandarin_orange,train
mango_6.csv::w0,data\raw\SmellNet\base_data\testing\mango\mango_6.csv,mango,train
mango_6.csv::w1,data\raw\SmellNet\base_data\testing\mango\mango_6.csv,mango,train
mango_6.csv::w2,data\raw\SmellNet\base_data\testing\mango\mango_6.csv,mango,train
mango_6.csv::w3,data\raw\SmellNet\base_data\testing\mango\mango_6.csv,mango,train
mango_6.csv::w4,data\raw\SmellNet\base_data\testing\mango\mango_6.csv,mango,train
mango_6.csv::w5,data\raw\SmellNet\base_data\testing\mango\mango_6.csv,mango,train
mango_6.csv::w6,data\raw\SmellNet\base_data\testing\mango\mango_6.csv,mango,train
mint_6.csv::w0,data\raw\SmellNet\base_data\testing\mint\mint_6.csv,mint,train
mint_6.csv::w1,data\raw\SmellNet\base_data\testing\mint\mint_6.csv,mint,train
mint_6.csv::w2,data\raw\SmellNet\base_data\testing\mint\mint_6.csv,mint,train
mint_6.csv::w3,data\raw\SmellNet\base_data\testing\mint\mint_6.csv,mint,train
mint_6.csv::w4,data\raw\SmellNet\base_data\testing\mint\mint_6.csv,mint,train
mint_6.csv::w5,data\raw\SmellNet\base_data\testing\mint\mint_6.csv,mint,train
mint_6.csv::w6,data\raw\SmellNet\base_data\testing\mint\mint_6.csv,mint,train
mugwort_6.csv::w0,data\raw\SmellNet\base_data\testing\mugwort\mugwort_6.csv,mugwort,val
mugwort_6.csv::w1,data\raw\SmellNet\base_data\testing\mugwort\mugwort_6.csv,mugwort,val
mugwort_6.csv::w2,data\raw\SmellNet\base_data\testing\mugwort\mugwort_6.csv,mugwort,val
mugwort_6.csv::w3,data\raw\SmellNet\base_data\testing\mugwort\mugwort_6.csv,mugwort,val
mugwort_6.csv::w4,data\raw\SmellNet\base_data\testing\mugwort\mugwort_6.csv,mugwort,val
mugwort_6.csv::w5,data\raw\SmellNet\base_data\testing\mugwort\mugwort_6.csv,mugwort,val
mugwort_6.csv::w6,data\raw\SmellNet\base_data\testing\mugwort\mugwort_6.csv,mugwort,val
mustard_6.csv::w0,data\raw\SmellNet\base_data\testing\mustard\mustard_6.csv,mustard,val
mustard_6.csv::w1,data\raw\SmellNet\base_data\testing\mustard\mustard_6.csv,mustard,val
mustard_6.csv::w2,data\raw\SmellNet\base_data\testing\mustard\mustard_6.csv,mustard,val
mustard_6.csv::w3,data\raw\SmellNet\base_data\testing\mustard\mustard_6.csv,mustard,val
mustard_6.csv::w4,data\raw\SmellNet\base_data\testing\mustard\mustard_6.csv,mustard,val
mustard_6.csv::w5,data\raw\SmellNet\base_data\testing\mustard\mustard_6.csv,mustard,val
mustard_6.csv::w6,data\raw\SmellNet\base_data\testing\mustard\mustard_6.csv,mustard,val
nutmeg_6.csv::w0,data\raw\SmellNet\base_data\testing\nutmeg\nutmeg_6.csv,nutmeg,train
nutmeg_6.csv::w1,data\raw\SmellNet\base_data\testing\nutmeg\nutmeg_6.csv,nutmeg,train
nutmeg_6.csv::w2,data\raw\SmellNet\base_data\testing\nutmeg\nutmeg_6.csv,nutmeg,train
nutmeg_6.csv::w3,data\raw\SmellNet\base_data\testing\nutmeg\nutmeg_6.csv,nutmeg,train
nutmeg_6.csv::w4,data\raw\SmellNet\base_data\testing\nutmeg\nutmeg_6.csv,nutmeg,train
nutmeg_6.csv::w5,data\raw\SmellNet\base_data\testing\nutmeg\nutmeg_6.csv,nutmeg,train
nutmeg_6.csv::w6,data\raw\SmellNet\base_data\testing\nutmeg\nutmeg_6.csv,nutmeg,train
oregano_6.csv::w0,data\raw\SmellNet\base_data\testing\oregano\oregano_6.csv,oregano,test
oregano_6.csv::w1,data\raw\SmellNet\base_data\testing\oregano\oregano_6.csv,oregano,test
oregano_6.csv::w2,data\raw\SmellNet\base_data\testing\oregano\oregano_6.csv,oregano,test
oregano_6.csv::w3,data\raw\SmellNet\base_data\testing\oregano\oregano_6.csv,oregano,test
oregano_6.csv::w4,data\raw\SmellNet\base_data\testing\oregano\oregano_6.csv,oregano,test
oregano_6.csv::w5,data\raw\SmellNet\base_data\testing\oregano\oregano_6.csv,oregano,test
oregano_6.csv::w6,data\raw\SmellNet\base_data\testing\oregano\oregano_6.csv,oregano,test
peach_6.csv::w0,data\raw\SmellNet\base_data\testing\peach\peach_6.csv,peach,train
peach_6.csv::w1,data\raw\SmellNet\base_data\testing\peach\peach_6.csv,peach,train
peach_6.csv::w2,data\raw\SmellNet\base_data\testing\peach\peach_6.csv,peach,train
peach_6.csv::w3,data\raw\SmellNet\base_data\testing\peach\peach_6.csv,peach,train
peach_6.csv::w4,data\raw\SmellNet\base_data\testing\peach\peach_6.csv,peach,train
peach_6.csv::w5,data\raw\SmellNet\base_data\testing\peach\peach_6.csv,peach,train
peach_6.csv::w6,data\raw\SmellNet\base_data\testing\peach\peach_6.csv,peach,train
peanuts_6.csv::w0,data\raw\SmellNet\base_data\testing\peanuts\peanuts_6.csv,peanuts,train
peanuts_6.csv::w1,data\raw\SmellNet\base_data\testing\peanuts\peanuts_6.csv,peanuts,train
peanuts_6.csv::w2,data\raw\SmellNet\base_data\testing\peanuts\peanuts_6.csv,peanuts,train
peanuts_6.csv::w3,data\raw\SmellNet\base_data\testing\peanuts\peanuts_6.csv,peanuts,train
peanuts_6.csv::w4,data\raw\SmellNet\base_data\testing\peanuts\peanuts_6.csv,peanuts,train
peanuts_6.csv::w5,data\raw\SmellNet\base_data\testing\peanuts\peanuts_6.csv,peanuts,train
peanuts_6.csv::w6,data\raw\SmellNet\base_data\testing\peanuts\peanuts_6.csv,peanuts,train
pear_6.csv::w0,data\raw\SmellNet\base_data\testing\pear\pear_6.csv,pear,train
pear_6.csv::w1,data\raw\SmellNet\base_data\testing\pear\pear_6.csv,pear,train
pear_6.csv::w2,data\raw\SmellNet\base_data\testing\pear\pear_6.csv,pear,train
pear_6.csv::w3,data\raw\SmellNet\base_data\testing\pear\pear_6.csv,pear,train
pear_6.csv::w4,data\raw\SmellNet\base_data\testing\pear\pear_6.csv,pear,train
pear_6.csv::w5,data\raw\SmellNet\base_data\testing\pear\pear_6.csv,pear,train
pear_6.csv::w6,data\raw\SmellNet\base_data\testing\pear\pear_6.csv,pear,train
pecans_6.csv::w0,data\raw\SmellNet\base_data\testing\pecans\pecans_6.csv,pecans,val
pecans_6.csv::w1,data\raw\SmellNet\base_data\testing\pecans\pecans_6.csv,pecans,val
pecans_6.csv::w2,data\raw\SmellNet\base_data\testing\pecans\pecans_6.csv,pecans,val
pecans_6.csv::w3,data\raw\SmellNet\base_data\testing\pecans\pecans_6.csv,pecans,val
pecans_6.csv::w4,data\raw\SmellNet\base_data\testing\pecans\pecans_6.csv,pecans,val
pecans_6.csv::w5,data\raw\SmellNet\base_data\testing\pecans\pecans_6.csv,pecans,val
pecans_6.csv::w6,data\raw\SmellNet\base_data\testing\pecans\pecans_6.csv,pecans,val
pili_nut_6.csv::w0,data\raw\SmellNet\base_data\testing\pili_nut\pili_nut_6.csv,pili_nut,train
pili_nut_6.csv::w1,data\raw\SmellNet\base_data\testing\pili_nut\pili_nut_6.csv,pili_nut,train
pili_nut_6.csv::w2,data\raw\SmellNet\base_data\testing\pili_nut\pili_nut_6.csv,pili_nut,train
pili_nut_6.csv::w3,data\raw\SmellNet\base_data\testing\pili_nut\pili_nut_6.csv,pili_nut,train
pili_nut_6.csv::w4,data\raw\SmellNet\base_data\testing\pili_nut\pili_nut_6.csv,pili_nut,train
pili_nut_6.csv::w5,data\raw\SmellNet\base_data\testing\pili_nut\pili_nut_6.csv,pili_nut,train
pili_nut_6.csv::w6,data\raw\SmellNet\base_data\testing\pili_nut\pili_nut_6.csv,pili_nut,train
pineapple_6.csv::w0,data\raw\SmellNet\base_data\testing\pineapple\pineapple_6.csv,pineapple,train
pineapple_6.csv::w1,data\raw\SmellNet\base_data\testing\pineapple\pineapple_6.csv,pineapple,train
pineapple_6.csv::w2,data\raw\SmellNet\base_data\testing\pineapple\pineapple_6.csv,pineapple,train
pineapple_6.csv::w3,data\raw\SmellNet\base_data\testing\pineapple\pineapple_6.csv,pineapple,train
pineapple_6.csv::w4,data\raw\SmellNet\base_data\testing\pineapple\pineapple_6.csv,pineapple,train
pineapple_6.csv::w5,data\raw\SmellNet\base_data\testing\pineapple\pineapple_6.csv,pineapple,train
pineapple_6.csv::w6,data\raw\SmellNet\base_data\testing\pineapple\pineapple_6.csv,pineapple,train
pistachios_6.csv::w0,data\raw\SmellNet\base_data\testing\pistachios\pistachios_6.csv,pistachios,train
pistachios_6.csv::w1,data\raw\SmellNet\base_data\testing\pistachios\pistachios_6.csv,pistachios,train
pistachios_6.csv::w2,data\raw\SmellNet\base_data\testing\pistachios\pistachios_6.csv,pistachios,train
pistachios_6.csv::w3,data\raw\SmellNet\base_data\testing\pistachios\pistachios_6.csv,pistachios,train
pistachios_6.csv::w4,data\raw\SmellNet\base_data\testing\pistachios\pistachios_6.csv,pistachios,train
pistachios_6.csv::w5,data\raw\SmellNet\base_data\testing\pistachios\pistachios_6.csv,pistachios,train
pistachios_6.csv::w6,data\raw\SmellNet\base_data\testing\pistachios\pistachios_6.csv,pistachios,train
potato_6.csv::w0,data\raw\SmellNet\base_data\testing\potato\potato_6.csv,potato,train
potato_6.csv::w1,data\raw\SmellNet\base_data\testing\potato\potato_6.csv,potato,train
potato_6.csv::w2,data\raw\SmellNet\base_data\testing\potato\potato_6.csv,potato,train
potato_6.csv::w3,data\raw\SmellNet\base_data\testing\potato\potato_6.csv,potato,train
potato_6.csv::w4,data\raw\SmellNet\base_data\testing\potato\potato_6.csv,potato,train
potato_6.csv::w5,data\raw\SmellNet\base_data\testing\potato\potato_6.csv,potato,train
potato_6.csv::w6,data\raw\SmellNet\base_data\testing\potato\potato_6.csv,potato,train
radish_6.csv::w0,data\raw\SmellNet\base_data\testing\radish\radish_6.csv,radish,test
radish_6.csv::w1,data\raw\SmellNet\base_data\testing\radish\radish_6.csv,radish,test
radish_6.csv::w2,data\raw\SmellNet\base_data\testing\radish\radish_6.csv,radish,test
radish_6.csv::w3,data\raw\SmellNet\base_data\testing\radish\radish_6.csv,radish,test
radish_6.csv::w4,data\raw\SmellNet\base_data\testing\radish\radish_6.csv,radish,test
radish_6.csv::w5,data\raw\SmellNet\base_data\testing\radish\radish_6.csv,radish,test
radish_6.csv::w6,data\raw\SmellNet\base_data\testing\radish\radish_6.csv,radish,test
saffron_6.csv::w0,data\raw\SmellNet\base_data\testing\saffron\saffron_6.csv,saffron,train
saffron_6.csv::w1,data\raw\SmellNet\base_data\testing\saffron\saffron_6.csv,saffron,train
saffron_6.csv::w2,data\raw\SmellNet\base_data\testing\saffron\saffron_6.csv,saffron,train
saffron_6.csv::w3,data\raw\SmellNet\base_data\testing\saffron\saffron_6.csv,saffron,train
saffron_6.csv::w4,data\raw\SmellNet\base_data\testing\saffron\saffron_6.csv,saffron,train
saffron_6.csv::w5,data\raw\SmellNet\base_data\testing\saffron\saffron_6.csv,saffron,train
saffron_6.csv::w6,data\raw\SmellNet\base_data\testing\saffron\saffron_6.csv,saffron,train
star_anise_6.csv::w0,data\raw\SmellNet\base_data\testing\star_anise\star_anise_6.csv,star_anise,train
star_anise_6.csv::w1,data\raw\SmellNet\base_data\testing\star_anise\star_anise_6.csv,star_anise,train
star_anise_6.csv::w2,data\raw\SmellNet\base_data\testing\star_anise\star_anise_6.csv,star_anise,train
star_anise_6.csv::w3,data\raw\SmellNet\base_data\testing\star_anise\star_anise_6.csv,star_anise,train
star_anise_6.csv::w4,data\raw\SmellNet\base_data\testing\star_anise\star_anise_6.csv,star_anise,train
star_anise_6.csv::w5,data\raw\SmellNet\base_data\testing\star_anise\star_anise_6.csv,star_anise,train
star_anise_6.csv::w6,data\raw\SmellNet\base_data\testing\star_anise\star_anise_6.csv,star_anise,train
strawberry_6.csv::w0,data\raw\SmellNet\base_data\testing\strawberry\strawberry_6.csv,strawberry,test
strawberry_6.csv::w1,data\raw\SmellNet\base_data\testing\strawberry\strawberry_6.csv,strawberry,test
strawberry_6.csv::w2,data\raw\SmellNet\base_data\testing\strawberry\strawberry_6.csv,strawberry,test
strawberry_6.csv::w3,data\raw\SmellNet\base_data\testing\strawberry\strawberry_6.csv,strawberry,test
strawberry_6.csv::w4,data\raw\SmellNet\base_data\testing\strawberry\strawberry_6.csv,strawberry,test
strawberry_6.csv::w5,data\raw\SmellNet\base_data\testing\strawberry\strawberry_6.csv,strawberry,test
strawberry_6.csv::w6,data\raw\SmellNet\base_data\testing\strawberry\strawberry_6.csv,strawberry,test
sweet_potato_6.csv::w0,data\raw\SmellNet\base_data\testing\sweet_potato\sweet_potato_6.csv,sweet_potato,test
sweet_potato_6.csv::w1,data\raw\SmellNet\base_data\testing\sweet_potato\sweet_potato_6.csv,sweet_potato,test
sweet_potato_6.csv::w2,data\raw\SmellNet\base_data\testing\sweet_potato\sweet_potato_6.csv,sweet_potato,test
sweet_potato_6.csv::w3,data\raw\SmellNet\base_data\testing\sweet_potato\sweet_potato_6.csv,sweet_potato,test
sweet_potato_6.csv::w4,data\raw\SmellNet\base_data\testing\sweet_potato\sweet_potato_6.csv,sweet_potato,test
sweet_potato_6.csv::w5,data\raw\SmellNet\base_data\testing\sweet_potato\sweet_potato_6.csv,sweet_potato,test
sweet_potato_6.csv::w6,data\raw\SmellNet\base_data\testing\sweet_potato\sweet_potato_6.csv,sweet_potato,test
tomato_6.csv::w0,data\raw\SmellNet\base_data\testing\tomato\tomato_6.csv,tomato,train
tomato_6.csv::w1,data\raw\SmellNet\base_data\testing\tomato\tomato_6.csv,tomato,train
tomato_6.csv::w2,data\raw\SmellNet\base_data\testing\tomato\tomato_6.csv,tomato,train
tomato_6.csv::w3,data\raw\SmellNet\base_data\testing\tomato\tomato_6.csv,tomato,train
tomato_6.csv::w4,data\raw\SmellNet\base_data\testing\tomato\tomato_6.csv,tomato,train
tomato_6.csv::w5,data\raw\SmellNet\base_data\testing\tomato\tomato_6.csv,tomato,train
tomato_6.csv::w6,data\raw\SmellNet\base_data\testing\tomato\tomato_6.csv,tomato,train
turnip_6.csv::w0,data\raw\SmellNet\base_data\testing\turnip\turnip_6.csv,turnip,val
turnip_6.csv::w1,data\raw\SmellNet\base_data\testing\turnip\turnip_6.csv,turnip,val
turnip_6.csv::w2,data\raw\SmellNet\base_data\testing\turnip\turnip_6.csv,turnip,val
turnip_6.csv::w3,data\raw\SmellNet\base_data\testing\turnip\turnip_6.csv,turnip,val
turnip_6.csv::w4,data\raw\SmellNet\base_data\testing\turnip\turnip_6.csv,turnip,val
turnip_6.csv::w5,data\raw\SmellNet\base_data\testing\turnip\turnip_6.csv,turnip,val
turnip_6.csv::w6,data\raw\SmellNet\base_data\testing\turnip\turnip_6.csv,turnip,val
walnuts_6.csv::w0,data\raw\SmellNet\base_data\testing\walnuts\walnuts_6.csv,walnuts,train
walnuts_6.csv::w1,data\raw\SmellNet\base_data\testing\walnuts\walnuts_6.csv,walnuts,train
walnuts_6.csv::w2,data\raw\SmellNet\base_data\testing\walnuts\walnuts_6.csv,walnuts,train
walnuts_6.csv::w3,data\raw\SmellNet\base_data\testing\walnuts\walnuts_6.csv,walnuts,train
walnuts_6.csv::w4,data\raw\SmellNet\base_data\testing\walnuts\walnuts_6.csv,walnuts,train
walnuts_6.csv::w5,data\raw\SmellNet\base_data\testing\walnuts\walnuts_6.csv,walnuts,train
walnuts_6.csv::w6,data\raw\SmellNet\base_data\testing\walnuts\walnuts_6.csv,walnuts,train
allspice_1.csv::w0,data\raw\SmellNet\base_data\training\allspice\allspice_1.csv,allspice,train
allspice_1.csv::w1,data\raw\SmellNet\base_data\training\allspice\allspice_1.csv,allspice,train
allspice_1.csv::w2,data\raw\SmellNet\base_data\training\allspice\allspice_1.csv,allspice,train
allspice_1.csv::w3,data\raw\SmellNet\base_data\training\allspice\allspice_1.csv,allspice,train
allspice_1.csv::w4,data\raw\SmellNet\base_data\training\allspice\allspice_1.csv,allspice,train
allspice_1.csv::w5,data\raw\SmellNet\base_data\training\allspice\allspice_1.csv,allspice,train
allspice_1.csv::w6,data\raw\SmellNet\base_data\training\allspice\allspice_1.csv,allspice,train
allspice_2.csv::w0,data\raw\SmellNet\base_data\training\allspice\allspice_2.csv,allspice,train
allspice_2.csv::w1,data\raw\SmellNet\base_data\training\allspice\allspice_2.csv,allspice,train
allspice_2.csv::w2,data\raw\SmellNet\base_data\training\allspice\allspice_2.csv,allspice,train
allspice_2.csv::w3,data\raw\SmellNet\base_data\training\allspice\allspice_2.csv,allspice,train
allspice_2.csv::w4,data\raw\SmellNet\base_data\training\allspice\allspice_2.csv,allspice,train
allspice_2.csv::w5,data\raw\SmellNet\base_data\training\allspice\allspice_2.csv,allspice,train
allspice_2.csv::w6,data\raw\SmellNet\base_data\training\allspice\allspice_2.csv,allspice,train
allspice_3.csv::w0,data\raw\SmellNet\base_data\training\allspice\allspice_3.csv,allspice,train
allspice_3.csv::w1,data\raw\SmellNet\base_data\training\allspice\allspice_3.csv,allspice,train
allspice_3.csv::w2,data\raw\SmellNet\base_data\training\allspice\allspice_3.csv,allspice,train
allspice_3.csv::w3,data\raw\SmellNet\base_data\training\allspice\allspice_3.csv,allspice,train
allspice_3.csv::w4,data\raw\SmellNet\base_data\training\allspice\allspice_3.csv,allspice,train
allspice_3.csv::w5,data\raw\SmellNet\base_data\training\allspice\allspice_3.csv,allspice,train
allspice_3.csv::w6,data\raw\SmellNet\base_data\training\allspice\allspice_3.csv,allspice,train
allspice_4.csv::w0,data\raw\SmellNet\base_data\training\allspice\allspice_4.csv,allspice,train
allspice_4.csv::w1,data\raw\SmellNet\base_data\training\allspice\allspice_4.csv,allspice,train
allspice_4.csv::w2,data\raw\SmellNet\base_data\training\allspice\allspice_4.csv,allspice,train
allspice_4.csv::w3,data\raw\SmellNet\base_data\training\allspice\allspice_4.csv,allspice,train
allspice_4.csv::w4,data\raw\SmellNet\base_data\training\allspice\allspice_4.csv,allspice,train
allspice_4.csv::w5,data\raw\SmellNet\base_data\training\allspice\allspice_4.csv,allspice,train
allspice_4.csv::w6,data\raw\SmellNet\base_data\training\allspice\allspice_4.csv,allspice,train
allspice_5.csv::w0,data\raw\SmellNet\base_data\training\allspice\allspice_5.csv,allspice,train
allspice_5.csv::w1,data\raw\SmellNet\base_data\training\allspice\allspice_5.csv,allspice,train
allspice_5.csv::w2,data\raw\SmellNet\base_data\training\allspice\allspice_5.csv,allspice,train
allspice_5.csv::w3,data\raw\SmellNet\base_data\training\allspice\allspice_5.csv,allspice,train
allspice_5.csv::w4,data\raw\SmellNet\base_data\training\allspice\allspice_5.csv,allspice,train
allspice_5.csv::w5,data\raw\SmellNet\base_data\training\allspice\allspice_5.csv,allspice,train
allspice_5.csv::w6,data\raw\SmellNet\base_data\training\allspice\allspice_5.csv,allspice,train
almond_1.csv::w0,data\raw\SmellNet\base_data\training\almond\almond_1.csv,almond,val
almond_1.csv::w1,data\raw\SmellNet\base_data\training\almond\almond_1.csv,almond,val
almond_1.csv::w2,data\raw\SmellNet\base_data\training\almond\almond_1.csv,almond,val
almond_1.csv::w3,data\raw\SmellNet\base_data\training\almond\almond_1.csv,almond,val
almond_1.csv::w4,data\raw\SmellNet\base_data\training\almond\almond_1.csv,almond,val
almond_1.csv::w5,data\raw\SmellNet\base_data\training\almond\almond_1.csv,almond,val
almond_1.csv::w6,data\raw\SmellNet\base_data\training\almond\almond_1.csv,almond,val
almond_2.csv::w0,data\raw\SmellNet\base_data\training\almond\almond_2.csv,almond,train
almond_2.csv::w1,data\raw\SmellNet\base_data\training\almond\almond_2.csv,almond,train
almond_2.csv::w2,data\raw\SmellNet\base_data\training\almond\almond_2.csv,almond,train
almond_2.csv::w3,data\raw\SmellNet\base_data\training\almond\almond_2.csv,almond,train
almond_2.csv::w4,data\raw\SmellNet\base_data\training\almond\almond_2.csv,almond,train
almond_2.csv::w5,data\raw\SmellNet\base_data\training\almond\almond_2.csv,almond,train
almond_2.csv::w6,data\raw\SmellNet\base_data\training\almond\almond_2.csv,almond,train
almond_3.csv::w0,data\raw\SmellNet\base_data\training\almond\almond_3.csv,almond,test
almond_3.csv::w1,data\raw\SmellNet\base_data\training\almond\almond_3.csv,almond,test
almond_3.csv::w2,data\raw\SmellNet\base_data\training\almond\almond_3.csv,almond,test
almond_3.csv::w3,data\raw\SmellNet\base_data\training\almond\almond_3.csv,almond,test
almond_3.csv::w4,data\raw\SmellNet\base_data\training\almond\almond_3.csv,almond,test
almond_3.csv::w5,data\raw\SmellNet\base_data\training\almond\almond_3.csv,almond,test
almond_3.csv::w6,data\raw\SmellNet\base_data\training\almond\almond_3.csv,almond,test
almond_4.csv::w0,data\raw\SmellNet\base_data\training\almond\almond_4.csv,almond,train
almond_4.csv::w1,data\raw\SmellNet\base_data\training\almond\almond_4.csv,almond,train
almond_4.csv::w2,data\raw\SmellNet\base_data\training\almond\almond_4.csv,almond,train
almond_4.csv::w3,data\raw\SmellNet\base_data\training\almond\almond_4.csv,almond,train
almond_4.csv::w4,data\raw\SmellNet\base_data\training\almond\almond_4.csv,almond,train
almond_4.csv::w5,data\raw\SmellNet\base_data\training\almond\almond_4.csv,almond,train
almond_4.csv::w6,data\raw\SmellNet\base_data\training\almond\almond_4.csv,almond,train
almond_5.csv::w0,data\raw\SmellNet\base_data\training\almond\almond_5.csv,almond,train
almond_5.csv::w1,data\raw\SmellNet\base_data\training\almond\almond_5.csv,almond,train
almond_5.csv::w2,data\raw\SmellNet\base_data\training\almond\almond_5.csv,almond,train
almond_5.csv::w3,data\raw\SmellNet\base_data\training\almond\almond_5.csv,almond,train
almond_5.csv::w4,data\raw\SmellNet\base_data\training\almond\almond_5.csv,almond,train
almond_5.csv::w5,data\raw\SmellNet\base_data\training\almond\almond_5.csv,almond,train
almond_5.csv::w6,data\raw\SmellNet\base_data\training\almond\almond_5.csv,almond,train
angelica_1.csv::w0,data\raw\SmellNet\base_data\training\angelica\angelica_1.csv,angelica,test
angelica_1.csv::w1,data\raw\SmellNet\base_data\training\angelica\angelica_1.csv,angelica,test
angelica_1.csv::w2,data\raw\SmellNet\base_data\training\angelica\angelica_1.csv,angelica,test
angelica_1.csv::w3,data\raw\SmellNet\base_data\training\angelica\angelica_1.csv,angelica,test
angelica_1.csv::w4,data\raw\SmellNet\base_data\training\angelica\angelica_1.csv,angelica,test
angelica_1.csv::w5,data\raw\SmellNet\base_data\training\angelica\angelica_1.csv,angelica,test
angelica_1.csv::w6,data\raw\SmellNet\base_data\training\angelica\angelica_1.csv,angelica,test
angelica_2.csv::w0,data\raw\SmellNet\base_data\training\angelica\angelica_2.csv,angelica,train
angelica_2.csv::w1,data\raw\SmellNet\base_data\training\angelica\angelica_2.csv,angelica,train
angelica_2.csv::w2,data\raw\SmellNet\base_data\training\angelica\angelica_2.csv,angelica,train
angelica_2.csv::w3,data\raw\SmellNet\base_data\training\angelica\angelica_2.csv,angelica,train
angelica_2.csv::w4,data\raw\SmellNet\base_data\training\angelica\angelica_2.csv,angelica,train
angelica_2.csv::w5,data\raw\SmellNet\base_data\training\angelica\angelica_2.csv,angelica,train
angelica_2.csv::w6,data\raw\SmellNet\base_data\training\angelica\angelica_2.csv,angelica,train
angelica_3.csv::w0,data\raw\SmellNet\base_data\training\angelica\angelica_3.csv,angelica,train
angelica_3.csv::w1,data\raw\SmellNet\base_data\training\angelica\angelica_3.csv,angelica,train
angelica_3.csv::w2,data\raw\SmellNet\base_data\training\angelica\angelica_3.csv,angelica,train
angelica_3.csv::w3,data\raw\SmellNet\base_data\training\angelica\angelica_3.csv,angelica,train
angelica_3.csv::w4,data\raw\SmellNet\base_data\training\angelica\angelica_3.csv,angelica,train
angelica_3.csv::w5,data\raw\SmellNet\base_data\training\angelica\angelica_3.csv,angelica,train
angelica_3.csv::w6,data\raw\SmellNet\base_data\training\angelica\angelica_3.csv,angelica,train
angelica_4.csv::w0,data\raw\SmellNet\base_data\training\angelica\angelica_4.csv,angelica,test
angelica_4.csv::w1,data\raw\SmellNet\base_data\training\angelica\angelica_4.csv,angelica,test
angelica_4.csv::w2,data\raw\SmellNet\base_data\training\angelica\angelica_4.csv,angelica,test
angelica_4.csv::w3,data\raw\SmellNet\base_data\training\angelica\angelica_4.csv,angelica,test
angelica_4.csv::w4,data\raw\SmellNet\base_data\training\angelica\angelica_4.csv,angelica,test
angelica_4.csv::w5,data\raw\SmellNet\base_data\training\angelica\angelica_4.csv,angelica,test
angelica_4.csv::w6,data\raw\SmellNet\base_data\training\angelica\angelica_4.csv,angelica,test
angelica_5.csv::w0,data\raw\SmellNet\base_data\training\angelica\angelica_5.csv,angelica,train
angelica_5.csv::w1,data\raw\SmellNet\base_data\training\angelica\angelica_5.csv,angelica,train
angelica_5.csv::w2,data\raw\SmellNet\base_data\training\angelica\angelica_5.csv,angelica,train
angelica_5.csv::w3,data\raw\SmellNet\base_data\training\angelica\angelica_5.csv,angelica,train
angelica_5.csv::w4,data\raw\SmellNet\base_data\training\angelica\angelica_5.csv,angelica,train
angelica_5.csv::w5,data\raw\SmellNet\base_data\training\angelica\angelica_5.csv,angelica,train
angelica_5.csv::w6,data\raw\SmellNet\base_data\training\angelica\angelica_5.csv,angelica,train
apple_1.csv::w0,data\raw\SmellNet\base_data\training\apple\apple_1.csv,apple,train
apple_1.csv::w1,data\raw\SmellNet\base_data\training\apple\apple_1.csv,apple,train
apple_1.csv::w2,data\raw\SmellNet\base_data\training\apple\apple_1.csv,apple,train
apple_1.csv::w3,data\raw\SmellNet\base_data\training\apple\apple_1.csv,apple,train
apple_1.csv::w4,data\raw\SmellNet\base_data\training\apple\apple_1.csv,apple,train
apple_1.csv::w5,data\raw\SmellNet\base_data\training\apple\apple_1.csv,apple,train
apple_1.csv::w6,data\raw\SmellNet\base_data\training\apple\apple_1.csv,apple,train
apple_2.csv::w0,data\raw\SmellNet\base_data\training\apple\apple_2.csv,apple,train
apple_2.csv::w1,data\raw\SmellNet\base_data\training\apple\apple_2.csv,apple,train
apple_2.csv::w2,data\raw\SmellNet\base_data\training\apple\apple_2.csv,apple,train
apple_2.csv::w3,data\raw\SmellNet\base_data\training\apple\apple_2.csv,apple,train
apple_2.csv::w4,data\raw\SmellNet\base_data\training\apple\apple_2.csv,apple,train
apple_2.csv::w5,data\raw\SmellNet\base_data\training\apple\apple_2.csv,apple,train
apple_2.csv::w6,data\raw\SmellNet\base_data\training\apple\apple_2.csv,apple,train
apple_3.csv::w0,data\raw\SmellNet\base_data\training\apple\apple_3.csv,apple,train
apple_3.csv::w1,data\raw\SmellNet\base_data\training\apple\apple_3.csv,apple,train
apple_3.csv::w2,data\raw\SmellNet\base_data\training\apple\apple_3.csv,apple,train
apple_3.csv::w3,data\raw\SmellNet\base_data\training\apple\apple_3.csv,apple,train
apple_3.csv::w4,data\raw\SmellNet\base_data\training\apple\apple_3.csv,apple,train
apple_3.csv::w5,data\raw\SmellNet\base_data\training\apple\apple_3.csv,apple,train
apple_3.csv::w6,data\raw\SmellNet\base_data\training\apple\apple_3.csv,apple,train
apple_4.csv::w0,data\raw\SmellNet\base_data\training\apple\apple_4.csv,apple,val
apple_4.csv::w1,data\raw\SmellNet\base_data\training\apple\apple_4.csv,apple,val
apple_4.csv::w2,data\raw\SmellNet\base_data\training\apple\apple_4.csv,apple,val
apple_4.csv::w3,data\raw\SmellNet\base_data\training\apple\apple_4.csv,apple,val
apple_4.csv::w4,data\raw\SmellNet\base_data\training\apple\apple_4.csv,apple,val
apple_4.csv::w5,data\raw\SmellNet\base_data\training\apple\apple_4.csv,apple,val
apple_4.csv::w6,data\raw\SmellNet\base_data\training\apple\apple_4.csv,apple,val
apple_5.csv::w0,data\raw\SmellNet\base_data\training\apple\apple_5.csv,apple,train
apple_5.csv::w1,data\raw\SmellNet\base_data\training\apple\apple_5.csv,apple,train
apple_5.csv::w2,data\raw\SmellNet\base_data\training\apple\apple_5.csv,apple,train
apple_5.csv::w3,data\raw\SmellNet\base_data\training\apple\apple_5.csv,apple,train
apple_5.csv::w4,data\raw\SmellNet\base_data\training\apple\apple_5.csv,apple,train
apple_5.csv::w5,data\raw\SmellNet\base_data\training\apple\apple_5.csv,apple,train
apple_5.csv::w6,data\raw\SmellNet\base_data\training\apple\apple_5.csv,apple,train
asparagus_1.csv::w0,data\raw\SmellNet\base_data\training\asparagus\asparagus_1.csv,asparagus,train
asparagus_1.csv::w1,data\raw\SmellNet\base_data\training\asparagus\asparagus_1.csv,asparagus,train
asparagus_1.csv::w2,data\raw\SmellNet\base_data\training\asparagus\asparagus_1.csv,asparagus,train
asparagus_1.csv::w3,data\raw\SmellNet\base_data\training\asparagus\asparagus_1.csv,asparagus,train
asparagus_1.csv::w4,data\raw\SmellNet\base_data\training\asparagus\asparagus_1.csv,asparagus,train
asparagus_1.csv::w5,data\raw\SmellNet\base_data\training\asparagus\asparagus_1.csv,asparagus,train
asparagus_1.csv::w6,data\raw\SmellNet\base_data\training\asparagus\asparagus_1.csv,asparagus,train
asparagus_2.csv::w0,data\raw\SmellNet\base_data\training\asparagus\asparagus_2.csv,asparagus,train
asparagus_2.csv::w1,data\raw\SmellNet\base_data\training\asparagus\asparagus_2.csv,asparagus,train
asparagus_2.csv::w2,data\raw\SmellNet\base_data\training\asparagus\asparagus_2.csv,asparagus,train
asparagus_2.csv::w3,data\raw\SmellNet\base_data\training\asparagus\asparagus_2.csv,asparagus,train
asparagus_2.csv::w4,data\raw\SmellNet\base_data\training\asparagus\asparagus_2.csv,asparagus,train
asparagus_2.csv::w5,data\raw\SmellNet\base_data\training\asparagus\asparagus_2.csv,asparagus,train
asparagus_2.csv::w6,data\raw\SmellNet\base_data\training\asparagus\asparagus_2.csv,asparagus,train
asparagus_3.csv::w0,data\raw\SmellNet\base_data\training\asparagus\asparagus_3.csv,asparagus,train
asparagus_3.csv::w1,data\raw\SmellNet\base_data\training\asparagus\asparagus_3.csv,asparagus,train
asparagus_3.csv::w2,data\raw\SmellNet\base_data\training\asparagus\asparagus_3.csv,asparagus,train
asparagus_3.csv::w3,data\raw\SmellNet\base_data\training\asparagus\asparagus_3.csv,asparagus,train
asparagus_3.csv::w4,data\raw\SmellNet\base_data\training\asparagus\asparagus_3.csv,asparagus,train
asparagus_3.csv::w5,data\raw\SmellNet\base_data\training\asparagus\asparagus_3.csv,asparagus,train
asparagus_3.csv::w6,data\raw\SmellNet\base_data\training\asparagus\asparagus_3.csv,asparagus,train
asparagus_4.csv::w0,data\raw\SmellNet\base_data\training\asparagus\asparagus_4.csv,asparagus,test
asparagus_4.csv::w1,data\raw\SmellNet\base_data\training\asparagus\asparagus_4.csv,asparagus,test
asparagus_4.csv::w2,data\raw\SmellNet\base_data\training\asparagus\asparagus_4.csv,asparagus,test
asparagus_4.csv::w3,data\raw\SmellNet\base_data\training\asparagus\asparagus_4.csv,asparagus,test
asparagus_4.csv::w4,data\raw\SmellNet\base_data\training\asparagus\asparagus_4.csv,asparagus,test
asparagus_4.csv::w5,data\raw\SmellNet\base_data\training\asparagus\asparagus_4.csv,asparagus,test
asparagus_4.csv::w6,data\raw\SmellNet\base_data\training\asparagus\asparagus_4.csv,asparagus,test
asparagus_5.csv::w0,data\raw\SmellNet\base_data\training\asparagus\asparagus_5.csv,asparagus,val
asparagus_5.csv::w1,data\raw\SmellNet\base_data\training\asparagus\asparagus_5.csv,asparagus,val
asparagus_5.csv::w2,data\raw\SmellNet\base_data\training\asparagus\asparagus_5.csv,asparagus,val
asparagus_5.csv::w3,data\raw\SmellNet\base_data\training\asparagus\asparagus_5.csv,asparagus,val
asparagus_5.csv::w4,data\raw\SmellNet\base_data\training\asparagus\asparagus_5.csv,asparagus,val
asparagus_5.csv::w5,data\raw\SmellNet\base_data\training\asparagus\asparagus_5.csv,asparagus,val
asparagus_5.csv::w6,data\raw\SmellNet\base_data\training\asparagus\asparagus_5.csv,asparagus,val
avocado_1.csv::w0,data\raw\SmellNet\base_data\training\avocado\avocado_1.csv,avocado,test
avocado_1.csv::w1,data\raw\SmellNet\base_data\training\avocado\avocado_1.csv,avocado,test
avocado_1.csv::w2,data\raw\SmellNet\base_data\training\avocado\avocado_1.csv,avocado,test
avocado_1.csv::w3,data\raw\SmellNet\base_data\training\avocado\avocado_1.csv,avocado,test
avocado_1.csv::w4,data\raw\SmellNet\base_data\training\avocado\avocado_1.csv,avocado,test
avocado_1.csv::w5,data\raw\SmellNet\base_data\training\avocado\avocado_1.csv,avocado,test
avocado_1.csv::w6,data\raw\SmellNet\base_data\training\avocado\avocado_1.csv,avocado,test
avocado_2.csv::w0,data\raw\SmellNet\base_data\training\avocado\avocado_2.csv,avocado,test
avocado_2.csv::w1,data\raw\SmellNet\base_data\training\avocado\avocado_2.csv,avocado,test
avocado_2.csv::w2,data\raw\SmellNet\base_data\training\avocado\avocado_2.csv,avocado,test
avocado_2.csv::w3,data\raw\SmellNet\base_data\training\avocado\avocado_2.csv,avocado,test
avocado_2.csv::w4,data\raw\SmellNet\base_data\training\avocado\avocado_2.csv,avocado,test
avocado_2.csv::w5,data\raw\SmellNet\base_data\training\avocado\avocado_2.csv,avocado,test
avocado_2.csv::w6,data\raw\SmellNet\base_data\training\avocado\avocado_2.csv,avocado,test
avocado_3.csv::w0,data\raw\SmellNet\base_data\training\avocado\avocado_3.csv,avocado,test
avocado_3.csv::w1,data\raw\SmellNet\base_data\training\avocado\avocado_3.csv,avocado,test
avocado_3.csv::w2,data\raw\SmellNet\base_data\training\avocado\avocado_3.csv,avocado,test
avocado_3.csv::w3,data\raw\SmellNet\base_data\training\avocado\avocado_3.csv,avocado,test
avocado_3.csv::w4,data\raw\SmellNet\base_data\training\avocado\avocado_3.csv,avocado,test
avocado_3.csv::w5,data\raw\SmellNet\base_data\training\avocado\avocado_3.csv,avocado,test
avocado_3.csv::w6,data\raw\SmellNet\base_data\training\avocado\avocado_3.csv,avocado,test
avocado_4.csv::w0,data\raw\SmellNet\base_data\training\avocado\avocado_4.csv,avocado,test
avocado_4.csv::w1,data\raw\SmellNet\base_data\training\avocado\avocado_4.csv,avocado,test
avocado_4.csv::w2,data\raw\SmellNet\base_data\training\avocado\avocado_4.csv,avocado,test
avocado_4.csv::w3,data\raw\SmellNet\base_data\training\avocado\avocado_4.csv,avocado,test
avocado_4.csv::w4,data\raw\SmellNet\base_data\training\avocado\avocado_4.csv,avocado,test
avocado_4.csv::w5,data\raw\SmellNet\base_data\training\avocado\avocado_4.csv,avocado,test
avocado_4.csv::w6,data\raw\SmellNet\base_data\training\avocado\avocado_4.csv,avocado,test
avocado_5.csv::w0,data\raw\SmellNet\base_data\training\avocado\avocado_5.csv,avocado,train
avocado_5.csv::w1,data\raw\SmellNet\base_data\training\avocado\avocado_5.csv,avocado,train
avocado_5.csv::w2,data\raw\SmellNet\base_data\training\avocado\avocado_5.csv,avocado,train
avocado_5.csv::w3,data\raw\SmellNet\base_data\training\avocado\avocado_5.csv,avocado,train
avocado_5.csv::w4,data\raw\SmellNet\base_data\training\avocado\avocado_5.csv,avocado,train
avocado_5.csv::w5,data\raw\SmellNet\base_data\training\avocado\avocado_5.csv,avocado,train
avocado_5.csv::w6,data\raw\SmellNet\base_data\training\avocado\avocado_5.csv,avocado,train
banana_1.csv::w0,data\raw\SmellNet\base_data\training\banana\banana_1.csv,banana,train
banana_1.csv::w1,data\raw\SmellNet\base_data\training\banana\banana_1.csv,banana,train
banana_1.csv::w2,data\raw\SmellNet\base_data\training\banana\banana_1.csv,banana,train
banana_1.csv::w3,data\raw\SmellNet\base_data\training\banana\banana_1.csv,banana,train
banana_1.csv::w4,data\raw\SmellNet\base_data\training\banana\banana_1.csv,banana,train
banana_1.csv::w5,data\raw\SmellNet\base_data\training\banana\banana_1.csv,banana,train
banana_1.csv::w6,data\raw\SmellNet\base_data\training\banana\banana_1.csv,banana,train
banana_2.csv::w0,data\raw\SmellNet\base_data\training\banana\banana_2.csv,banana,train
banana_2.csv::w1,data\raw\SmellNet\base_data\training\banana\banana_2.csv,banana,train
banana_2.csv::w2,data\raw\SmellNet\base_data\training\banana\banana_2.csv,banana,train
banana_2.csv::w3,data\raw\SmellNet\base_data\training\banana\banana_2.csv,banana,train
banana_2.csv::w4,data\raw\SmellNet\base_data\training\banana\banana_2.csv,banana,train
banana_2.csv::w5,data\raw\SmellNet\base_data\training\banana\banana_2.csv,banana,train
banana_2.csv::w6,data\raw\SmellNet\base_data\training\banana\banana_2.csv,banana,train
banana_3.csv::w0,data\raw\SmellNet\base_data\training\banana\banana_3.csv,banana,train
banana_3.csv::w1,data\raw\SmellNet\base_data\training\banana\banana_3.csv,banana,train
banana_3.csv::w2,data\raw\SmellNet\base_data\training\banana\banana_3.csv,banana,train
banana_3.csv::w3,data\raw\SmellNet\base_data\training\banana\banana_3.csv,banana,train
banana_3.csv::w4,data\raw\SmellNet\base_data\training\banana\banana_3.csv,banana,train
banana_3.csv::w5,data\raw\SmellNet\base_data\training\banana\banana_3.csv,banana,train
banana_3.csv::w6,data\raw\SmellNet\base_data\training\banana\banana_3.csv,banana,train
banana_4.csv::w0,data\raw\SmellNet\base_data\training\banana\banana_4.csv,banana,train
banana_4.csv::w1,data\raw\SmellNet\base_data\training\banana\banana_4.csv,banana,train
banana_4.csv::w2,data\raw\SmellNet\base_data\training\banana\banana_4.csv,banana,train
banana_4.csv::w3,data\raw\SmellNet\base_data\training\banana\banana_4.csv,banana,train
banana_4.csv::w4,data\raw\SmellNet\base_data\training\banana\banana_4.csv,banana,train
banana_4.csv::w5,data\raw\SmellNet\base_data\training\banana\banana_4.csv,banana,train
banana_4.csv::w6,data\raw\SmellNet\base_data\training\banana\banana_4.csv,banana,train
banana_5.csv::w0,data\raw\SmellNet\base_data\training\banana\banana_5.csv,banana,val
banana_5.csv::w1,data\raw\SmellNet\base_data\training\banana\banana_5.csv,banana,val
banana_5.csv::w2,data\raw\SmellNet\base_data\training\banana\banana_5.csv,banana,val
banana_5.csv::w3,data\raw\SmellNet\base_data\training\banana\banana_5.csv,banana,val
banana_5.csv::w4,data\raw\SmellNet\base_data\training\banana\banana_5.csv,banana,val
banana_5.csv::w5,data\raw\SmellNet\base_data\training\banana\banana_5.csv,banana,val
banana_5.csv::w6,data\raw\SmellNet\base_data\training\banana\banana_5.csv,banana,val
brazil_nut_1.csv::w0,data\raw\SmellNet\base_data\training\brazil_nut\brazil_nut_1.csv,brazil_nut,train
brazil_nut_1.csv::w1,data\raw\SmellNet\base_data\training\brazil_nut\brazil_nut_1.csv,brazil_nut,train
brazil_nut_1.csv::w2,data\raw\SmellNet\base_data\training\brazil_nut\brazil_nut_1.csv,brazil_nut,train
brazil_nut_1.csv::w3,data\raw\SmellNet\base_data\training\brazil_nut\brazil_nut_1.csv,brazil_nut,train
brazil_nut_1.csv::w4,data\raw\SmellNet\base_data\training\brazil_nut\brazil_nut_1.csv,brazil_nut,train
brazil_nut_1.csv::w5,data\raw\SmellNet\base_data\training\brazil_nut\brazil_nut_1.csv,brazil_nut,train
brazil_nut_1.csv::w6,data\raw\SmellNet\base_data\training\brazil_nut\brazil_nut_1.csv,brazil_nut,train
brazil_nut_2.csv::w0,data\raw\SmellNet\base_data\training\brazil_nut\brazil_nut_2.csv,brazil_nut,train
brazil_nut_2.csv::w1,data\raw\SmellNet\base_data\training\brazil_nut\brazil_nut_2.csv,brazil_nut,train
brazil_nut_2.csv::w2,data\raw\SmellNet\base_data\training\brazil_nut\brazil_nut_2.csv,brazil_nut,train
brazil_nut_2.csv::w3,data\raw\SmellNet\base_data\training\brazil_nut\brazil_nut_2.csv,brazil_nut,train
brazil_nut_2.csv::w4,data\raw\SmellNet\base_data\training\brazil_nut\brazil_nut_2.csv,brazil_nut,train
brazil_nut_2.csv::w5,data\raw\SmellNet\base_data\training\brazil_nut\brazil_nut_2.csv,brazil_nut,train
brazil_nut_2.csv::w6,data\raw\SmellNet\base_data\training\brazil_nut\brazil_nut_2.csv,brazil_nut,train
brazil_nut_3.csv::w0,data\raw\SmellNet\base_data\training\brazil_nut\brazil_nut_3.csv,brazil_nut,val
brazil_nut_3.csv::w1,data\raw\SmellNet\base_data\training\brazil_nut\brazil_nut_3.csv,brazil_nut,val
brazil_nut_3.csv::w2,data\raw\SmellNet\base_data\training\brazil_nut\brazil_nut_3.csv,brazil_nut,val
brazil_nut_3.csv::w3,data\raw\SmellNet\base_data\training\brazil_nut\brazil_nut_3.csv,brazil_nut,val
brazil_nut_3.csv::w4,data\raw\SmellNet\base_data\training\brazil_nut\brazil_nut_3.csv,brazil_nut,val
brazil_nut_3.csv::w5,data\raw\SmellNet\base_data\training\brazil_nut\brazil_nut_3.csv,brazil_nut,val
brazil_nut_3.csv::w6,data\raw\SmellNet\base_data\training\brazil_nut\brazil_nut_3.csv,brazil_nut,val
brazil_nut_4.csv::w0,data\raw\SmellNet\base_data\training\brazil_nut\brazil_nut_4.csv,brazil_nut,train
brazil_nut_4.csv::w1,data\raw\SmellNet\base_data\training\brazil_nut\brazil_nut_4.csv,brazil_nut,train
brazil_nut_4.csv::w2,data\raw\SmellNet\base_data\training\brazil_nut\brazil_nut_4.csv,brazil_nut,train
brazil_nut_4.csv::w3,data\raw\SmellNet\base_data\training\brazil_nut\brazil_nut_4.csv,brazil_nut,train
brazil_nut_4.csv::w4,data\raw\SmellNet\base_data\training\brazil_nut\brazil_nut_4.csv,brazil_nut,train
brazil_nut_4.csv::w5,data\raw\SmellNet\base_data\training\brazil_nut\brazil_nut_4.csv,brazil_nut,train
brazil_nut_4.csv::w6,data\raw\SmellNet\base_data\training\brazil_nut\brazil_nut_4.csv,brazil_nut,train
brazil_nut_5.csv::w0,data\raw\SmellNet\base_data\training\brazil_nut\brazil_nut_5.csv,brazil_nut,train
brazil_nut_5.csv::w1,data\raw\SmellNet\base_data\training\brazil_nut\brazil_nut_5.csv,brazil_nut,train
brazil_nut_5.csv::w2,data\raw\SmellNet\base_data\training\brazil_nut\brazil_nut_5.csv,brazil_nut,train
brazil_nut_5.csv::w3,data\raw\SmellNet\base_data\training\brazil_nut\brazil_nut_5.csv,brazil_nut,train
brazil_nut_5.csv::w4,data\raw\SmellNet\base_data\training\brazil_nut\brazil_nut_5.csv,brazil_nut,train
brazil_nut_5.csv::w5,data\raw\SmellNet\base_data\training\brazil_nut\brazil_nut_5.csv,brazil_nut,train
brazil_nut_5.csv::w6,data\raw\SmellNet\base_data\training\brazil_nut\brazil_nut_5.csv,brazil_nut,train
broccoli_1.csv::w0,data\raw\SmellNet\base_data\training\broccoli\broccoli_1.csv,broccoli,test
broccoli_1.csv::w1,data\raw\SmellNet\base_data\training\broccoli\broccoli_1.csv,broccoli,test
broccoli_1.csv::w2,data\raw\SmellNet\base_data\training\broccoli\broccoli_1.csv,broccoli,test
broccoli_1.csv::w3,data\raw\SmellNet\base_data\training\broccoli\broccoli_1.csv,broccoli,test
broccoli_1.csv::w4,data\raw\SmellNet\base_data\training\broccoli\broccoli_1.csv,broccoli,test
broccoli_1.csv::w5,data\raw\SmellNet\base_data\training\broccoli\broccoli_1.csv,broccoli,test
broccoli_1.csv::w6,data\raw\SmellNet\base_data\training\broccoli\broccoli_1.csv,broccoli,test
broccoli_2.csv::w0,data\raw\SmellNet\base_data\training\broccoli\broccoli_2.csv,broccoli,train
broccoli_2.csv::w1,data\raw\SmellNet\base_data\training\broccoli\broccoli_2.csv,broccoli,train
broccoli_2.csv::w2,data\raw\SmellNet\base_data\training\broccoli\broccoli_2.csv,broccoli,train
broccoli_2.csv::w3,data\raw\SmellNet\base_data\training\broccoli\broccoli_2.csv,broccoli,train
broccoli_2.csv::w4,data\raw\SmellNet\base_data\training\broccoli\broccoli_2.csv,broccoli,train
broccoli_2.csv::w5,data\raw\SmellNet\base_data\training\broccoli\broccoli_2.csv,broccoli,train
broccoli_2.csv::w6,data\raw\SmellNet\base_data\training\broccoli\broccoli_2.csv,broccoli,train
broccoli_3.csv::w0,data\raw\SmellNet\base_data\training\broccoli\broccoli_3.csv,broccoli,test
broccoli_3.csv::w1,data\raw\SmellNet\base_data\training\broccoli\broccoli_3.csv,broccoli,test
broccoli_3.csv::w2,data\raw\SmellNet\base_data\training\broccoli\broccoli_3.csv,broccoli,test
broccoli_3.csv::w3,data\raw\SmellNet\base_data\training\broccoli\broccoli_3.csv,broccoli,test
broccoli_3.csv::w4,data\raw\SmellNet\base_data\training\broccoli\broccoli_3.csv,broccoli,test
broccoli_3.csv::w5,data\raw\SmellNet\base_data\training\broccoli\broccoli_3.csv,broccoli,test
broccoli_3.csv::w6,data\raw\SmellNet\base_data\training\broccoli\broccoli_3.csv,broccoli,test
broccoli_4.csv::w0,data\raw\SmellNet\base_data\training\broccoli\broccoli_4.csv,broccoli,test
broccoli_4.csv::w1,data\raw\SmellNet\base_data\training\broccoli\broccoli_4.csv,broccoli,test
broccoli_4.csv::w2,data\raw\SmellNet\base_data\training\broccoli\broccoli_4.csv,broccoli,test
broccoli_4.csv::w3,data\raw\SmellNet\base_data\training\broccoli\broccoli_4.csv,broccoli,test
broccoli_4.csv::w4,data\raw\SmellNet\base_data\training\broccoli\broccoli_4.csv,broccoli,test
broccoli_4.csv::w5,data\raw\SmellNet\base_data\training\broccoli\broccoli_4.csv,broccoli,test
broccoli_4.csv::w6,data\raw\SmellNet\base_data\training\broccoli\broccoli_4.csv,broccoli,test
broccoli_5.csv::w0,data\raw\SmellNet\base_data\training\broccoli\broccoli_5.csv,broccoli,val
broccoli_5.csv::w1,data\raw\SmellNet\base_data\training\broccoli\broccoli_5.csv,broccoli,val
broccoli_5.csv::w2,data\raw\SmellNet\base_data\training\broccoli\broccoli_5.csv,broccoli,val
broccoli_5.csv::w3,data\raw\SmellNet\base_data\training\broccoli\broccoli_5.csv,broccoli,val
broccoli_5.csv::w4,data\raw\SmellNet\base_data\training\broccoli\broccoli_5.csv,broccoli,val
broccoli_5.csv::w5,data\raw\SmellNet\base_data\training\broccoli\broccoli_5.csv,broccoli,val
broccoli_5.csv::w6,data\raw\SmellNet\base_data\training\broccoli\broccoli_5.csv,broccoli,val
brussel_sprouts_1.csv::w0,data\raw\SmellNet\base_data\training\brussel_sprouts\brussel_sprouts_1.csv,brussel_sprouts,train
brussel_sprouts_1.csv::w1,data\raw\SmellNet\base_data\training\brussel_sprouts\brussel_sprouts_1.csv,brussel_sprouts,train
brussel_sprouts_1.csv::w2,data\raw\SmellNet\base_data\training\brussel_sprouts\brussel_sprouts_1.csv,brussel_sprouts,train
brussel_sprouts_1.csv::w3,data\raw\SmellNet\base_data\training\brussel_sprouts\brussel_sprouts_1.csv,brussel_sprouts,train
brussel_sprouts_1.csv::w4,data\raw\SmellNet\base_data\training\brussel_sprouts\brussel_sprouts_1.csv,brussel_sprouts,train
brussel_sprouts_1.csv::w5,data\raw\SmellNet\base_data\training\brussel_sprouts\brussel_sprouts_1.csv,brussel_sprouts,train
brussel_sprouts_1.csv::w6,data\raw\SmellNet\base_data\training\brussel_sprouts\brussel_sprouts_1.csv,brussel_sprouts,train
brussel_sprouts_2.csv::w0,data\raw\SmellNet\base_data\training\brussel_sprouts\brussel_sprouts_2.csv,brussel_sprouts,train
brussel_sprouts_2.csv::w1,data\raw\SmellNet\base_data\training\brussel_sprouts\brussel_sprouts_2.csv,brussel_sprouts,train
brussel_sprouts_2.csv::w2,data\raw\SmellNet\base_data\training\brussel_sprouts\brussel_sprouts_2.csv,brussel_sprouts,train
brussel_sprouts_2.csv::w3,data\raw\SmellNet\base_data\training\brussel_sprouts\brussel_sprouts_2.csv,brussel_sprouts,train
brussel_sprouts_2.csv::w4,data\raw\SmellNet\base_data\training\brussel_sprouts\brussel_sprouts_2.csv,brussel_sprouts,train
brussel_sprouts_2.csv::w5,data\raw\SmellNet\base_data\training\brussel_sprouts\brussel_sprouts_2.csv,brussel_sprouts,train
brussel_sprouts_2.csv::w6,data\raw\SmellNet\base_data\training\brussel_sprouts\brussel_sprouts_2.csv,brussel_sprouts,train
brussel_sprouts_3.csv::w0,data\raw\SmellNet\base_data\training\brussel_sprouts\brussel_sprouts_3.csv,brussel_sprouts,test
brussel_sprouts_3.csv::w1,data\raw\SmellNet\base_data\training\brussel_sprouts\brussel_sprouts_3.csv,brussel_sprouts,test
brussel_sprouts_3.csv::w2,data\raw\SmellNet\base_data\training\brussel_sprouts\brussel_sprouts_3.csv,brussel_sprouts,test
brussel_sprouts_3.csv::w3,data\raw\SmellNet\base_data\training\brussel_sprouts\brussel_sprouts_3.csv,brussel_sprouts,test
brussel_sprouts_3.csv::w4,data\raw\SmellNet\base_data\training\brussel_sprouts\brussel_sprouts_3.csv,brussel_sprouts,test
brussel_sprouts_3.csv::w5,data\raw\SmellNet\base_data\training\brussel_sprouts\brussel_sprouts_3.csv,brussel_sprouts,test
brussel_sprouts_3.csv::w6,data\raw\SmellNet\base_data\training\brussel_sprouts\brussel_sprouts_3.csv,brussel_sprouts,test
brussel_sprouts_4.csv::w0,data\raw\SmellNet\base_data\training\brussel_sprouts\brussel_sprouts_4.csv,brussel_sprouts,train
brussel_sprouts_4.csv::w1,data\raw\SmellNet\base_data\training\brussel_sprouts\brussel_sprouts_4.csv,brussel_sprouts,train
brussel_sprouts_4.csv::w2,data\raw\SmellNet\base_data\training\brussel_sprouts\brussel_sprouts_4.csv,brussel_sprouts,train
brussel_sprouts_4.csv::w3,data\raw\SmellNet\base_data\training\brussel_sprouts\brussel_sprouts_4.csv,brussel_sprouts,train
brussel_sprouts_4.csv::w4,data\raw\SmellNet\base_data\training\brussel_sprouts\brussel_sprouts_4.csv,brussel_sprouts,train
brussel_sprouts_4.csv::w5,data\raw\SmellNet\base_data\training\brussel_sprouts\brussel_sprouts_4.csv,brussel_sprouts,train
brussel_sprouts_4.csv::w6,data\raw\SmellNet\base_data\training\brussel_sprouts\brussel_sprouts_4.csv,brussel_sprouts,train
brussel_sprouts_5.csv::w0,data\raw\SmellNet\base_data\training\brussel_sprouts\brussel_sprouts_5.csv,brussel_sprouts,train
brussel_sprouts_5.csv::w1,data\raw\SmellNet\base_data\training\brussel_sprouts\brussel_sprouts_5.csv,brussel_sprouts,train
brussel_sprouts_5.csv::w2,data\raw\SmellNet\base_data\training\brussel_sprouts\brussel_sprouts_5.csv,brussel_sprouts,train
brussel_sprouts_5.csv::w3,data\raw\SmellNet\base_data\training\brussel_sprouts\brussel_sprouts_5.csv,brussel_sprouts,train
brussel_sprouts_5.csv::w4,data\raw\SmellNet\base_data\training\brussel_sprouts\brussel_sprouts_5.csv,brussel_sprouts,train
brussel_sprouts_5.csv::w5,data\raw\SmellNet\base_data\training\brussel_sprouts\brussel_sprouts_5.csv,brussel_sprouts,train
brussel_sprouts_5.csv::w6,data\raw\SmellNet\base_data\training\brussel_sprouts\brussel_sprouts_5.csv,brussel_sprouts,train
cabbage_1.csv::w0,data\raw\SmellNet\base_data\training\cabbage\cabbage_1.csv,cabbage,train
cabbage_1.csv::w1,data\raw\SmellNet\base_data\training\cabbage\cabbage_1.csv,cabbage,train
cabbage_1.csv::w2,data\raw\SmellNet\base_data\training\cabbage\cabbage_1.csv,cabbage,train
cabbage_1.csv::w3,data\raw\SmellNet\base_data\training\cabbage\cabbage_1.csv,cabbage,train
cabbage_1.csv::w4,data\raw\SmellNet\base_data\training\cabbage\cabbage_1.csv,cabbage,train
cabbage_1.csv::w5,data\raw\SmellNet\base_data\training\cabbage\cabbage_1.csv,cabbage,train
cabbage_1.csv::w6,data\raw\SmellNet\base_data\training\cabbage\cabbage_1.csv,cabbage,train
cabbage_2.csv::w0,data\raw\SmellNet\base_data\training\cabbage\cabbage_2.csv,cabbage,val
cabbage_2.csv::w1,data\raw\SmellNet\base_data\training\cabbage\cabbage_2.csv,cabbage,val
cabbage_2.csv::w2,data\raw\SmellNet\base_data\training\cabbage\cabbage_2.csv,cabbage,val
cabbage_2.csv::w3,data\raw\SmellNet\base_data\training\cabbage\cabbage_2.csv,cabbage,val
cabbage_2.csv::w4,data\raw\SmellNet\base_data\training\cabbage\cabbage_2.csv,cabbage,val
cabbage_2.csv::w5,data\raw\SmellNet\base_data\training\cabbage\cabbage_2.csv,cabbage,val
cabbage_2.csv::w6,data\raw\SmellNet\base_data\training\cabbage\cabbage_2.csv,cabbage,val
cabbage_3.csv::w0,data\raw\SmellNet\base_data\training\cabbage\cabbage_3.csv,cabbage,train
cabbage_3.csv::w1,data\raw\SmellNet\base_data\training\cabbage\cabbage_3.csv,cabbage,train
cabbage_3.csv::w2,data\raw\SmellNet\base_data\training\cabbage\cabbage_3.csv,cabbage,train
cabbage_3.csv::w3,data\raw\SmellNet\base_data\training\cabbage\cabbage_3.csv,cabbage,train
cabbage_3.csv::w4,data\raw\SmellNet\base_data\training\cabbage\cabbage_3.csv,cabbage,train
cabbage_3.csv::w5,data\raw\SmellNet\base_data\training\cabbage\cabbage_3.csv,cabbage,train
cabbage_3.csv::w6,data\raw\SmellNet\base_data\training\cabbage\cabbage_3.csv,cabbage,train
cabbage_4.csv::w0,data\raw\SmellNet\base_data\training\cabbage\cabbage_4.csv,cabbage,train
cabbage_4.csv::w1,data\raw\SmellNet\base_data\training\cabbage\cabbage_4.csv,cabbage,train
cabbage_4.csv::w2,data\raw\SmellNet\base_data\training\cabbage\cabbage_4.csv,cabbage,train
cabbage_4.csv::w3,data\raw\SmellNet\base_data\training\cabbage\cabbage_4.csv,cabbage,train
cabbage_4.csv::w4,data\raw\SmellNet\base_data\training\cabbage\cabbage_4.csv,cabbage,train
cabbage_4.csv::w5,data\raw\SmellNet\base_data\training\cabbage\cabbage_4.csv,cabbage,train
cabbage_4.csv::w6,data\raw\SmellNet\base_data\training\cabbage\cabbage_4.csv,cabbage,train
cabbage_5.csv::w0,data\raw\SmellNet\base_data\training\cabbage\cabbage_5.csv,cabbage,test
cabbage_5.csv::w1,data\raw\SmellNet\base_data\training\cabbage\cabbage_5.csv,cabbage,test
cabbage_5.csv::w2,data\raw\SmellNet\base_data\training\cabbage\cabbage_5.csv,cabbage,test
cabbage_5.csv::w3,data\raw\SmellNet\base_data\training\cabbage\cabbage_5.csv,cabbage,test
cabbage_5.csv::w4,data\raw\SmellNet\base_data\training\cabbage\cabbage_5.csv,cabbage,test
cabbage_5.csv::w5,data\raw\SmellNet\base_data\training\cabbage\cabbage_5.csv,cabbage,test
cabbage_5.csv::w6,data\raw\SmellNet\base_data\training\cabbage\cabbage_5.csv,cabbage,test
cashew_1.csv::w0,data\raw\SmellNet\base_data\training\cashew\cashew_1.csv,cashew,train
cashew_1.csv::w1,data\raw\SmellNet\base_data\training\cashew\cashew_1.csv,cashew,train
cashew_1.csv::w2,data\raw\SmellNet\base_data\training\cashew\cashew_1.csv,cashew,train
cashew_1.csv::w3,data\raw\SmellNet\base_data\training\cashew\cashew_1.csv,cashew,train
cashew_1.csv::w4,data\raw\SmellNet\base_data\training\cashew\cashew_1.csv,cashew,train
cashew_1.csv::w5,data\raw\SmellNet\base_data\training\cashew\cashew_1.csv,cashew,train
cashew_1.csv::w6,data\raw\SmellNet\base_data\training\cashew\cashew_1.csv,cashew,train
cashew_2.csv::w0,data\raw\SmellNet\base_data\training\cashew\cashew_2.csv,cashew,train
cashew_2.csv::w1,data\raw\SmellNet\base_data\training\cashew\cashew_2.csv,cashew,train
cashew_2.csv::w2,data\raw\SmellNet\base_data\training\cashew\cashew_2.csv,cashew,train
cashew_2.csv::w3,data\raw\SmellNet\base_data\training\cashew\cashew_2.csv,cashew,train
cashew_2.csv::w4,data\raw\SmellNet\base_data\training\cashew\cashew_2.csv,cashew,train
cashew_2.csv::w5,data\raw\SmellNet\base_data\training\cashew\cashew_2.csv,cashew,train
cashew_2.csv::w6,data\raw\SmellNet\base_data\training\cashew\cashew_2.csv,cashew,train
cashew_3.csv::w0,data\raw\SmellNet\base_data\training\cashew\cashew_3.csv,cashew,train
cashew_3.csv::w1,data\raw\SmellNet\base_data\training\cashew\cashew_3.csv,cashew,train
cashew_3.csv::w2,data\raw\SmellNet\base_data\training\cashew\cashew_3.csv,cashew,train
cashew_3.csv::w3,data\raw\SmellNet\base_data\training\cashew\cashew_3.csv,cashew,train
cashew_3.csv::w4,data\raw\SmellNet\base_data\training\cashew\cashew_3.csv,cashew,train
cashew_3.csv::w5,data\raw\SmellNet\base_data\training\cashew\cashew_3.csv,cashew,train
cashew_3.csv::w6,data\raw\SmellNet\base_data\training\cashew\cashew_3.csv,cashew,train
cashew_4.csv::w0,data\raw\SmellNet\base_data\training\cashew\cashew_4.csv,cashew,train
cashew_4.csv::w1,data\raw\SmellNet\base_data\training\cashew\cashew_4.csv,cashew,train
cashew_4.csv::w2,data\raw\SmellNet\base_data\training\cashew\cashew_4.csv,cashew,train
cashew_4.csv::w3,data\raw\SmellNet\base_data\training\cashew\cashew_4.csv,cashew,train
cashew_4.csv::w4,data\raw\SmellNet\base_data\training\cashew\cashew_4.csv,cashew,train
cashew_4.csv::w5,data\raw\SmellNet\base_data\training\cashew\cashew_4.csv,cashew,train
cashew_4.csv::w6,data\raw\SmellNet\base_data\training\cashew\cashew_4.csv,cashew,train
cashew_5.csv::w0,data\raw\SmellNet\base_data\training\cashew\cashew_5.csv,cashew,test
cashew_5.csv::w1,data\raw\SmellNet\base_data\training\cashew\cashew_5.csv,cashew,test
cashew_5.csv::w2,data\raw\SmellNet\base_data\training\cashew\cashew_5.csv,cashew,test
cashew_5.csv::w3,data\raw\SmellNet\base_data\training\cashew\cashew_5.csv,cashew,test
cashew_5.csv::w4,data\raw\SmellNet\base_data\training\cashew\cashew_5.csv,cashew,test
cashew_5.csv::w5,data\raw\SmellNet\base_data\training\cashew\cashew_5.csv,cashew,test
cashew_5.csv::w6,data\raw\SmellNet\base_data\training\cashew\cashew_5.csv,cashew,test
cauliflower_1.csv::w0,data\raw\SmellNet\base_data\training\cauliflower\cauliflower_1.csv,cauliflower,val
cauliflower_1.csv::w1,data\raw\SmellNet\base_data\training\cauliflower\cauliflower_1.csv,cauliflower,val
cauliflower_1.csv::w2,data\raw\SmellNet\base_data\training\cauliflower\cauliflower_1.csv,cauliflower,val
cauliflower_1.csv::w3,data\raw\SmellNet\base_data\training\cauliflower\cauliflower_1.csv,cauliflower,val
cauliflower_1.csv::w4,data\raw\SmellNet\base_data\training\cauliflower\cauliflower_1.csv,cauliflower,val
cauliflower_1.csv::w5,data\raw\SmellNet\base_data\training\cauliflower\cauliflower_1.csv,cauliflower,val
cauliflower_1.csv::w6,data\raw\SmellNet\base_data\training\cauliflower\cauliflower_1.csv,cauliflower,val
cauliflower_2.csv::w0,data\raw\SmellNet\base_data\training\cauliflower\cauliflower_2.csv,cauliflower,test
cauliflower_2.csv::w1,data\raw\SmellNet\base_data\training\cauliflower\cauliflower_2.csv,cauliflower,test
cauliflower_2.csv::w2,data\raw\SmellNet\base_data\training\cauliflower\cauliflower_2.csv,cauliflower,test
cauliflower_2.csv::w3,data\raw\SmellNet\base_data\training\cauliflower\cauliflower_2.csv,cauliflower,test
cauliflower_2.csv::w4,data\raw\SmellNet\base_data\training\cauliflower\cauliflower_2.csv,cauliflower,test
cauliflower_2.csv::w5,data\raw\SmellNet\base_data\training\cauliflower\cauliflower_2.csv,cauliflower,test
cauliflower_2.csv::w6,data\raw\SmellNet\base_data\training\cauliflower\cauliflower_2.csv,cauliflower,test
cauliflower_3.csv::w0,data\raw\SmellNet\base_data\training\cauliflower\cauliflower_3.csv,cauliflower,train
cauliflower_3.csv::w1,data\raw\SmellNet\base_data\training\cauliflower\cauliflower_3.csv,cauliflower,train
cauliflower_3.csv::w2,data\raw\SmellNet\base_data\training\cauliflower\cauliflower_3.csv,cauliflower,train
cauliflower_3.csv::w3,data\raw\SmellNet\base_data\training\cauliflower\cauliflower_3.csv,cauliflower,train
cauliflower_3.csv::w4,data\raw\SmellNet\base_data\training\cauliflower\cauliflower_3.csv,cauliflower,train
cauliflower_3.csv::w5,data\raw\SmellNet\base_data\training\cauliflower\cauliflower_3.csv,cauliflower,train
cauliflower_3.csv::w6,data\raw\SmellNet\base_data\training\cauliflower\cauliflower_3.csv,cauliflower,train
cauliflower_4.csv::w0,data\raw\SmellNet\base_data\training\cauliflower\cauliflower_4.csv,cauliflower,test
cauliflower_4.csv::w1,data\raw\SmellNet\base_data\training\cauliflower\cauliflower_4.csv,cauliflower,test
cauliflower_4.csv::w2,data\raw\SmellNet\base_data\training\cauliflower\cauliflower_4.csv,cauliflower,test
cauliflower_4.csv::w3,data\raw\SmellNet\base_data\training\cauliflower\cauliflower_4.csv,cauliflower,test
cauliflower_4.csv::w4,data\raw\SmellNet\base_data\training\cauliflower\cauliflower_4.csv,cauliflower,test
cauliflower_4.csv::w5,data\raw\SmellNet\base_data\training\cauliflower\cauliflower_4.csv,cauliflower,test
cauliflower_4.csv::w6,data\raw\SmellNet\base_data\training\cauliflower\cauliflower_4.csv,cauliflower,test
cauliflower_5.csv::w0,data\raw\SmellNet\base_data\training\cauliflower\cauliflower_5.csv,cauliflower,train
cauliflower_5.csv::w1,data\raw\SmellNet\base_data\training\cauliflower\cauliflower_5.csv,cauliflower,train
cauliflower_5.csv::w2,data\raw\SmellNet\base_data\training\cauliflower\cauliflower_5.csv,cauliflower,train
cauliflower_5.csv::w3,data\raw\SmellNet\base_data\training\cauliflower\cauliflower_5.csv,cauliflower,train
cauliflower_5.csv::w4,data\raw\SmellNet\base_data\training\cauliflower\cauliflower_5.csv,cauliflower,train
cauliflower_5.csv::w5,data\raw\SmellNet\base_data\training\cauliflower\cauliflower_5.csv,cauliflower,train
cauliflower_5.csv::w6,data\raw\SmellNet\base_data\training\cauliflower\cauliflower_5.csv,cauliflower,train
chamomile_1.csv::w0,data\raw\SmellNet\base_data\training\chamomile\chamomile_1.csv,chamomile,train
chamomile_1.csv::w1,data\raw\SmellNet\base_data\training\chamomile\chamomile_1.csv,chamomile,train
chamomile_1.csv::w2,data\raw\SmellNet\base_data\training\chamomile\chamomile_1.csv,chamomile,train
chamomile_1.csv::w3,data\raw\SmellNet\base_data\training\chamomile\chamomile_1.csv,chamomile,train
chamomile_1.csv::w4,data\raw\SmellNet\base_data\training\chamomile\chamomile_1.csv,chamomile,train
chamomile_1.csv::w5,data\raw\SmellNet\base_data\training\chamomile\chamomile_1.csv,chamomile,train
chamomile_1.csv::w6,data\raw\SmellNet\base_data\training\chamomile\chamomile_1.csv,chamomile,train
chamomile_2.csv::w0,data\raw\SmellNet\base_data\training\chamomile\chamomile_2.csv,chamomile,train
chamomile_2.csv::w1,data\raw\SmellNet\base_data\training\chamomile\chamomile_2.csv,chamomile,train
chamomile_2.csv::w2,data\raw\SmellNet\base_data\training\chamomile\chamomile_2.csv,chamomile,train
chamomile_2.csv::w3,data\raw\SmellNet\base_data\training\chamomile\chamomile_2.csv,chamomile,train
chamomile_2.csv::w4,data\raw\SmellNet\base_data\training\chamomile\chamomile_2.csv,chamomile,train
chamomile_2.csv::w5,data\raw\SmellNet\base_data\training\chamomile\chamomile_2.csv,chamomile,train
chamomile_2.csv::w6,data\raw\SmellNet\base_data\training\chamomile\chamomile_2.csv,chamomile,train
chamomile_3.csv::w0,data\raw\SmellNet\base_data\training\chamomile\chamomile_3.csv,chamomile,train
chamomile_3.csv::w1,data\raw\SmellNet\base_data\training\chamomile\chamomile_3.csv,chamomile,train
chamomile_3.csv::w2,data\raw\SmellNet\base_data\training\chamomile\chamomile_3.csv,chamomile,train
chamomile_3.csv::w3,data\raw\SmellNet\base_data\training\chamomile\chamomile_3.csv,chamomile,train
chamomile_3.csv::w4,data\raw\SmellNet\base_data\training\chamomile\chamomile_3.csv,chamomile,train
chamomile_3.csv::w5,data\raw\SmellNet\base_data\training\chamomile\chamomile_3.csv,chamomile,train
chamomile_3.csv::w6,data\raw\SmellNet\base_data\training\chamomile\chamomile_3.csv,chamomile,train
chamomile_4.csv::w0,data\raw\SmellNet\base_data\training\chamomile\chamomile_4.csv,chamomile,train
chamomile_4.csv::w1,data\raw\SmellNet\base_data\training\chamomile\chamomile_4.csv,chamomile,train
chamomile_4.csv::w2,data\raw\SmellNet\base_data\training\chamomile\chamomile_4.csv,chamomile,train
chamomile_4.csv::w3,data\raw\SmellNet\base_data\training\chamomile\chamomile_4.csv,chamomile,train
chamomile_4.csv::w4,data\raw\SmellNet\base_data\training\chamomile\chamomile_4.csv,chamomile,train
chamomile_4.csv::w5,data\raw\SmellNet\base_data\training\chamomile\chamomile_4.csv,chamomile,train
chamomile_4.csv::w6,data\raw\SmellNet\base_data\training\chamomile\chamomile_4.csv,chamomile,train
chamomile_5.csv::w0,data\raw\SmellNet\base_data\training\chamomile\chamomile_5.csv,chamomile,test
chamomile_5.csv::w1,data\raw\SmellNet\base_data\training\chamomile\chamomile_5.csv,chamomile,test
chamomile_5.csv::w2,data\raw\SmellNet\base_data\training\chamomile\chamomile_5.csv,chamomile,test
chamomile_5.csv::w3,data\raw\SmellNet\base_data\training\chamomile\chamomile_5.csv,chamomile,test
chamomile_5.csv::w4,data\raw\SmellNet\base_data\training\chamomile\chamomile_5.csv,chamomile,test
chamomile_5.csv::w5,data\raw\SmellNet\base_data\training\chamomile\chamomile_5.csv,chamomile,test
chamomile_5.csv::w6,data\raw\SmellNet\base_data\training\chamomile\chamomile_5.csv,chamomile,test
chervil_1.csv::w0,data\raw\SmellNet\base_data\training\chervil\chervil_1.csv,chervil,val
chervil_1.csv::w1,data\raw\SmellNet\base_data\training\chervil\chervil_1.csv,chervil,val
chervil_1.csv::w2,data\raw\SmellNet\base_data\training\chervil\chervil_1.csv,chervil,val
chervil_1.csv::w3,data\raw\SmellNet\base_data\training\chervil\chervil_1.csv,chervil,val
chervil_1.csv::w4,data\raw\SmellNet\base_data\training\chervil\chervil_1.csv,chervil,val
chervil_1.csv::w5,data\raw\SmellNet\base_data\training\chervil\chervil_1.csv,chervil,val
chervil_1.csv::w6,data\raw\SmellNet\base_data\training\chervil\chervil_1.csv,chervil,val
chervil_2.csv::w0,data\raw\SmellNet\base_data\training\chervil\chervil_2.csv,chervil,train
chervil_2.csv::w1,data\raw\SmellNet\base_data\training\chervil\chervil_2.csv,chervil,train
chervil_2.csv::w2,data\raw\SmellNet\base_data\training\chervil\chervil_2.csv,chervil,train
chervil_2.csv::w3,data\raw\SmellNet\base_data\training\chervil\chervil_2.csv,chervil,train
chervil_2.csv::w4,data\raw\SmellNet\base_data\training\chervil\chervil_2.csv,chervil,train
chervil_2.csv::w5,data\raw\SmellNet\base_data\training\chervil\chervil_2.csv,chervil,train
chervil_2.csv::w6,data\raw\SmellNet\base_data\training\chervil\chervil_2.csv,chervil,train
chervil_3.csv::w0,data\raw\SmellNet\base_data\training\chervil\chervil_3.csv,chervil,train
chervil_3.csv::w1,data\raw\SmellNet\base_data\training\chervil\chervil_3.csv,chervil,train
chervil_3.csv::w2,data\raw\SmellNet\base_data\training\chervil\chervil_3.csv,chervil,train
chervil_3.csv::w3,data\raw\SmellNet\base_data\training\chervil\chervil_3.csv,chervil,train
chervil_3.csv::w4,data\raw\SmellNet\base_data\training\chervil\chervil_3.csv,chervil,train
chervil_3.csv::w5,data\raw\SmellNet\base_data\training\chervil\chervil_3.csv,chervil,train
chervil_3.csv::w6,data\raw\SmellNet\base_data\training\chervil\chervil_3.csv,chervil,train
chervil_4.csv::w0,data\raw\SmellNet\base_data\training\chervil\chervil_4.csv,chervil,val
chervil_4.csv::w1,data\raw\SmellNet\base_data\training\chervil\chervil_4.csv,chervil,val
chervil_4.csv::w2,data\raw\SmellNet\base_data\training\chervil\chervil_4.csv,chervil,val
chervil_4.csv::w3,data\raw\SmellNet\base_data\training\chervil\chervil_4.csv,chervil,val
chervil_4.csv::w4,data\raw\SmellNet\base_data\training\chervil\chervil_4.csv,chervil,val
chervil_4.csv::w5,data\raw\SmellNet\base_data\training\chervil\chervil_4.csv,chervil,val
chervil_4.csv::w6,data\raw\SmellNet\base_data\training\chervil\chervil_4.csv,chervil,val
chervil_5.csv::w0,data\raw\SmellNet\base_data\training\chervil\chervil_5.csv,chervil,train
chervil_5.csv::w1,data\raw\SmellNet\base_data\training\chervil\chervil_5.csv,chervil,train
chervil_5.csv::w2,data\raw\SmellNet\base_data\training\chervil\chervil_5.csv,chervil,train
chervil_5.csv::w3,data\raw\SmellNet\base_data\training\chervil\chervil_5.csv,chervil,train
chervil_5.csv::w4,data\raw\SmellNet\base_data\training\chervil\chervil_5.csv,chervil,train
chervil_5.csv::w5,data\raw\SmellNet\base_data\training\chervil\chervil_5.csv,chervil,train
chervil_5.csv::w6,data\raw\SmellNet\base_data\training\chervil\chervil_5.csv,chervil,train
chestnuts_1.csv::w0,data\raw\SmellNet\base_data\training\chestnuts\chestnuts_1.csv,chestnuts,train
chestnuts_1.csv::w1,data\raw\SmellNet\base_data\training\chestnuts\chestnuts_1.csv,chestnuts,train
chestnuts_1.csv::w2,data\raw\SmellNet\base_data\training\chestnuts\chestnuts_1.csv,chestnuts,train
chestnuts_1.csv::w3,data\raw\SmellNet\base_data\training\chestnuts\chestnuts_1.csv,chestnuts,train
chestnuts_1.csv::w4,data\raw\SmellNet\base_data\training\chestnuts\chestnuts_1.csv,chestnuts,train
chestnuts_1.csv::w5,data\raw\SmellNet\base_data\training\chestnuts\chestnuts_1.csv,chestnuts,train
chestnuts_1.csv::w6,data\raw\SmellNet\base_data\training\chestnuts\chestnuts_1.csv,chestnuts,train
chestnuts_2.csv::w0,data\raw\SmellNet\base_data\training\chestnuts\chestnuts_2.csv,chestnuts,train
chestnuts_2.csv::w1,data\raw\SmellNet\base_data\training\chestnuts\chestnuts_2.csv,chestnuts,train
chestnuts_2.csv::w2,data\raw\SmellNet\base_data\training\chestnuts\chestnuts_2.csv,chestnuts,train
chestnuts_2.csv::w3,data\raw\SmellNet\base_data\training\chestnuts\chestnuts_2.csv,chestnuts,train
chestnuts_2.csv::w4,data\raw\SmellNet\base_data\training\chestnuts\chestnuts_2.csv,chestnuts,train
chestnuts_2.csv::w5,data\raw\SmellNet\base_data\training\chestnuts\chestnuts_2.csv,chestnuts,train
chestnuts_2.csv::w6,data\raw\SmellNet\base_data\training\chestnuts\chestnuts_2.csv,chestnuts,train
chestnuts_3.csv::w0,data\raw\SmellNet\base_data\training\chestnuts\chestnuts_3.csv,chestnuts,train
chestnuts_3.csv::w1,data\raw\SmellNet\base_data\training\chestnuts\chestnuts_3.csv,chestnuts,train
chestnuts_3.csv::w2,data\raw\SmellNet\base_data\training\chestnuts\chestnuts_3.csv,chestnuts,train
chestnuts_3.csv::w3,data\raw\SmellNet\base_data\training\chestnuts\chestnuts_3.csv,chestnuts,train
chestnuts_3.csv::w4,data\raw\SmellNet\base_data\training\chestnuts\chestnuts_3.csv,chestnuts,train
chestnuts_3.csv::w5,data\raw\SmellNet\base_data\training\chestnuts\chestnuts_3.csv,chestnuts,train
chestnuts_3.csv::w6,data\raw\SmellNet\base_data\training\chestnuts\chestnuts_3.csv,chestnuts,train
chestnuts_4.csv::w0,data\raw\SmellNet\base_data\training\chestnuts\chestnuts_4.csv,chestnuts,train
chestnuts_4.csv::w1,data\raw\SmellNet\base_data\training\chestnuts\chestnuts_4.csv,chestnuts,train
chestnuts_4.csv::w2,data\raw\SmellNet\base_data\training\chestnuts\chestnuts_4.csv,chestnuts,train
chestnuts_4.csv::w3,data\raw\SmellNet\base_data\training\chestnuts\chestnuts_4.csv,chestnuts,train
chestnuts_4.csv::w4,data\raw\SmellNet\base_data\training\chestnuts\chestnuts_4.csv,chestnuts,train
chestnuts_4.csv::w5,data\raw\SmellNet\base_data\training\chestnuts\chestnuts_4.csv,chestnuts,train
chestnuts_4.csv::w6,data\raw\SmellNet\base_data\training\chestnuts\chestnuts_4.csv,chestnuts,train
chestnuts_5.csv::w0,data\raw\SmellNet\base_data\training\chestnuts\chestnuts_5.csv,chestnuts,train
chestnuts_5.csv::w1,data\raw\SmellNet\base_data\training\chestnuts\chestnuts_5.csv,chestnuts,train
chestnuts_5.csv::w2,data\raw\SmellNet\base_data\training\chestnuts\chestnuts_5.csv,chestnuts,train
chestnuts_5.csv::w3,data\raw\SmellNet\base_data\training\chestnuts\chestnuts_5.csv,chestnuts,train
chestnuts_5.csv::w4,data\raw\SmellNet\base_data\training\chestnuts\chestnuts_5.csv,chestnuts,train
chestnuts_5.csv::w5,data\raw\SmellNet\base_data\training\chestnuts\chestnuts_5.csv,chestnuts,train
chestnuts_5.csv::w6,data\raw\SmellNet\base_data\training\chestnuts\chestnuts_5.csv,chestnuts,train
chives_1.csv::w0,data\raw\SmellNet\base_data\training\chives\chives_1.csv,chives,train
chives_1.csv::w1,data\raw\SmellNet\base_data\training\chives\chives_1.csv,chives,train
chives_1.csv::w2,data\raw\SmellNet\base_data\training\chives\chives_1.csv,chives,train
chives_1.csv::w3,data\raw\SmellNet\base_data\training\chives\chives_1.csv,chives,train
chives_1.csv::w4,data\raw\SmellNet\base_data\training\chives\chives_1.csv,chives,train
chives_1.csv::w5,data\raw\SmellNet\base_data\training\chives\chives_1.csv,chives,train
chives_1.csv::w6,data\raw\SmellNet\base_data\training\chives\chives_1.csv,chives,train
chives_2.csv::w0,data\raw\SmellNet\base_data\training\chives\chives_2.csv,chives,val
chives_2.csv::w1,data\raw\SmellNet\base_data\training\chives\chives_2.csv,chives,val
chives_2.csv::w2,data\raw\SmellNet\base_data\training\chives\chives_2.csv,chives,val
chives_2.csv::w3,data\raw\SmellNet\base_data\training\chives\chives_2.csv,chives,val
chives_2.csv::w4,data\raw\SmellNet\base_data\training\chives\chives_2.csv,chives,val
chives_2.csv::w5,data\raw\SmellNet\base_data\training\chives\chives_2.csv,chives,val
chives_2.csv::w6,data\raw\SmellNet\base_data\training\chives\chives_2.csv,chives,val
chives_3.csv::w0,data\raw\SmellNet\base_data\training\chives\chives_3.csv,chives,train
chives_3.csv::w1,data\raw\SmellNet\base_data\training\chives\chives_3.csv,chives,train
chives_3.csv::w2,data\raw\SmellNet\base_data\training\chives\chives_3.csv,chives,train
chives_3.csv::w3,data\raw\SmellNet\base_data\training\chives\chives_3.csv,chives,train
chives_3.csv::w4,data\raw\SmellNet\base_data\training\chives\chives_3.csv,chives,train
chives_3.csv::w5,data\raw\SmellNet\base_data\training\chives\chives_3.csv,chives,train
chives_3.csv::w6,data\raw\SmellNet\base_data\training\chives\chives_3.csv,chives,train
chives_4.csv::w0,data\raw\SmellNet\base_data\training\chives\chives_4.csv,chives,train
chives_4.csv::w1,data\raw\SmellNet\base_data\training\chives\chives_4.csv,chives,train
chives_4.csv::w2,data\raw\SmellNet\base_data\training\chives\chives_4.csv,chives,train
chives_4.csv::w3,data\raw\SmellNet\base_data\training\chives\chives_4.csv,chives,train
chives_4.csv::w4,data\raw\SmellNet\base_data\training\chives\chives_4.csv,chives,train
chives_4.csv::w5,data\raw\SmellNet\base_data\training\chives\chives_4.csv,chives,train
chives_4.csv::w6,data\raw\SmellNet\base_data\training\chives\chives_4.csv,chives,train
chives_5.csv::w0,data\raw\SmellNet\base_data\training\chives\chives_5.csv,chives,train
chives_5.csv::w1,data\raw\SmellNet\base_data\training\chives\chives_5.csv,chives,train
chives_5.csv::w2,data\raw\SmellNet\base_data\training\chives\chives_5.csv,chives,train
chives_5.csv::w3,data\raw\SmellNet\base_data\training\chives\chives_5.csv,chives,train
chives_5.csv::w4,data\raw\SmellNet\base_data\training\chives\chives_5.csv,chives,train
chives_5.csv::w5,data\raw\SmellNet\base_data\training\chives\chives_5.csv,chives,train
chives_5.csv::w6,data\raw\SmellNet\base_data\training\chives\chives_5.csv,chives,train
cinnamon_1.csv::w0,data\raw\SmellNet\base_data\training\cinnamon\cinnamon_1.csv,cinnamon,train
cinnamon_1.csv::w1,data\raw\SmellNet\base_data\training\cinnamon\cinnamon_1.csv,cinnamon,train
cinnamon_1.csv::w2,data\raw\SmellNet\base_data\training\cinnamon\cinnamon_1.csv,cinnamon,train
cinnamon_1.csv::w3,data\raw\SmellNet\base_data\training\cinnamon\cinnamon_1.csv,cinnamon,train
cinnamon_1.csv::w4,data\raw\SmellNet\base_data\training\cinnamon\cinnamon_1.csv,cinnamon,train
cinnamon_1.csv::w5,data\raw\SmellNet\base_data\training\cinnamon\cinnamon_1.csv,cinnamon,train
cinnamon_1.csv::w6,data\raw\SmellNet\base_data\training\cinnamon\cinnamon_1.csv,cinnamon,train
cinnamon_2.csv::w0,data\raw\SmellNet\base_data\training\cinnamon\cinnamon_2.csv,cinnamon,val
cinnamon_2.csv::w1,data\raw\SmellNet\base_data\training\cinnamon\cinnamon_2.csv,cinnamon,val
cinnamon_2.csv::w2,data\raw\SmellNet\base_data\training\cinnamon\cinnamon_2.csv,cinnamon,val
cinnamon_2.csv::w3,data\raw\SmellNet\base_data\training\cinnamon\cinnamon_2.csv,cinnamon,val
cinnamon_2.csv::w4,data\raw\SmellNet\base_data\training\cinnamon\cinnamon_2.csv,cinnamon,val
cinnamon_2.csv::w5,data\raw\SmellNet\base_data\training\cinnamon\cinnamon_2.csv,cinnamon,val
cinnamon_2.csv::w6,data\raw\SmellNet\base_data\training\cinnamon\cinnamon_2.csv,cinnamon,val
cinnamon_3.csv::w0,data\raw\SmellNet\base_data\training\cinnamon\cinnamon_3.csv,cinnamon,train
cinnamon_3.csv::w1,data\raw\SmellNet\base_data\training\cinnamon\cinnamon_3.csv,cinnamon,train
cinnamon_3.csv::w2,data\raw\SmellNet\base_data\training\cinnamon\cinnamon_3.csv,cinnamon,train
cinnamon_3.csv::w3,data\raw\SmellNet\base_data\training\cinnamon\cinnamon_3.csv,cinnamon,train
cinnamon_3.csv::w4,data\raw\SmellNet\base_data\training\cinnamon\cinnamon_3.csv,cinnamon,train
cinnamon_3.csv::w5,data\raw\SmellNet\base_data\training\cinnamon\cinnamon_3.csv,cinnamon,train
cinnamon_3.csv::w6,data\raw\SmellNet\base_data\training\cinnamon\cinnamon_3.csv,cinnamon,train
cinnamon_4.csv::w0,data\raw\SmellNet\base_data\training\cinnamon\cinnamon_4.csv,cinnamon,train
cinnamon_4.csv::w1,data\raw\SmellNet\base_data\training\cinnamon\cinnamon_4.csv,cinnamon,train
cinnamon_4.csv::w2,data\raw\SmellNet\base_data\training\cinnamon\cinnamon_4.csv,cinnamon,train
cinnamon_4.csv::w3,data\raw\SmellNet\base_data\training\cinnamon\cinnamon_4.csv,cinnamon,train
cinnamon_4.csv::w4,data\raw\SmellNet\base_data\training\cinnamon\cinnamon_4.csv,cinnamon,train
cinnamon_4.csv::w5,data\raw\SmellNet\base_data\training\cinnamon\cinnamon_4.csv,cinnamon,train
cinnamon_4.csv::w6,data\raw\SmellNet\base_data\training\cinnamon\cinnamon_4.csv,cinnamon,train
cinnamon_5.csv::w0,data\raw\SmellNet\base_data\training\cinnamon\cinnamon_5.csv,cinnamon,val
cinnamon_5.csv::w1,data\raw\SmellNet\base_data\training\cinnamon\cinnamon_5.csv,cinnamon,val
cinnamon_5.csv::w2,data\raw\SmellNet\base_data\training\cinnamon\cinnamon_5.csv,cinnamon,val
cinnamon_5.csv::w3,data\raw\SmellNet\base_data\training\cinnamon\cinnamon_5.csv,cinnamon,val
cinnamon_5.csv::w4,data\raw\SmellNet\base_data\training\cinnamon\cinnamon_5.csv,cinnamon,val
cinnamon_5.csv::w5,data\raw\SmellNet\base_data\training\cinnamon\cinnamon_5.csv,cinnamon,val
cinnamon_5.csv::w6,data\raw\SmellNet\base_data\training\cinnamon\cinnamon_5.csv,cinnamon,val
cloves_1.csv::w0,data\raw\SmellNet\base_data\training\cloves\cloves_1.csv,cloves,val
cloves_1.csv::w1,data\raw\SmellNet\base_data\training\cloves\cloves_1.csv,cloves,val
cloves_1.csv::w2,data\raw\SmellNet\base_data\training\cloves\cloves_1.csv,cloves,val
cloves_1.csv::w3,data\raw\SmellNet\base_data\training\cloves\cloves_1.csv,cloves,val
cloves_1.csv::w4,data\raw\SmellNet\base_data\training\cloves\cloves_1.csv,cloves,val
cloves_1.csv::w5,data\raw\SmellNet\base_data\training\cloves\cloves_1.csv,cloves,val
cloves_1.csv::w6,data\raw\SmellNet\base_data\training\cloves\cloves_1.csv,cloves,val
cloves_2.csv::w0,data\raw\SmellNet\base_data\training\cloves\cloves_2.csv,cloves,val
cloves_2.csv::w1,data\raw\SmellNet\base_data\training\cloves\cloves_2.csv,cloves,val
cloves_2.csv::w2,data\raw\SmellNet\base_data\training\cloves\cloves_2.csv,cloves,val
cloves_2.csv::w3,data\raw\SmellNet\base_data\training\cloves\cloves_2.csv,cloves,val
cloves_2.csv::w4,data\raw\SmellNet\base_data\training\cloves\cloves_2.csv,cloves,val
cloves_2.csv::w5,data\raw\SmellNet\base_data\training\cloves\cloves_2.csv,cloves,val
cloves_2.csv::w6,data\raw\SmellNet\base_data\training\cloves\cloves_2.csv,cloves,val
cloves_3.csv::w0,data\raw\SmellNet\base_data\training\cloves\cloves_3.csv,cloves,val
cloves_3.csv::w1,data\raw\SmellNet\base_data\training\cloves\cloves_3.csv,cloves,val
cloves_3.csv::w2,data\raw\SmellNet\base_data\training\cloves\cloves_3.csv,cloves,val
cloves_3.csv::w3,data\raw\SmellNet\base_data\training\cloves\cloves_3.csv,cloves,val
cloves_3.csv::w4,data\raw\SmellNet\base_data\training\cloves\cloves_3.csv,cloves,val
cloves_3.csv::w5,data\raw\SmellNet\base_data\training\cloves\cloves_3.csv,cloves,val
cloves_3.csv::w6,data\raw\SmellNet\base_data\training\cloves\cloves_3.csv,cloves,val
cloves_4.csv::w0,data\raw\SmellNet\base_data\training\cloves\cloves_4.csv,cloves,train
cloves_4.csv::w1,data\raw\SmellNet\base_data\training\cloves\cloves_4.csv,cloves,train
cloves_4.csv::w2,data\raw\SmellNet\base_data\training\cloves\cloves_4.csv,cloves,train
cloves_4.csv::w3,data\raw\SmellNet\base_data\training\cloves\cloves_4.csv,cloves,train
cloves_4.csv::w4,data\raw\SmellNet\base_data\training\cloves\cloves_4.csv,cloves,train
cloves_4.csv::w5,data\raw\SmellNet\base_data\training\cloves\cloves_4.csv,cloves,train
cloves_4.csv::w6,data\raw\SmellNet\base_data\training\cloves\cloves_4.csv,cloves,train
cloves_5.csv::w0,data\raw\SmellNet\base_data\training\cloves\cloves_5.csv,cloves,test
cloves_5.csv::w1,data\raw\SmellNet\base_data\training\cloves\cloves_5.csv,cloves,test
cloves_5.csv::w2,data\raw\SmellNet\base_data\training\cloves\cloves_5.csv,cloves,test
cloves_5.csv::w3,data\raw\SmellNet\base_data\training\cloves\cloves_5.csv,cloves,test
cloves_5.csv::w4,data\raw\SmellNet\base_data\training\cloves\cloves_5.csv,cloves,test
cloves_5.csv::w5,data\raw\SmellNet\base_data\training\cloves\cloves_5.csv,cloves,test
cloves_5.csv::w6,data\raw\SmellNet\base_data\training\cloves\cloves_5.csv,cloves,test
coriander_1.csv::w0,data\raw\SmellNet\base_data\training\coriander\coriander_1.csv,coriander,train
coriander_1.csv::w1,data\raw\SmellNet\base_data\training\coriander\coriander_1.csv,coriander,train
coriander_1.csv::w2,data\raw\SmellNet\base_data\training\coriander\coriander_1.csv,coriander,train
coriander_1.csv::w3,data\raw\SmellNet\base_data\training\coriander\coriander_1.csv,coriander,train
coriander_1.csv::w4,data\raw\SmellNet\base_data\training\coriander\coriander_1.csv,coriander,train
coriander_1.csv::w5,data\raw\SmellNet\base_data\training\coriander\coriander_1.csv,coriander,train
coriander_1.csv::w6,data\raw\SmellNet\base_data\training\coriander\coriander_1.csv,coriander,train
coriander_2.csv::w0,data\raw\SmellNet\base_data\training\coriander\coriander_2.csv,coriander,train
coriander_2.csv::w1,data\raw\SmellNet\base_data\training\coriander\coriander_2.csv,coriander,train
coriander_2.csv::w2,data\raw\SmellNet\base_data\training\coriander\coriander_2.csv,coriander,train
coriander_2.csv::w3,data\raw\SmellNet\base_data\training\coriander\coriander_2.csv,coriander,train
coriander_2.csv::w4,data\raw\SmellNet\base_data\training\coriander\coriander_2.csv,coriander,train
coriander_2.csv::w5,data\raw\SmellNet\base_data\training\coriander\coriander_2.csv,coriander,train
coriander_2.csv::w6,data\raw\SmellNet\base_data\training\coriander\coriander_2.csv,coriander,train
coriander_3.csv::w0,data\raw\SmellNet\base_data\training\coriander\coriander_3.csv,coriander,train
coriander_3.csv::w1,data\raw\SmellNet\base_data\training\coriander\coriander_3.csv,coriander,train
coriander_3.csv::w2,data\raw\SmellNet\base_data\training\coriander\coriander_3.csv,coriander,train
coriander_3.csv::w3,data\raw\SmellNet\base_data\training\coriander\coriander_3.csv,coriander,train
coriander_3.csv::w4,data\raw\SmellNet\base_data\training\coriander\coriander_3.csv,coriander,train
coriander_3.csv::w5,data\raw\SmellNet\base_data\training\coriander\coriander_3.csv,coriander,train
coriander_3.csv::w6,data\raw\SmellNet\base_data\training\coriander\coriander_3.csv,coriander,train
coriander_4.csv::w0,data\raw\SmellNet\base_data\training\coriander\coriander_4.csv,coriander,test
coriander_4.csv::w1,data\raw\SmellNet\base_data\training\coriander\coriander_4.csv,coriander,test
coriander_4.csv::w2,data\raw\SmellNet\base_data\training\coriander\coriander_4.csv,coriander,test
coriander_4.csv::w3,data\raw\SmellNet\base_data\training\coriander\coriander_4.csv,coriander,test
coriander_4.csv::w4,data\raw\SmellNet\base_data\training\coriander\coriander_4.csv,coriander,test
coriander_4.csv::w5,data\raw\SmellNet\base_data\training\coriander\coriander_4.csv,coriander,test
coriander_4.csv::w6,data\raw\SmellNet\base_data\training\coriander\coriander_4.csv,coriander,test
coriander_5.csv::w0,data\raw\SmellNet\base_data\training\coriander\coriander_5.csv,coriander,train
coriander_5.csv::w1,data\raw\SmellNet\base_data\training\coriander\coriander_5.csv,coriander,train
coriander_5.csv::w2,data\raw\SmellNet\base_data\training\coriander\coriander_5.csv,coriander,train
coriander_5.csv::w3,data\raw\SmellNet\base_data\training\coriander\coriander_5.csv,coriander,train
coriander_5.csv::w4,data\raw\SmellNet\base_data\training\coriander\coriander_5.csv,coriander,train
coriander_5.csv::w5,data\raw\SmellNet\base_data\training\coriander\coriander_5.csv,coriander,train
coriander_5.csv::w6,data\raw\SmellNet\base_data\training\coriander\coriander_5.csv,coriander,train
cumin_1.csv::w0,data\raw\SmellNet\base_data\training\cumin\cumin_1.csv,cumin,train
cumin_1.csv::w1,data\raw\SmellNet\base_data\training\cumin\cumin_1.csv,cumin,train
cumin_1.csv::w2,data\raw\SmellNet\base_data\training\cumin\cumin_1.csv,cumin,train
cumin_1.csv::w3,data\raw\SmellNet\base_data\training\cumin\cumin_1.csv,cumin,train
cumin_1.csv::w4,data\raw\SmellNet\base_data\training\cumin\cumin_1.csv,cumin,train
cumin_1.csv::w5,data\raw\SmellNet\base_data\training\cumin\cumin_1.csv,cumin,train
cumin_1.csv::w6,data\raw\SmellNet\base_data\training\cumin\cumin_1.csv,cumin,train
cumin_2.csv::w0,data\raw\SmellNet\base_data\training\cumin\cumin_2.csv,cumin,train
cumin_2.csv::w1,data\raw\SmellNet\base_data\training\cumin\cumin_2.csv,cumin,train
cumin_2.csv::w2,data\raw\SmellNet\base_data\training\cumin\cumin_2.csv,cumin,train
cumin_2.csv::w3,data\raw\SmellNet\base_data\training\cumin\cumin_2.csv,cumin,train
cumin_2.csv::w4,data\raw\SmellNet\base_data\training\cumin\cumin_2.csv,cumin,train
cumin_2.csv::w5,data\raw\SmellNet\base_data\training\cumin\cumin_2.csv,cumin,train
cumin_2.csv::w6,data\raw\SmellNet\base_data\training\cumin\cumin_2.csv,cumin,train
cumin_3.csv::w0,data\raw\SmellNet\base_data\training\cumin\cumin_3.csv,cumin,test
cumin_3.csv::w1,data\raw\SmellNet\base_data\training\cumin\cumin_3.csv,cumin,test
cumin_3.csv::w2,data\raw\SmellNet\base_data\training\cumin\cumin_3.csv,cumin,test
cumin_3.csv::w3,data\raw\SmellNet\base_data\training\cumin\cumin_3.csv,cumin,test
cumin_3.csv::w4,data\raw\SmellNet\base_data\training\cumin\cumin_3.csv,cumin,test
cumin_3.csv::w5,data\raw\SmellNet\base_data\training\cumin\cumin_3.csv,cumin,test
cumin_3.csv::w6,data\raw\SmellNet\base_data\training\cumin\cumin_3.csv,cumin,test
cumin_4.csv::w0,data\raw\SmellNet\base_data\training\cumin\cumin_4.csv,cumin,train
cumin_4.csv::w1,data\raw\SmellNet\base_data\training\cumin\cumin_4.csv,cumin,train
cumin_4.csv::w2,data\raw\SmellNet\base_data\training\cumin\cumin_4.csv,cumin,train
cumin_4.csv::w3,data\raw\SmellNet\base_data\training\cumin\cumin_4.csv,cumin,train
cumin_4.csv::w4,data\raw\SmellNet\base_data\training\cumin\cumin_4.csv,cumin,train
cumin_4.csv::w5,data\raw\SmellNet\base_data\training\cumin\cumin_4.csv,cumin,train
cumin_4.csv::w6,data\raw\SmellNet\base_data\training\cumin\cumin_4.csv,cumin,train
cumin_5.csv::w0,data\raw\SmellNet\base_data\training\cumin\cumin_5.csv,cumin,train
cumin_5.csv::w1,data\raw\SmellNet\base_data\training\cumin\cumin_5.csv,cumin,train
cumin_5.csv::w2,data\raw\SmellNet\base_data\training\cumin\cumin_5.csv,cumin,train
cumin_5.csv::w3,data\raw\SmellNet\base_data\training\cumin\cumin_5.csv,cumin,train
cumin_5.csv::w4,data\raw\SmellNet\base_data\training\cumin\cumin_5.csv,cumin,train
cumin_5.csv::w5,data\raw\SmellNet\base_data\training\cumin\cumin_5.csv,cumin,train
cumin_5.csv::w6,data\raw\SmellNet\base_data\training\cumin\cumin_5.csv,cumin,train
dill_1.csv::w0,data\raw\SmellNet\base_data\training\dill\dill_1.csv,dill,val
dill_1.csv::w1,data\raw\SmellNet\base_data\training\dill\dill_1.csv,dill,val
dill_1.csv::w2,data\raw\SmellNet\base_data\training\dill\dill_1.csv,dill,val
dill_1.csv::w3,data\raw\SmellNet\base_data\training\dill\dill_1.csv,dill,val
dill_1.csv::w4,data\raw\SmellNet\base_data\training\dill\dill_1.csv,dill,val
dill_1.csv::w5,data\raw\SmellNet\base_data\training\dill\dill_1.csv,dill,val
dill_1.csv::w6,data\raw\SmellNet\base_data\training\dill\dill_1.csv,dill,val
dill_2.csv::w0,data\raw\SmellNet\base_data\training\dill\dill_2.csv,dill,train
dill_2.csv::w1,data\raw\SmellNet\base_data\training\dill\dill_2.csv,dill,train
dill_2.csv::w2,data\raw\SmellNet\base_data\training\dill\dill_2.csv,dill,train
dill_2.csv::w3,data\raw\SmellNet\base_data\training\dill\dill_2.csv,dill,train
dill_2.csv::w4,data\raw\SmellNet\base_data\training\dill\dill_2.csv,dill,train
dill_2.csv::w5,data\raw\SmellNet\base_data\training\dill\dill_2.csv,dill,train
dill_2.csv::w6,data\raw\SmellNet\base_data\training\dill\dill_2.csv,dill,train
dill_3.csv::w0,data\raw\SmellNet\base_data\training\dill\dill_3.csv,dill,test
dill_3.csv::w1,data\raw\SmellNet\base_data\training\dill\dill_3.csv,dill,test
dill_3.csv::w2,data\raw\SmellNet\base_data\training\dill\dill_3.csv,dill,test
dill_3.csv::w3,data\raw\SmellNet\base_data\training\dill\dill_3.csv,dill,test
dill_3.csv::w4,data\raw\SmellNet\base_data\training\dill\dill_3.csv,dill,test
dill_3.csv::w5,data\raw\SmellNet\base_data\training\dill\dill_3.csv,dill,test
dill_3.csv::w6,data\raw\SmellNet\base_data\training\dill\dill_3.csv,dill,test
dill_4.csv::w0,data\raw\SmellNet\base_data\training\dill\dill_4.csv,dill,val
dill_4.csv::w1,data\raw\SmellNet\base_data\training\dill\dill_4.csv,dill,val
dill_4.csv::w2,data\raw\SmellNet\base_data\training\dill\dill_4.csv,dill,val
dill_4.csv::w3,data\raw\SmellNet\base_data\training\dill\dill_4.csv,dill,val
dill_4.csv::w4,data\raw\SmellNet\base_data\training\dill\dill_4.csv,dill,val
dill_4.csv::w5,data\raw\SmellNet\base_data\training\dill\dill_4.csv,dill,val
dill_4.csv::w6,data\raw\SmellNet\base_data\training\dill\dill_4.csv,dill,val
dill_5.csv::w0,data\raw\SmellNet\base_data\training\dill\dill_5.csv,dill,train
dill_5.csv::w1,data\raw\SmellNet\base_data\training\dill\dill_5.csv,dill,train
dill_5.csv::w2,data\raw\SmellNet\base_data\training\dill\dill_5.csv,dill,train
dill_5.csv::w3,data\raw\SmellNet\base_data\training\dill\dill_5.csv,dill,train
dill_5.csv::w4,data\raw\SmellNet\base_data\training\dill\dill_5.csv,dill,train
dill_5.csv::w5,data\raw\SmellNet\base_data\training\dill\dill_5.csv,dill,train
dill_5.csv::w6,data\raw\SmellNet\base_data\training\dill\dill_5.csv,dill,train
garlic_1.csv::w0,data\raw\SmellNet\base_data\training\garlic\garlic_1.csv,garlic,train
garlic_1.csv::w1,data\raw\SmellNet\base_data\training\garlic\garlic_1.csv,garlic,train
garlic_1.csv::w2,data\raw\SmellNet\base_data\training\garlic\garlic_1.csv,garlic,train
garlic_1.csv::w3,data\raw\SmellNet\base_data\training\garlic\garlic_1.csv,garlic,train
garlic_1.csv::w4,data\raw\SmellNet\base_data\training\garlic\garlic_1.csv,garlic,train
garlic_1.csv::w5,data\raw\SmellNet\base_data\training\garlic\garlic_1.csv,garlic,train
garlic_1.csv::w6,data\raw\SmellNet\base_data\training\garlic\garlic_1.csv,garlic,train
garlic_2.csv::w0,data\raw\SmellNet\base_data\training\garlic\garlic_2.csv,garlic,train
garlic_2.csv::w1,data\raw\SmellNet\base_data\training\garlic\garlic_2.csv,garlic,train
garlic_2.csv::w2,data\raw\SmellNet\base_data\training\garlic\garlic_2.csv,garlic,train
garlic_2.csv::w3,data\raw\SmellNet\base_data\training\garlic\garlic_2.csv,garlic,train
garlic_2.csv::w4,data\raw\SmellNet\base_data\training\garlic\garlic_2.csv,garlic,train
garlic_2.csv::w5,data\raw\SmellNet\base_data\training\garlic\garlic_2.csv,garlic,train
garlic_2.csv::w6,data\raw\SmellNet\base_data\training\garlic\garlic_2.csv,garlic,train
garlic_3.csv::w0,data\raw\SmellNet\base_data\training\garlic\garlic_3.csv,garlic,train
garlic_3.csv::w1,data\raw\SmellNet\base_data\training\garlic\garlic_3.csv,garlic,train
garlic_3.csv::w2,data\raw\SmellNet\base_data\training\garlic\garlic_3.csv,garlic,train
garlic_3.csv::w3,data\raw\SmellNet\base_data\training\garlic\garlic_3.csv,garlic,train
garlic_3.csv::w4,data\raw\SmellNet\base_data\training\garlic\garlic_3.csv,garlic,train
garlic_3.csv::w5,data\raw\SmellNet\base_data\training\garlic\garlic_3.csv,garlic,train
garlic_3.csv::w6,data\raw\SmellNet\base_data\training\garlic\garlic_3.csv,garlic,train
garlic_4.csv::w0,data\raw\SmellNet\base_data\training\garlic\garlic_4.csv,garlic,train
garlic_4.csv::w1,data\raw\SmellNet\base_data\training\garlic\garlic_4.csv,garlic,train
garlic_4.csv::w2,data\raw\SmellNet\base_data\training\garlic\garlic_4.csv,garlic,train
garlic_4.csv::w3,data\raw\SmellNet\base_data\training\garlic\garlic_4.csv,garlic,train
garlic_4.csv::w4,data\raw\SmellNet\base_data\training\garlic\garlic_4.csv,garlic,train
garlic_4.csv::w5,data\raw\SmellNet\base_data\training\garlic\garlic_4.csv,garlic,train
garlic_4.csv::w6,data\raw\SmellNet\base_data\training\garlic\garlic_4.csv,garlic,train
garlic_5.csv::w0,data\raw\SmellNet\base_data\training\garlic\garlic_5.csv,garlic,test
garlic_5.csv::w1,data\raw\SmellNet\base_data\training\garlic\garlic_5.csv,garlic,test
garlic_5.csv::w2,data\raw\SmellNet\base_data\training\garlic\garlic_5.csv,garlic,test
garlic_5.csv::w3,data\raw\SmellNet\base_data\training\garlic\garlic_5.csv,garlic,test
garlic_5.csv::w4,data\raw\SmellNet\base_data\training\garlic\garlic_5.csv,garlic,test
garlic_5.csv::w5,data\raw\SmellNet\base_data\training\garlic\garlic_5.csv,garlic,test
garlic_5.csv::w6,data\raw\SmellNet\base_data\training\garlic\garlic_5.csv,garlic,test
ginger_1.csv::w0,data\raw\SmellNet\base_data\training\ginger\ginger_1.csv,ginger,test
ginger_1.csv::w1,data\raw\SmellNet\base_data\training\ginger\ginger_1.csv,ginger,test
ginger_1.csv::w2,data\raw\SmellNet\base_data\training\ginger\ginger_1.csv,ginger,test
ginger_1.csv::w3,data\raw\SmellNet\base_data\training\ginger\ginger_1.csv,ginger,test
ginger_1.csv::w4,data\raw\SmellNet\base_data\training\ginger\ginger_1.csv,ginger,test
ginger_1.csv::w5,data\raw\SmellNet\base_data\training\ginger\ginger_1.csv,ginger,test
ginger_1.csv::w6,data\raw\SmellNet\base_data\training\ginger\ginger_1.csv,ginger,test
ginger_2.csv::w0,data\raw\SmellNet\base_data\training\ginger\ginger_2.csv,ginger,train
ginger_2.csv::w1,data\raw\SmellNet\base_data\training\ginger\ginger_2.csv,ginger,train
ginger_2.csv::w2,data\raw\SmellNet\base_data\training\ginger\ginger_2.csv,ginger,train
ginger_2.csv::w3,data\raw\SmellNet\base_data\training\ginger\ginger_2.csv,ginger,train
ginger_2.csv::w4,data\raw\SmellNet\base_data\training\ginger\ginger_2.csv,ginger,train
ginger_2.csv::w5,data\raw\SmellNet\base_data\training\ginger\ginger_2.csv,ginger,train
ginger_2.csv::w6,data\raw\SmellNet\base_data\training\ginger\ginger_2.csv,ginger,train
ginger_3.csv::w0,data\raw\SmellNet\base_data\training\ginger\ginger_3.csv,ginger,train
ginger_3.csv::w1,data\raw\SmellNet\base_data\training\ginger\ginger_3.csv,ginger,train
ginger_3.csv::w2,data\raw\SmellNet\base_data\training\ginger\ginger_3.csv,ginger,train
ginger_3.csv::w3,data\raw\SmellNet\base_data\training\ginger\ginger_3.csv,ginger,train
ginger_3.csv::w4,data\raw\SmellNet\base_data\training\ginger\ginger_3.csv,ginger,train
ginger_3.csv::w5,data\raw\SmellNet\base_data\training\ginger\ginger_3.csv,ginger,train
ginger_3.csv::w6,data\raw\SmellNet\base_data\training\ginger\ginger_3.csv,ginger,train
ginger_4.csv::w0,data\raw\SmellNet\base_data\training\ginger\ginger_4.csv,ginger,train
ginger_4.csv::w1,data\raw\SmellNet\base_data\training\ginger\ginger_4.csv,ginger,train
ginger_4.csv::w2,data\raw\SmellNet\base_data\training\ginger\ginger_4.csv,ginger,train
ginger_4.csv::w3,data\raw\SmellNet\base_data\training\ginger\ginger_4.csv,ginger,train
ginger_4.csv::w4,data\raw\SmellNet\base_data\training\ginger\ginger_4.csv,ginger,train
ginger_4.csv::w5,data\raw\SmellNet\base_data\training\ginger\ginger_4.csv,ginger,train
ginger_4.csv::w6,data\raw\SmellNet\base_data\training\ginger\ginger_4.csv,ginger,train
ginger_5.csv::w0,data\raw\SmellNet\base_data\training\ginger\ginger_5.csv,ginger,val
ginger_5.csv::w1,data\raw\SmellNet\base_data\training\ginger\ginger_5.csv,ginger,val
ginger_5.csv::w2,data\raw\SmellNet\base_data\training\ginger\ginger_5.csv,ginger,val
ginger_5.csv::w3,data\raw\SmellNet\base_data\training\ginger\ginger_5.csv,ginger,val
ginger_5.csv::w4,data\raw\SmellNet\base_data\training\ginger\ginger_5.csv,ginger,val
ginger_5.csv::w5,data\raw\SmellNet\base_data\training\ginger\ginger_5.csv,ginger,val
ginger_5.csv::w6,data\raw\SmellNet\base_data\training\ginger\ginger_5.csv,ginger,val
hazelnut_1.csv::w0,data\raw\SmellNet\base_data\training\hazelnut\hazelnut_1.csv,hazelnut,train
hazelnut_1.csv::w1,data\raw\SmellNet\base_data\training\hazelnut\hazelnut_1.csv,hazelnut,train
hazelnut_1.csv::w2,data\raw\SmellNet\base_data\training\hazelnut\hazelnut_1.csv,hazelnut,train
hazelnut_1.csv::w3,data\raw\SmellNet\base_data\training\hazelnut\hazelnut_1.csv,hazelnut,train
hazelnut_1.csv::w4,data\raw\SmellNet\base_data\training\hazelnut\hazelnut_1.csv,hazelnut,train
hazelnut_1.csv::w5,data\raw\SmellNet\base_data\training\hazelnut\hazelnut_1.csv,hazelnut,train
hazelnut_1.csv::w6,data\raw\SmellNet\base_data\training\hazelnut\hazelnut_1.csv,hazelnut,train
hazelnut_2.csv::w0,data\raw\SmellNet\base_data\training\hazelnut\hazelnut_2.csv,hazelnut,train
hazelnut_2.csv::w1,data\raw\SmellNet\base_data\training\hazelnut\hazelnut_2.csv,hazelnut,train
hazelnut_2.csv::w2,data\raw\SmellNet\base_data\training\hazelnut\hazelnut_2.csv,hazelnut,train
hazelnut_2.csv::w3,data\raw\SmellNet\base_data\training\hazelnut\hazelnut_2.csv,hazelnut,train
hazelnut_2.csv::w4,data\raw\SmellNet\base_data\training\hazelnut\hazelnut_2.csv,hazelnut,train
hazelnut_2.csv::w5,data\raw\SmellNet\base_data\training\hazelnut\hazelnut_2.csv,hazelnut,train
hazelnut_2.csv::w6,data\raw\SmellNet\base_data\training\hazelnut\hazelnut_2.csv,hazelnut,train
hazelnut_3.csv::w0,data\raw\SmellNet\base_data\training\hazelnut\hazelnut_3.csv,hazelnut,val
hazelnut_3.csv::w1,data\raw\SmellNet\base_data\training\hazelnut\hazelnut_3.csv,hazelnut,val
hazelnut_3.csv::w2,data\raw\SmellNet\base_data\training\hazelnut\hazelnut_3.csv,hazelnut,val
hazelnut_3.csv::w3,data\raw\SmellNet\base_data\training\hazelnut\hazelnut_3.csv,hazelnut,val
hazelnut_3.csv::w4,data\raw\SmellNet\base_data\training\hazelnut\hazelnut_3.csv,hazelnut,val
hazelnut_3.csv::w5,data\raw\SmellNet\base_data\training\hazelnut\hazelnut_3.csv,hazelnut,val
hazelnut_3.csv::w6,data\raw\SmellNet\base_data\training\hazelnut\hazelnut_3.csv,hazelnut,val
hazelnut_4.csv::w0,data\raw\SmellNet\base_data\training\hazelnut\hazelnut_4.csv,hazelnut,train
hazelnut_4.csv::w1,data\raw\SmellNet\base_data\training\hazelnut\hazelnut_4.csv,hazelnut,train
hazelnut_4.csv::w2,data\raw\SmellNet\base_data\training\hazelnut\hazelnut_4.csv,hazelnut,train
hazelnut_4.csv::w3,data\raw\SmellNet\base_data\training\hazelnut\hazelnut_4.csv,hazelnut,train
hazelnut_4.csv::w4,data\raw\SmellNet\base_data\training\hazelnut\hazelnut_4.csv,hazelnut,train
hazelnut_4.csv::w5,data\raw\SmellNet\base_data\training\hazelnut\hazelnut_4.csv,hazelnut,train
hazelnut_4.csv::w6,data\raw\SmellNet\base_data\training\hazelnut\hazelnut_4.csv,hazelnut,train
hazelnut_5.csv::w0,data\raw\SmellNet\base_data\training\hazelnut\hazelnut_5.csv,hazelnut,train
hazelnut_5.csv::w1,data\raw\SmellNet\base_data\training\hazelnut\hazelnut_5.csv,hazelnut,train
hazelnut_5.csv::w2,data\raw\SmellNet\base_data\training\hazelnut\hazelnut_5.csv,hazelnut,train
hazelnut_5.csv::w3,data\raw\SmellNet\base_data\training\hazelnut\hazelnut_5.csv,hazelnut,train
hazelnut_5.csv::w4,data\raw\SmellNet\base_data\training\hazelnut\hazelnut_5.csv,hazelnut,train
hazelnut_5.csv::w5,data\raw\SmellNet\base_data\training\hazelnut\hazelnut_5.csv,hazelnut,train
hazelnut_5.csv::w6,data\raw\SmellNet\base_data\training\hazelnut\hazelnut_5.csv,hazelnut,train
kiwi_1.csv::w0,data\raw\SmellNet\base_data\training\kiwi\kiwi_1.csv,kiwi,test
kiwi_1.csv::w1,data\raw\SmellNet\base_data\training\kiwi\kiwi_1.csv,kiwi,test
kiwi_1.csv::w2,data\raw\SmellNet\base_data\training\kiwi\kiwi_1.csv,kiwi,test
kiwi_1.csv::w3,data\raw\SmellNet\base_data\training\kiwi\kiwi_1.csv,kiwi,test
kiwi_1.csv::w4,data\raw\SmellNet\base_data\training\kiwi\kiwi_1.csv,kiwi,test
kiwi_1.csv::w5,data\raw\SmellNet\base_data\training\kiwi\kiwi_1.csv,kiwi,test
kiwi_1.csv::w6,data\raw\SmellNet\base_data\training\kiwi\kiwi_1.csv,kiwi,test
kiwi_2.csv::w0,data\raw\SmellNet\base_data\training\kiwi\kiwi_2.csv,kiwi,train
kiwi_2.csv::w1,data\raw\SmellNet\base_data\training\kiwi\kiwi_2.csv,kiwi,train
kiwi_2.csv::w2,data\raw\SmellNet\base_data\training\kiwi\kiwi_2.csv,kiwi,train
kiwi_2.csv::w3,data\raw\SmellNet\base_data\training\kiwi\kiwi_2.csv,kiwi,train
kiwi_2.csv::w4,data\raw\SmellNet\base_data\training\kiwi\kiwi_2.csv,kiwi,train
kiwi_2.csv::w5,data\raw\SmellNet\base_data\training\kiwi\kiwi_2.csv,kiwi,train
kiwi_2.csv::w6,data\raw\SmellNet\base_data\training\kiwi\kiwi_2.csv,kiwi,train
kiwi_3.csv::w0,data\raw\SmellNet\base_data\training\kiwi\kiwi_3.csv,kiwi,val
kiwi_3.csv::w1,data\raw\SmellNet\base_data\training\kiwi\kiwi_3.csv,kiwi,val
kiwi_3.csv::w2,data\raw\SmellNet\base_data\training\kiwi\kiwi_3.csv,kiwi,val
kiwi_3.csv::w3,data\raw\SmellNet\base_data\training\kiwi\kiwi_3.csv,kiwi,val
kiwi_3.csv::w4,data\raw\SmellNet\base_data\training\kiwi\kiwi_3.csv,kiwi,val
kiwi_3.csv::w5,data\raw\SmellNet\base_data\training\kiwi\kiwi_3.csv,kiwi,val
kiwi_3.csv::w6,data\raw\SmellNet\base_data\training\kiwi\kiwi_3.csv,kiwi,val
kiwi_4.csv::w0,data\raw\SmellNet\base_data\training\kiwi\kiwi_4.csv,kiwi,train
kiwi_4.csv::w1,data\raw\SmellNet\base_data\training\kiwi\kiwi_4.csv,kiwi,train
kiwi_4.csv::w2,data\raw\SmellNet\base_data\training\kiwi\kiwi_4.csv,kiwi,train
kiwi_4.csv::w3,data\raw\SmellNet\base_data\training\kiwi\kiwi_4.csv,kiwi,train
kiwi_4.csv::w4,data\raw\SmellNet\base_data\training\kiwi\kiwi_4.csv,kiwi,train
kiwi_4.csv::w5,data\raw\SmellNet\base_data\training\kiwi\kiwi_4.csv,kiwi,train
kiwi_4.csv::w6,data\raw\SmellNet\base_data\training\kiwi\kiwi_4.csv,kiwi,train
kiwi_5.csv::w0,data\raw\SmellNet\base_data\training\kiwi\kiwi_5.csv,kiwi,train
kiwi_5.csv::w1,data\raw\SmellNet\base_data\training\kiwi\kiwi_5.csv,kiwi,train
kiwi_5.csv::w2,data\raw\SmellNet\base_data\training\kiwi\kiwi_5.csv,kiwi,train
kiwi_5.csv::w3,data\raw\SmellNet\base_data\training\kiwi\kiwi_5.csv,kiwi,train
kiwi_5.csv::w4,data\raw\SmellNet\base_data\training\kiwi\kiwi_5.csv,kiwi,train
kiwi_5.csv::w5,data\raw\SmellNet\base_data\training\kiwi\kiwi_5.csv,kiwi,train
kiwi_5.csv::w6,data\raw\SmellNet\base_data\training\kiwi\kiwi_5.csv,kiwi,train
lemon_1.csv::w0,data\raw\SmellNet\base_data\training\lemon\lemon_1.csv,lemon,test
lemon_1.csv::w1,data\raw\SmellNet\base_data\training\lemon\lemon_1.csv,lemon,test
lemon_1.csv::w2,data\raw\SmellNet\base_data\training\lemon\lemon_1.csv,lemon,test
lemon_1.csv::w3,data\raw\SmellNet\base_data\training\lemon\lemon_1.csv,lemon,test
lemon_1.csv::w4,data\raw\SmellNet\base_data\training\lemon\lemon_1.csv,lemon,test
lemon_1.csv::w5,data\raw\SmellNet\base_data\training\lemon\lemon_1.csv,lemon,test
lemon_1.csv::w6,data\raw\SmellNet\base_data\training\lemon\lemon_1.csv,lemon,test
lemon_2.csv::w0,data\raw\SmellNet\base_data\training\lemon\lemon_2.csv,lemon,train
lemon_2.csv::w1,data\raw\SmellNet\base_data\training\lemon\lemon_2.csv,lemon,train
lemon_2.csv::w2,data\raw\SmellNet\base_data\training\lemon\lemon_2.csv,lemon,train
lemon_2.csv::w3,data\raw\SmellNet\base_data\training\lemon\lemon_2.csv,lemon,train
lemon_2.csv::w4,data\raw\SmellNet\base_data\training\lemon\lemon_2.csv,lemon,train
lemon_2.csv::w5,data\raw\SmellNet\base_data\training\lemon\lemon_2.csv,lemon,train
lemon_2.csv::w6,data\raw\SmellNet\base_data\training\lemon\lemon_2.csv,lemon,train
lemon_3.csv::w0,data\raw\SmellNet\base_data\training\lemon\lemon_3.csv,lemon,test
lemon_3.csv::w1,data\raw\SmellNet\base_data\training\lemon\lemon_3.csv,lemon,test
lemon_3.csv::w2,data\raw\SmellNet\base_data\training\lemon\lemon_3.csv,lemon,test
lemon_3.csv::w3,data\raw\SmellNet\base_data\training\lemon\lemon_3.csv,lemon,test
lemon_3.csv::w4,data\raw\SmellNet\base_data\training\lemon\lemon_3.csv,lemon,test
lemon_3.csv::w5,data\raw\SmellNet\base_data\training\lemon\lemon_3.csv,lemon,test
lemon_3.csv::w6,data\raw\SmellNet\base_data\training\lemon\lemon_3.csv,lemon,test
lemon_4.csv::w0,data\raw\SmellNet\base_data\training\lemon\lemon_4.csv,lemon,train
lemon_4.csv::w1,data\raw\SmellNet\base_data\training\lemon\lemon_4.csv,lemon,train
lemon_4.csv::w2,data\raw\SmellNet\base_data\training\lemon\lemon_4.csv,lemon,train
lemon_4.csv::w3,data\raw\SmellNet\base_data\training\lemon\lemon_4.csv,lemon,train
lemon_4.csv::w4,data\raw\SmellNet\base_data\training\lemon\lemon_4.csv,lemon,train
lemon_4.csv::w5,data\raw\SmellNet\base_data\training\lemon\lemon_4.csv,lemon,train
lemon_4.csv::w6,data\raw\SmellNet\base_data\training\lemon\lemon_4.csv,lemon,train
lemon_5.csv::w0,data\raw\SmellNet\base_data\training\lemon\lemon_5.csv,lemon,train
lemon_5.csv::w1,data\raw\SmellNet\base_data\training\lemon\lemon_5.csv,lemon,train
lemon_5.csv::w2,data\raw\SmellNet\base_data\training\lemon\lemon_5.csv,lemon,train
lemon_5.csv::w3,data\raw\SmellNet\base_data\training\lemon\lemon_5.csv,lemon,train
lemon_5.csv::w4,data\raw\SmellNet\base_data\training\lemon\lemon_5.csv,lemon,train
lemon_5.csv::w5,data\raw\SmellNet\base_data\training\lemon\lemon_5.csv,lemon,train
lemon_5.csv::w6,data\raw\SmellNet\base_data\training\lemon\lemon_5.csv,lemon,train
mandarin_orange_1.csv::w0,data\raw\SmellNet\base_data\training\mandarin_orange\mandarin_orange_1.csv,mandarin_orange,train
mandarin_orange_1.csv::w1,data\raw\SmellNet\base_data\training\mandarin_orange\mandarin_orange_1.csv,mandarin_orange,train
mandarin_orange_1.csv::w2,data\raw\SmellNet\base_data\training\mandarin_orange\mandarin_orange_1.csv,mandarin_orange,train
mandarin_orange_1.csv::w3,data\raw\SmellNet\base_data\training\mandarin_orange\mandarin_orange_1.csv,mandarin_orange,train
mandarin_orange_1.csv::w4,data\raw\SmellNet\base_data\training\mandarin_orange\mandarin_orange_1.csv,mandarin_orange,train
mandarin_orange_1.csv::w5,data\raw\SmellNet\base_data\training\mandarin_orange\mandarin_orange_1.csv,mandarin_orange,train
mandarin_orange_1.csv::w6,data\raw\SmellNet\base_data\training\mandarin_orange\mandarin_orange_1.csv,mandarin_orange,train
mandarin_orange_2.csv::w0,data\raw\SmellNet\base_data\training\mandarin_orange\mandarin_orange_2.csv,mandarin_orange,val
mandarin_orange_2.csv::w1,data\raw\SmellNet\base_data\training\mandarin_orange\mandarin_orange_2.csv,mandarin_orange,val
mandarin_orange_2.csv::w2,data\raw\SmellNet\base_data\training\mandarin_orange\mandarin_orange_2.csv,mandarin_orange,val
mandarin_orange_2.csv::w3,data\raw\SmellNet\base_data\training\mandarin_orange\mandarin_orange_2.csv,mandarin_orange,val
mandarin_orange_2.csv::w4,data\raw\SmellNet\base_data\training\mandarin_orange\mandarin_orange_2.csv,mandarin_orange,val
mandarin_orange_2.csv::w5,data\raw\SmellNet\base_data\training\mandarin_orange\mandarin_orange_2.csv,mandarin_orange,val
mandarin_orange_2.csv::w6,data\raw\SmellNet\base_data\training\mandarin_orange\mandarin_orange_2.csv,mandarin_orange,val
mandarin_orange_3.csv::w0,data\raw\SmellNet\base_data\training\mandarin_orange\mandarin_orange_3.csv,mandarin_orange,train
mandarin_orange_3.csv::w1,data\raw\SmellNet\base_data\training\mandarin_orange\mandarin_orange_3.csv,mandarin_orange,train
mandarin_orange_3.csv::w2,data\raw\SmellNet\base_data\training\mandarin_orange\mandarin_orange_3.csv,mandarin_orange,train
mandarin_orange_3.csv::w3,data\raw\SmellNet\base_data\training\mandarin_orange\mandarin_orange_3.csv,mandarin_orange,train
mandarin_orange_3.csv::w4,data\raw\SmellNet\base_data\training\mandarin_orange\mandarin_orange_3.csv,mandarin_orange,train
mandarin_orange_3.csv::w5,data\raw\SmellNet\base_data\training\mandarin_orange\mandarin_orange_3.csv,mandarin_orange,train
mandarin_orange_3.csv::w6,data\raw\SmellNet\base_data\training\mandarin_orange\mandarin_orange_3.csv,mandarin_orange,train
mandarin_orange_4.csv::w0,data\raw\SmellNet\base_data\training\mandarin_orange\mandarin_orange_4.csv,mandarin_orange,val
mandarin_orange_4.csv::w1,data\raw\SmellNet\base_data\training\mandarin_orange\mandarin_orange_4.csv,mandarin_orange,val
mandarin_orange_4.csv::w2,data\raw\SmellNet\base_data\training\mandarin_orange\mandarin_orange_4.csv,mandarin_orange,val
mandarin_orange_4.csv::w3,data\raw\SmellNet\base_data\training\mandarin_orange\mandarin_orange_4.csv,mandarin_orange,val
mandarin_orange_4.csv::w4,data\raw\SmellNet\base_data\training\mandarin_orange\mandarin_orange_4.csv,mandarin_orange,val
mandarin_orange_4.csv::w5,data\raw\SmellNet\base_data\training\mandarin_orange\mandarin_orange_4.csv,mandarin_orange,val
mandarin_orange_4.csv::w6,data\raw\SmellNet\base_data\training\mandarin_orange\mandarin_orange_4.csv,mandarin_orange,val
mandarin_orange_5.csv::w0,data\raw\SmellNet\base_data\training\mandarin_orange\mandarin_orange_5.csv,mandarin_orange,val
mandarin_orange_5.csv::w1,data\raw\SmellNet\base_data\training\mandarin_orange\mandarin_orange_5.csv,mandarin_orange,val
mandarin_orange_5.csv::w2,data\raw\SmellNet\base_data\training\mandarin_orange\mandarin_orange_5.csv,mandarin_orange,val
mandarin_orange_5.csv::w3,data\raw\SmellNet\base_data\training\mandarin_orange\mandarin_orange_5.csv,mandarin_orange,val
mandarin_orange_5.csv::w4,data\raw\SmellNet\base_data\training\mandarin_orange\mandarin_orange_5.csv,mandarin_orange,val
mandarin_orange_5.csv::w5,data\raw\SmellNet\base_data\training\mandarin_orange\mandarin_orange_5.csv,mandarin_orange,val
mandarin_orange_5.csv::w6,data\raw\SmellNet\base_data\training\mandarin_orange\mandarin_orange_5.csv,mandarin_orange,val
mango_1.csv::w0,data\raw\SmellNet\base_data\training\mango\mango_1.csv,mango,train
mango_1.csv::w1,data\raw\SmellNet\base_data\training\mango\mango_1.csv,mango,train
mango_1.csv::w2,data\raw\SmellNet\base_data\training\mango\mango_1.csv,mango,train
mango_1.csv::w3,data\raw\SmellNet\base_data\training\mango\mango_1.csv,mango,train
mango_1.csv::w4,data\raw\SmellNet\base_data\training\mango\mango_1.csv,mango,train
mango_1.csv::w5,data\raw\SmellNet\base_data\training\mango\mango_1.csv,mango,train
mango_1.csv::w6,data\raw\SmellNet\base_data\training\mango\mango_1.csv,mango,train
mango_2.csv::w0,data\raw\SmellNet\base_data\training\mango\mango_2.csv,mango,train
mango_2.csv::w1,data\raw\SmellNet\base_data\training\mango\mango_2.csv,mango,train
mango_2.csv::w2,data\raw\SmellNet\base_data\training\mango\mango_2.csv,mango,train
mango_2.csv::w3,data\raw\SmellNet\base_data\training\mango\mango_2.csv,mango,train
mango_2.csv::w4,data\raw\SmellNet\base_data\training\mango\mango_2.csv,mango,train
mango_2.csv::w5,data\raw\SmellNet\base_data\training\mango\mango_2.csv,mango,train
mango_2.csv::w6,data\raw\SmellNet\base_data\training\mango\mango_2.csv,mango,train
mango_3.csv::w0,data\raw\SmellNet\base_data\training\mango\mango_3.csv,mango,test
mango_3.csv::w1,data\raw\SmellNet\base_data\training\mango\mango_3.csv,mango,test
mango_3.csv::w2,data\raw\SmellNet\base_data\training\mango\mango_3.csv,mango,test
mango_3.csv::w3,data\raw\SmellNet\base_data\training\mango\mango_3.csv,mango,test
mango_3.csv::w4,data\raw\SmellNet\base_data\training\mango\mango_3.csv,mango,test
mango_3.csv::w5,data\raw\SmellNet\base_data\training\mango\mango_3.csv,mango,test
mango_3.csv::w6,data\raw\SmellNet\base_data\training\mango\mango_3.csv,mango,test
mango_4.csv::w0,data\raw\SmellNet\base_data\training\mango\mango_4.csv,mango,val
mango_4.csv::w1,data\raw\SmellNet\base_data\training\mango\mango_4.csv,mango,val
mango_4.csv::w2,data\raw\SmellNet\base_data\training\mango\mango_4.csv,mango,val
mango_4.csv::w3,data\raw\SmellNet\base_data\training\mango\mango_4.csv,mango,val
mango_4.csv::w4,data\raw\SmellNet\base_data\training\mango\mango_4.csv,mango,val
mango_4.csv::w5,data\raw\SmellNet\base_data\training\mango\mango_4.csv,mango,val
mango_4.csv::w6,data\raw\SmellNet\base_data\training\mango\mango_4.csv,mango,val
mango_5.csv::w0,data\raw\SmellNet\base_data\training\mango\mango_5.csv,mango,train
mango_5.csv::w1,data\raw\SmellNet\base_data\training\mango\mango_5.csv,mango,train
mango_5.csv::w2,data\raw\SmellNet\base_data\training\mango\mango_5.csv,mango,train
mango_5.csv::w3,data\raw\SmellNet\base_data\training\mango\mango_5.csv,mango,train
mango_5.csv::w4,data\raw\SmellNet\base_data\training\mango\mango_5.csv,mango,train
mango_5.csv::w5,data\raw\SmellNet\base_data\training\mango\mango_5.csv,mango,train
mango_5.csv::w6,data\raw\SmellNet\base_data\training\mango\mango_5.csv,mango,train
mint_1.csv::w0,data\raw\SmellNet\base_data\training\mint\mint_1.csv,mint,train
mint_1.csv::w1,data\raw\SmellNet\base_data\training\mint\mint_1.csv,mint,train
mint_1.csv::w2,data\raw\SmellNet\base_data\training\mint\mint_1.csv,mint,train
mint_1.csv::w3,data\raw\SmellNet\base_data\training\mint\mint_1.csv,mint,train
mint_1.csv::w4,data\raw\SmellNet\base_data\training\mint\mint_1.csv,mint,train
mint_1.csv::w5,data\raw\SmellNet\base_data\training\mint\mint_1.csv,mint,train
mint_1.csv::w6,data\raw\SmellNet\base_data\training\mint\mint_1.csv,mint,train
mint_2.csv::w0,data\raw\SmellNet\base_data\training\mint\mint_2.csv,mint,test
mint_2.csv::w1,data\raw\SmellNet\base_data\training\mint\mint_2.csv,mint,test
mint_2.csv::w2,data\raw\SmellNet\base_data\training\mint\mint_2.csv,mint,test
mint_2.csv::w3,data\raw\SmellNet\base_data\training\mint\mint_2.csv,mint,test
mint_2.csv::w4,data\raw\SmellNet\base_data\training\mint\mint_2.csv,mint,test
mint_2.csv::w5,data\raw\SmellNet\base_data\training\mint\mint_2.csv,mint,test
mint_2.csv::w6,data\raw\SmellNet\base_data\training\mint\mint_2.csv,mint,test
mint_3.csv::w0,data\raw\SmellNet\base_data\training\mint\mint_3.csv,mint,train
mint_3.csv::w1,data\raw\SmellNet\base_data\training\mint\mint_3.csv,mint,train
mint_3.csv::w2,data\raw\SmellNet\base_data\training\mint\mint_3.csv,mint,train
mint_3.csv::w3,data\raw\SmellNet\base_data\training\mint\mint_3.csv,mint,train
mint_3.csv::w4,data\raw\SmellNet\base_data\training\mint\mint_3.csv,mint,train
mint_3.csv::w5,data\raw\SmellNet\base_data\training\mint\mint_3.csv,mint,train
mint_3.csv::w6,data\raw\SmellNet\base_data\training\mint\mint_3.csv,mint,train
mint_4.csv::w0,data\raw\SmellNet\base_data\training\mint\mint_4.csv,mint,train
mint_4.csv::w1,data\raw\SmellNet\base_data\training\mint\mint_4.csv,mint,train
mint_4.csv::w2,data\raw\SmellNet\base_data\training\mint\mint_4.csv,mint,train
mint_4.csv::w3,data\raw\SmellNet\base_data\training\mint\mint_4.csv,mint,train
mint_4.csv::w4,data\raw\SmellNet\base_data\training\mint\mint_4.csv,mint,train
mint_4.csv::w5,data\raw\SmellNet\base_data\training\mint\mint_4.csv,mint,train
mint_4.csv::w6,data\raw\SmellNet\base_data\training\mint\mint_4.csv,mint,train
mint_5.csv::w0,data\raw\SmellNet\base_data\training\mint\mint_5.csv,mint,train
mint_5.csv::w1,data\raw\SmellNet\base_data\training\mint\mint_5.csv,mint,train
mint_5.csv::w2,data\raw\SmellNet\base_data\training\mint\mint_5.csv,mint,train
mint_5.csv::w3,data\raw\SmellNet\base_data\training\mint\mint_5.csv,mint,train
mint_5.csv::w4,data\raw\SmellNet\base_data\training\mint\mint_5.csv,mint,train
mint_5.csv::w5,data\raw\SmellNet\base_data\training\mint\mint_5.csv,mint,train
mint_5.csv::w6,data\raw\SmellNet\base_data\training\mint\mint_5.csv,mint,train
mugwort_1.csv::w0,data\raw\SmellNet\base_data\training\mugwort\mugwort_1.csv,mugwort,train
mugwort_1.csv::w1,data\raw\SmellNet\base_data\training\mugwort\mugwort_1.csv,mugwort,train
mugwort_1.csv::w2,data\raw\SmellNet\base_data\training\mugwort\mugwort_1.csv,mugwort,train
mugwort_1.csv::w3,data\raw\SmellNet\base_data\training\mugwort\mugwort_1.csv,mugwort,train
mugwort_1.csv::w4,data\raw\SmellNet\base_data\training\mugwort\mugwort_1.csv,mugwort,train
mugwort_1.csv::w5,data\raw\SmellNet\base_data\training\mugwort\mugwort_1.csv,mugwort,train
mugwort_1.csv::w6,data\raw\SmellNet\base_data\training\mugwort\mugwort_1.csv,mugwort,train
mugwort_2.csv::w0,data\raw\SmellNet\base_data\training\mugwort\mugwort_2.csv,mugwort,train
mugwort_2.csv::w1,data\raw\SmellNet\base_data\training\mugwort\mugwort_2.csv,mugwort,train
mugwort_2.csv::w2,data\raw\SmellNet\base_data\training\mugwort\mugwort_2.csv,mugwort,train
mugwort_2.csv::w3,data\raw\SmellNet\base_data\training\mugwort\mugwort_2.csv,mugwort,train
mugwort_2.csv::w4,data\raw\SmellNet\base_data\training\mugwort\mugwort_2.csv,mugwort,train
mugwort_2.csv::w5,data\raw\SmellNet\base_data\training\mugwort\mugwort_2.csv,mugwort,train
mugwort_2.csv::w6,data\raw\SmellNet\base_data\training\mugwort\mugwort_2.csv,mugwort,train
mugwort_3.csv::w0,data\raw\SmellNet\base_data\training\mugwort\mugwort_3.csv,mugwort,train
mugwort_3.csv::w1,data\raw\SmellNet\base_data\training\mugwort\mugwort_3.csv,mugwort,train
mugwort_3.csv::w2,data\raw\SmellNet\base_data\training\mugwort\mugwort_3.csv,mugwort,train
mugwort_3.csv::w3,data\raw\SmellNet\base_data\training\mugwort\mugwort_3.csv,mugwort,train
mugwort_3.csv::w4,data\raw\SmellNet\base_data\training\mugwort\mugwort_3.csv,mugwort,train
mugwort_3.csv::w5,data\raw\SmellNet\base_data\training\mugwort\mugwort_3.csv,mugwort,train
mugwort_3.csv::w6,data\raw\SmellNet\base_data\training\mugwort\mugwort_3.csv,mugwort,train
mugwort_4.csv::w0,data\raw\SmellNet\base_data\training\mugwort\mugwort_4.csv,mugwort,test
mugwort_4.csv::w1,data\raw\SmellNet\base_data\training\mugwort\mugwort_4.csv,mugwort,test
mugwort_4.csv::w2,data\raw\SmellNet\base_data\training\mugwort\mugwort_4.csv,mugwort,test
mugwort_4.csv::w3,data\raw\SmellNet\base_data\training\mugwort\mugwort_4.csv,mugwort,test
mugwort_4.csv::w4,data\raw\SmellNet\base_data\training\mugwort\mugwort_4.csv,mugwort,test
mugwort_4.csv::w5,data\raw\SmellNet\base_data\training\mugwort\mugwort_4.csv,mugwort,test
mugwort_4.csv::w6,data\raw\SmellNet\base_data\training\mugwort\mugwort_4.csv,mugwort,test
mugwort_5.csv::w0,data\raw\SmellNet\base_data\training\mugwort\mugwort_5.csv,mugwort,val
mugwort_5.csv::w1,data\raw\SmellNet\base_data\training\mugwort\mugwort_5.csv,mugwort,val
mugwort_5.csv::w2,data\raw\SmellNet\base_data\training\mugwort\mugwort_5.csv,mugwort,val
mugwort_5.csv::w3,data\raw\SmellNet\base_data\training\mugwort\mugwort_5.csv,mugwort,val
mugwort_5.csv::w4,data\raw\SmellNet\base_data\training\mugwort\mugwort_5.csv,mugwort,val
mugwort_5.csv::w5,data\raw\SmellNet\base_data\training\mugwort\mugwort_5.csv,mugwort,val
mugwort_5.csv::w6,data\raw\SmellNet\base_data\training\mugwort\mugwort_5.csv,mugwort,val
mustard_1.csv::w0,data\raw\SmellNet\base_data\training\mustard\mustard_1.csv,mustard,train
mustard_1.csv::w1,data\raw\SmellNet\base_data\training\mustard\mustard_1.csv,mustard,train
mustard_1.csv::w2,data\raw\SmellNet\base_data\training\mustard\mustard_1.csv,mustard,train
mustard_1.csv::w3,data\raw\SmellNet\base_data\training\mustard\mustard_1.csv,mustard,train
mustard_1.csv::w4,data\raw\SmellNet\base_data\training\mustard\mustard_1.csv,mustard,train
mustard_1.csv::w5,data\raw\SmellNet\base_data\training\mustard\mustard_1.csv,mustard,train
mustard_1.csv::w6,data\raw\SmellNet\base_data\training\mustard\mustard_1.csv,mustard,train
mustard_2.csv::w0,data\raw\SmellNet\base_data\training\mustard\mustard_2.csv,mustard,train
mustard_2.csv::w1,data\raw\SmellNet\base_data\training\mustard\mustard_2.csv,mustard,train
mustard_2.csv::w2,data\raw\SmellNet\base_data\training\mustard\mustard_2.csv,mustard,train
mustard_2.csv::w3,data\raw\SmellNet\base_data\training\mustard\mustard_2.csv,mustard,train
mustard_2.csv::w4,data\raw\SmellNet\base_data\training\mustard\mustard_2.csv,mustard,train
mustard_2.csv::w5,data\raw\SmellNet\base_data\training\mustard\mustard_2.csv,mustard,train
mustard_2.csv::w6,data\raw\SmellNet\base_data\training\mustard\mustard_2.csv,mustard,train
mustard_3.csv::w0,data\raw\SmellNet\base_data\training\mustard\mustard_3.csv,mustard,val
mustard_3.csv::w1,data\raw\SmellNet\base_data\training\mustard\mustard_3.csv,mustard,val
mustard_3.csv::w2,data\raw\SmellNet\base_data\training\mustard\mustard_3.csv,mustard,val
mustard_3.csv::w3,data\raw\SmellNet\base_data\training\mustard\mustard_3.csv,mustard,val
mustard_3.csv::w4,data\raw\SmellNet\base_data\training\mustard\mustard_3.csv,mustard,val
mustard_3.csv::w5,data\raw\SmellNet\base_data\training\mustard\mustard_3.csv,mustard,val
mustard_3.csv::w6,data\raw\SmellNet\base_data\training\mustard\mustard_3.csv,mustard,val
mustard_4.csv::w0,data\raw\SmellNet\base_data\training\mustard\mustard_4.csv,mustard,train
mustard_4.csv::w1,data\raw\SmellNet\base_data\training\mustard\mustard_4.csv,mustard,train
mustard_4.csv::w2,data\raw\SmellNet\base_data\training\mustard\mustard_4.csv,mustard,train
mustard_4.csv::w3,data\raw\SmellNet\base_data\training\mustard\mustard_4.csv,mustard,train
mustard_4.csv::w4,data\raw\SmellNet\base_data\training\mustard\mustard_4.csv,mustard,train
mustard_4.csv::w5,data\raw\SmellNet\base_data\training\mustard\mustard_4.csv,mustard,train
mustard_4.csv::w6,data\raw\SmellNet\base_data\training\mustard\mustard_4.csv,mustard,train
mustard_5.csv::w0,data\raw\SmellNet\base_data\training\mustard\mustard_5.csv,mustard,train
mustard_5.csv::w1,data\raw\SmellNet\base_data\training\mustard\mustard_5.csv,mustard,train
mustard_5.csv::w2,data\raw\SmellNet\base_data\training\mustard\mustard_5.csv,mustard,train
mustard_5.csv::w3,data\raw\SmellNet\base_data\training\mustard\mustard_5.csv,mustard,train
mustard_5.csv::w4,data\raw\SmellNet\base_data\training\mustard\mustard_5.csv,mustard,train
mustard_5.csv::w5,data\raw\SmellNet\base_data\training\mustard\mustard_5.csv,mustard,train
mustard_5.csv::w6,data\raw\SmellNet\base_data\training\mustard\mustard_5.csv,mustard,train
nutmeg_1.csv::w0,data\raw\SmellNet\base_data\training\nutmeg\nutmeg_1.csv,nutmeg,train
nutmeg_1.csv::w1,data\raw\SmellNet\base_data\training\nutmeg\nutmeg_1.csv,nutmeg,train
nutmeg_1.csv::w2,data\raw\SmellNet\base_data\training\nutmeg\nutmeg_1.csv,nutmeg,train
nutmeg_1.csv::w3,data\raw\SmellNet\base_data\training\nutmeg\nutmeg_1.csv,nutmeg,train
nutmeg_1.csv::w4,data\raw\SmellNet\base_data\training\nutmeg\nutmeg_1.csv,nutmeg,train
nutmeg_1.csv::w5,data\raw\SmellNet\base_data\training\nutmeg\nutmeg_1.csv,nutmeg,train
nutmeg_1.csv::w6,data\raw\SmellNet\base_data\training\nutmeg\nutmeg_1.csv,nutmeg,train
nutmeg_2.csv::w0,data\raw\SmellNet\base_data\training\nutmeg\nutmeg_2.csv,nutmeg,test
nutmeg_2.csv::w1,data\raw\SmellNet\base_data\training\nutmeg\nutmeg_2.csv,nutmeg,test
nutmeg_2.csv::w2,data\raw\SmellNet\base_data\training\nutmeg\nutmeg_2.csv,nutmeg,test
nutmeg_2.csv::w3,data\raw\SmellNet\base_data\training\nutmeg\nutmeg_2.csv,nutmeg,test
nutmeg_2.csv::w4,data\raw\SmellNet\base_data\training\nutmeg\nutmeg_2.csv,nutmeg,test
nutmeg_2.csv::w5,data\raw\SmellNet\base_data\training\nutmeg\nutmeg_2.csv,nutmeg,test
nutmeg_2.csv::w6,data\raw\SmellNet\base_data\training\nutmeg\nutmeg_2.csv,nutmeg,test
nutmeg_3.csv::w0,data\raw\SmellNet\base_data\training\nutmeg\nutmeg_3.csv,nutmeg,val
nutmeg_3.csv::w1,data\raw\SmellNet\base_data\training\nutmeg\nutmeg_3.csv,nutmeg,val
nutmeg_3.csv::w2,data\raw\SmellNet\base_data\training\nutmeg\nutmeg_3.csv,nutmeg,val
nutmeg_3.csv::w3,data\raw\SmellNet\base_data\training\nutmeg\nutmeg_3.csv,nutmeg,val
nutmeg_3.csv::w4,data\raw\SmellNet\base_data\training\nutmeg\nutmeg_3.csv,nutmeg,val
nutmeg_3.csv::w5,data\raw\SmellNet\base_data\training\nutmeg\nutmeg_3.csv,nutmeg,val
nutmeg_3.csv::w6,data\raw\SmellNet\base_data\training\nutmeg\nutmeg_3.csv,nutmeg,val
nutmeg_4.csv::w0,data\raw\SmellNet\base_data\training\nutmeg\nutmeg_4.csv,nutmeg,train
nutmeg_4.csv::w1,data\raw\SmellNet\base_data\training\nutmeg\nutmeg_4.csv,nutmeg,train
nutmeg_4.csv::w2,data\raw\SmellNet\base_data\training\nutmeg\nutmeg_4.csv,nutmeg,train
nutmeg_4.csv::w3,data\raw\SmellNet\base_data\training\nutmeg\nutmeg_4.csv,nutmeg,train
nutmeg_4.csv::w4,data\raw\SmellNet\base_data\training\nutmeg\nutmeg_4.csv,nutmeg,train
nutmeg_4.csv::w5,data\raw\SmellNet\base_data\training\nutmeg\nutmeg_4.csv,nutmeg,train
nutmeg_4.csv::w6,data\raw\SmellNet\base_data\training\nutmeg\nutmeg_4.csv,nutmeg,train
nutmeg_5.csv::w0,data\raw\SmellNet\base_data\training\nutmeg\nutmeg_5.csv,nutmeg,train
nutmeg_5.csv::w1,data\raw\SmellNet\base_data\training\nutmeg\nutmeg_5.csv,nutmeg,train
nutmeg_5.csv::w2,data\raw\SmellNet\base_data\training\nutmeg\nutmeg_5.csv,nutmeg,train
nutmeg_5.csv::w3,data\raw\SmellNet\base_data\training\nutmeg\nutmeg_5.csv,nutmeg,train
nutmeg_5.csv::w4,data\raw\SmellNet\base_data\training\nutmeg\nutmeg_5.csv,nutmeg,train
nutmeg_5.csv::w5,data\raw\SmellNet\base_data\training\nutmeg\nutmeg_5.csv,nutmeg,train
nutmeg_5.csv::w6,data\raw\SmellNet\base_data\training\nutmeg\nutmeg_5.csv,nutmeg,train
oregano_1.csv::w0,data\raw\SmellNet\base_data\training\oregano\oregano_1.csv,oregano,test
oregano_1.csv::w1,data\raw\SmellNet\base_data\training\oregano\oregano_1.csv,oregano,test
oregano_1.csv::w2,data\raw\SmellNet\base_data\training\oregano\oregano_1.csv,oregano,test
oregano_1.csv::w3,data\raw\SmellNet\base_data\training\oregano\oregano_1.csv,oregano,test
oregano_1.csv::w4,data\raw\SmellNet\base_data\training\oregano\oregano_1.csv,oregano,test
oregano_1.csv::w5,data\raw\SmellNet\base_data\training\oregano\oregano_1.csv,oregano,test
oregano_1.csv::w6,data\raw\SmellNet\base_data\training\oregano\oregano_1.csv,oregano,test
oregano_2.csv::w0,data\raw\SmellNet\base_data\training\oregano\oregano_2.csv,oregano,val
oregano_2.csv::w1,data\raw\SmellNet\base_data\training\oregano\oregano_2.csv,oregano,val
oregano_2.csv::w2,data\raw\SmellNet\base_data\training\oregano\oregano_2.csv,oregano,val
oregano_2.csv::w3,data\raw\SmellNet\base_data\training\oregano\oregano_2.csv,oregano,val
oregano_2.csv::w4,data\raw\SmellNet\base_data\training\oregano\oregano_2.csv,oregano,val
oregano_2.csv::w5,data\raw\SmellNet\base_data\training\oregano\oregano_2.csv,oregano,val
oregano_2.csv::w6,data\raw\SmellNet\base_data\training\oregano\oregano_2.csv,oregano,val
oregano_3.csv::w0,data\raw\SmellNet\base_data\training\oregano\oregano_3.csv,oregano,val
oregano_3.csv::w1,data\raw\SmellNet\base_data\training\oregano\oregano_3.csv,oregano,val
oregano_3.csv::w2,data\raw\SmellNet\base_data\training\oregano\oregano_3.csv,oregano,val
oregano_3.csv::w3,data\raw\SmellNet\base_data\training\oregano\oregano_3.csv,oregano,val
oregano_3.csv::w4,data\raw\SmellNet\base_data\training\oregano\oregano_3.csv,oregano,val
oregano_3.csv::w5,data\raw\SmellNet\base_data\training\oregano\oregano_3.csv,oregano,val
oregano_3.csv::w6,data\raw\SmellNet\base_data\training\oregano\oregano_3.csv,oregano,val
oregano_4.csv::w0,data\raw\SmellNet\base_data\training\oregano\oregano_4.csv,oregano,test
oregano_4.csv::w1,data\raw\SmellNet\base_data\training\oregano\oregano_4.csv,oregano,test
oregano_4.csv::w2,data\raw\SmellNet\base_data\training\oregano\oregano_4.csv,oregano,test
oregano_4.csv::w3,data\raw\SmellNet\base_data\training\oregano\oregano_4.csv,oregano,test
oregano_4.csv::w4,data\raw\SmellNet\base_data\training\oregano\oregano_4.csv,oregano,test
oregano_4.csv::w5,data\raw\SmellNet\base_data\training\oregano\oregano_4.csv,oregano,test
oregano_4.csv::w6,data\raw\SmellNet\base_data\training\oregano\oregano_4.csv,oregano,test
oregano_5.csv::w0,data\raw\SmellNet\base_data\training\oregano\oregano_5.csv,oregano,train
oregano_5.csv::w1,data\raw\SmellNet\base_data\training\oregano\oregano_5.csv,oregano,train
oregano_5.csv::w2,data\raw\SmellNet\base_data\training\oregano\oregano_5.csv,oregano,train
oregano_5.csv::w3,data\raw\SmellNet\base_data\training\oregano\oregano_5.csv,oregano,train
oregano_5.csv::w4,data\raw\SmellNet\base_data\training\oregano\oregano_5.csv,oregano,train
oregano_5.csv::w5,data\raw\SmellNet\base_data\training\oregano\oregano_5.csv,oregano,train
oregano_5.csv::w6,data\raw\SmellNet\base_data\training\oregano\oregano_5.csv,oregano,train
peach_1.csv::w0,data\raw\SmellNet\base_data\training\peach\peach_1.csv,peach,train
peach_1.csv::w1,data\raw\SmellNet\base_data\training\peach\peach_1.csv,peach,train
peach_1.csv::w2,data\raw\SmellNet\base_data\training\peach\peach_1.csv,peach,train
peach_1.csv::w3,data\raw\SmellNet\base_data\training\peach\peach_1.csv,peach,train
peach_1.csv::w4,data\raw\SmellNet\base_data\training\peach\peach_1.csv,peach,train
peach_1.csv::w5,data\raw\SmellNet\base_data\training\peach\peach_1.csv,peach,train
peach_1.csv::w6,data\raw\SmellNet\base_data\training\peach\peach_1.csv,peach,train
peach_2.csv::w0,data\raw\SmellNet\base_data\training\peach\peach_2.csv,peach,test
peach_2.csv::w1,data\raw\SmellNet\base_data\training\peach\peach_2.csv,peach,test
peach_2.csv::w2,data\raw\SmellNet\base_data\training\peach\peach_2.csv,peach,test
peach_2.csv::w3,data\raw\SmellNet\base_data\training\peach\peach_2.csv,peach,test
peach_2.csv::w4,data\raw\SmellNet\base_data\training\peach\peach_2.csv,peach,test
peach_2.csv::w5,data\raw\SmellNet\base_data\training\peach\peach_2.csv,peach,test
peach_2.csv::w6,data\raw\SmellNet\base_data\training\peach\peach_2.csv,peach,test
peach_3.csv::w0,data\raw\SmellNet\base_data\training\peach\peach_3.csv,peach,train
peach_3.csv::w1,data\raw\SmellNet\base_data\training\peach\peach_3.csv,peach,train
peach_3.csv::w2,data\raw\SmellNet\base_data\training\peach\peach_3.csv,peach,train
peach_3.csv::w3,data\raw\SmellNet\base_data\training\peach\peach_3.csv,peach,train
peach_3.csv::w4,data\raw\SmellNet\base_data\training\peach\peach_3.csv,peach,train
peach_3.csv::w5,data\raw\SmellNet\base_data\training\peach\peach_3.csv,peach,train
peach_3.csv::w6,data\raw\SmellNet\base_data\training\peach\peach_3.csv,peach,train
peach_4.csv::w0,data\raw\SmellNet\base_data\training\peach\peach_4.csv,peach,train
peach_4.csv::w1,data\raw\SmellNet\base_data\training\peach\peach_4.csv,peach,train
peach_4.csv::w2,data\raw\SmellNet\base_data\training\peach\peach_4.csv,peach,train
peach_4.csv::w3,data\raw\SmellNet\base_data\training\peach\peach_4.csv,peach,train
peach_4.csv::w4,data\raw\SmellNet\base_data\training\peach\peach_4.csv,peach,train
peach_4.csv::w5,data\raw\SmellNet\base_data\training\peach\peach_4.csv,peach,train
peach_4.csv::w6,data\raw\SmellNet\base_data\training\peach\peach_4.csv,peach,train
peach_5.csv::w0,data\raw\SmellNet\base_data\training\peach\peach_5.csv,peach,train
peach_5.csv::w1,data\raw\SmellNet\base_data\training\peach\peach_5.csv,peach,train
peach_5.csv::w2,data\raw\SmellNet\base_data\training\peach\peach_5.csv,peach,train
peach_5.csv::w3,data\raw\SmellNet\base_data\training\peach\peach_5.csv,peach,train
peach_5.csv::w4,data\raw\SmellNet\base_data\training\peach\peach_5.csv,peach,train
peach_5.csv::w5,data\raw\SmellNet\base_data\training\peach\peach_5.csv,peach,train
peach_5.csv::w6,data\raw\SmellNet\base_data\training\peach\peach_5.csv,peach,train
peanuts_1.csv::w0,data\raw\SmellNet\base_data\training\peanuts\peanuts_1.csv,peanuts,val
peanuts_1.csv::w1,data\raw\SmellNet\base_data\training\peanuts\peanuts_1.csv,peanuts,val
peanuts_1.csv::w2,data\raw\SmellNet\base_data\training\peanuts\peanuts_1.csv,peanuts,val
peanuts_1.csv::w3,data\raw\SmellNet\base_data\training\peanuts\peanuts_1.csv,peanuts,val
peanuts_1.csv::w4,data\raw\SmellNet\base_data\training\peanuts\peanuts_1.csv,peanuts,val
peanuts_1.csv::w5,data\raw\SmellNet\base_data\training\peanuts\peanuts_1.csv,peanuts,val
peanuts_1.csv::w6,data\raw\SmellNet\base_data\training\peanuts\peanuts_1.csv,peanuts,val
peanuts_2.csv::w0,data\raw\SmellNet\base_data\training\peanuts\peanuts_2.csv,peanuts,test
peanuts_2.csv::w1,data\raw\SmellNet\base_data\training\peanuts\peanuts_2.csv,peanuts,test
peanuts_2.csv::w2,data\raw\SmellNet\base_data\training\peanuts\peanuts_2.csv,peanuts,test
peanuts_2.csv::w3,data\raw\SmellNet\base_data\training\peanuts\peanuts_2.csv,peanuts,test
peanuts_2.csv::w4,data\raw\SmellNet\base_data\training\peanuts\peanuts_2.csv,peanuts,test
peanuts_2.csv::w5,data\raw\SmellNet\base_data\training\peanuts\peanuts_2.csv,peanuts,test
peanuts_2.csv::w6,data\raw\SmellNet\base_data\training\peanuts\peanuts_2.csv,peanuts,test
peanuts_3.csv::w0,data\raw\SmellNet\base_data\training\peanuts\peanuts_3.csv,peanuts,train
peanuts_3.csv::w1,data\raw\SmellNet\base_data\training\peanuts\peanuts_3.csv,peanuts,train
peanuts_3.csv::w2,data\raw\SmellNet\base_data\training\peanuts\peanuts_3.csv,peanuts,train
peanuts_3.csv::w3,data\raw\SmellNet\base_data\training\peanuts\peanuts_3.csv,peanuts,train
peanuts_3.csv::w4,data\raw\SmellNet\base_data\training\peanuts\peanuts_3.csv,peanuts,train
peanuts_3.csv::w5,data\raw\SmellNet\base_data\training\peanuts\peanuts_3.csv,peanuts,train
peanuts_3.csv::w6,data\raw\SmellNet\base_data\training\peanuts\peanuts_3.csv,peanuts,train
peanuts_4.csv::w0,data\raw\SmellNet\base_data\training\peanuts\peanuts_4.csv,peanuts,train
peanuts_4.csv::w1,data\raw\SmellNet\base_data\training\peanuts\peanuts_4.csv,peanuts,train
peanuts_4.csv::w2,data\raw\SmellNet\base_data\training\peanuts\peanuts_4.csv,peanuts,train
peanuts_4.csv::w3,data\raw\SmellNet\base_data\training\peanuts\peanuts_4.csv,peanuts,train
peanuts_4.csv::w4,data\raw\SmellNet\base_data\training\peanuts\peanuts_4.csv,peanuts,train
peanuts_4.csv::w5,data\raw\SmellNet\base_data\training\peanuts\peanuts_4.csv,peanuts,train
peanuts_4.csv::w6,data\raw\SmellNet\base_data\training\peanuts\peanuts_4.csv,peanuts,train
peanuts_5.csv::w0,data\raw\SmellNet\base_data\training\peanuts\peanuts_5.csv,peanuts,test
peanuts_5.csv::w1,data\raw\SmellNet\base_data\training\peanuts\peanuts_5.csv,peanuts,test
peanuts_5.csv::w2,data\raw\SmellNet\base_data\training\peanuts\peanuts_5.csv,peanuts,test
peanuts_5.csv::w3,data\raw\SmellNet\base_data\training\peanuts\peanuts_5.csv,peanuts,test
peanuts_5.csv::w4,data\raw\SmellNet\base_data\training\peanuts\peanuts_5.csv,peanuts,test
peanuts_5.csv::w5,data\raw\SmellNet\base_data\training\peanuts\peanuts_5.csv,peanuts,test
peanuts_5.csv::w6,data\raw\SmellNet\base_data\training\peanuts\peanuts_5.csv,peanuts,test
pear_1.csv::w0,data\raw\SmellNet\base_data\training\pear\pear_1.csv,pear,val
pear_1.csv::w1,data\raw\SmellNet\base_data\training\pear\pear_1.csv,pear,val
pear_1.csv::w2,data\raw\SmellNet\base_data\training\pear\pear_1.csv,pear,val
pear_1.csv::w3,data\raw\SmellNet\base_data\training\pear\pear_1.csv,pear,val
pear_1.csv::w4,data\raw\SmellNet\base_data\training\pear\pear_1.csv,pear,val
pear_1.csv::w5,data\raw\SmellNet\base_data\training\pear\pear_1.csv,pear,val
pear_1.csv::w6,data\raw\SmellNet\base_data\training\pear\pear_1.csv,pear,val
pear_2.csv::w0,data\raw\SmellNet\base_data\training\pear\pear_2.csv,pear,test
pear_2.csv::w1,data\raw\SmellNet\base_data\training\pear\pear_2.csv,pear,test
pear_2.csv::w2,data\raw\SmellNet\base_data\training\pear\pear_2.csv,pear,test
pear_2.csv::w3,data\raw\SmellNet\base_data\training\pear\pear_2.csv,pear,test
pear_2.csv::w4,data\raw\SmellNet\base_data\training\pear\pear_2.csv,pear,test
pear_2.csv::w5,data\raw\SmellNet\base_data\training\pear\pear_2.csv,pear,test
pear_2.csv::w6,data\raw\SmellNet\base_data\training\pear\pear_2.csv,pear,test
pear_3.csv::w0,data\raw\SmellNet\base_data\training\pear\pear_3.csv,pear,val
pear_3.csv::w1,data\raw\SmellNet\base_data\training\pear\pear_3.csv,pear,val
pear_3.csv::w2,data\raw\SmellNet\base_data\training\pear\pear_3.csv,pear,val
pear_3.csv::w3,data\raw\SmellNet\base_data\training\pear\pear_3.csv,pear,val
pear_3.csv::w4,data\raw\SmellNet\base_data\training\pear\pear_3.csv,pear,val
pear_3.csv::w5,data\raw\SmellNet\base_data\training\pear\pear_3.csv,pear,val
pear_3.csv::w6,data\raw\SmellNet\base_data\training\pear\pear_3.csv,pear,val
pear_4.csv::w0,data\raw\SmellNet\base_data\training\pear\pear_4.csv,pear,test
pear_4.csv::w1,data\raw\SmellNet\base_data\training\pear\pear_4.csv,pear,test
pear_4.csv::w2,data\raw\SmellNet\base_data\training\pear\pear_4.csv,pear,test
pear_4.csv::w3,data\raw\SmellNet\base_data\training\pear\pear_4.csv,pear,test
pear_4.csv::w4,data\raw\SmellNet\base_data\training\pear\pear_4.csv,pear,test
pear_4.csv::w5,data\raw\SmellNet\base_data\training\pear\pear_4.csv,pear,test
pear_4.csv::w6,data\raw\SmellNet\base_data\training\pear\pear_4.csv,pear,test
pear_5.csv::w0,data\raw\SmellNet\base_data\training\pear\pear_5.csv,pear,test
pear_5.csv::w1,data\raw\SmellNet\base_data\training\pear\pear_5.csv,pear,test
pear_5.csv::w2,data\raw\SmellNet\base_data\training\pear\pear_5.csv,pear,test
pear_5.csv::w3,data\raw\SmellNet\base_data\training\pear\pear_5.csv,pear,test
pear_5.csv::w4,data\raw\SmellNet\base_data\training\pear\pear_5.csv,pear,test
pear_5.csv::w5,data\raw\SmellNet\base_data\training\pear\pear_5.csv,pear,test
pear_5.csv::w6,data\raw\SmellNet\base_data\training\pear\pear_5.csv,pear,test
pecans_1.csv::w0,data\raw\SmellNet\base_data\training\pecans\pecans_1.csv,pecans,train
pecans_1.csv::w1,data\raw\SmellNet\base_data\training\pecans\pecans_1.csv,pecans,train
pecans_1.csv::w2,data\raw\SmellNet\base_data\training\pecans\pecans_1.csv,pecans,train
pecans_1.csv::w3,data\raw\SmellNet\base_data\training\pecans\pecans_1.csv,pecans,train
pecans_1.csv::w4,data\raw\SmellNet\base_data\training\pecans\pecans_1.csv,pecans,train
pecans_1.csv::w5,data\raw\SmellNet\base_data\training\pecans\pecans_1.csv,pecans,train
pecans_1.csv::w6,data\raw\SmellNet\base_data\training\pecans\pecans_1.csv,pecans,train
pecans_2.csv::w0,data\raw\SmellNet\base_data\training\pecans\pecans_2.csv,pecans,train
pecans_2.csv::w1,data\raw\SmellNet\base_data\training\pecans\pecans_2.csv,pecans,train
pecans_2.csv::w2,data\raw\SmellNet\base_data\training\pecans\pecans_2.csv,pecans,train
pecans_2.csv::w3,data\raw\SmellNet\base_data\training\pecans\pecans_2.csv,pecans,train
pecans_2.csv::w4,data\raw\SmellNet\base_data\training\pecans\pecans_2.csv,pecans,train
pecans_2.csv::w5,data\raw\SmellNet\base_data\training\pecans\pecans_2.csv,pecans,train
pecans_2.csv::w6,data\raw\SmellNet\base_data\training\pecans\pecans_2.csv,pecans,train
pecans_3.csv::w0,data\raw\SmellNet\base_data\training\pecans\pecans_3.csv,pecans,test
pecans_3.csv::w1,data\raw\SmellNet\base_data\training\pecans\pecans_3.csv,pecans,test
pecans_3.csv::w2,data\raw\SmellNet\base_data\training\pecans\pecans_3.csv,pecans,test
pecans_3.csv::w3,data\raw\SmellNet\base_data\training\pecans\pecans_3.csv,pecans,test
pecans_3.csv::w4,data\raw\SmellNet\base_data\training\pecans\pecans_3.csv,pecans,test
pecans_3.csv::w5,data\raw\SmellNet\base_data\training\pecans\pecans_3.csv,pecans,test
pecans_3.csv::w6,data\raw\SmellNet\base_data\training\pecans\pecans_3.csv,pecans,test
pecans_4.csv::w0,data\raw\SmellNet\base_data\training\pecans\pecans_4.csv,pecans,test
pecans_4.csv::w1,data\raw\SmellNet\base_data\training\pecans\pecans_4.csv,pecans,test
pecans_4.csv::w2,data\raw\SmellNet\base_data\training\pecans\pecans_4.csv,pecans,test
pecans_4.csv::w3,data\raw\SmellNet\base_data\training\pecans\pecans_4.csv,pecans,test
pecans_4.csv::w4,data\raw\SmellNet\base_data\training\pecans\pecans_4.csv,pecans,test
pecans_4.csv::w5,data\raw\SmellNet\base_data\training\pecans\pecans_4.csv,pecans,test
pecans_4.csv::w6,data\raw\SmellNet\base_data\training\pecans\pecans_4.csv,pecans,test
pecans_5.csv::w0,data\raw\SmellNet\base_data\training\pecans\pecans_5.csv,pecans,test
pecans_5.csv::w1,data\raw\SmellNet\base_data\training\pecans\pecans_5.csv,pecans,test
pecans_5.csv::w2,data\raw\SmellNet\base_data\training\pecans\pecans_5.csv,pecans,test
pecans_5.csv::w3,data\raw\SmellNet\base_data\training\pecans\pecans_5.csv,pecans,test
pecans_5.csv::w4,data\raw\SmellNet\base_data\training\pecans\pecans_5.csv,pecans,test
pecans_5.csv::w5,data\raw\SmellNet\base_data\training\pecans\pecans_5.csv,pecans,test
pecans_5.csv::w6,data\raw\SmellNet\base_data\training\pecans\pecans_5.csv,pecans,test
pili_nut_1.csv::w0,data\raw\SmellNet\base_data\training\pili_nut\pili_nut_1.csv,pili_nut,train
pili_nut_1.csv::w1,data\raw\SmellNet\base_data\training\pili_nut\pili_nut_1.csv,pili_nut,train
pili_nut_1.csv::w2,data\raw\SmellNet\base_data\training\pili_nut\pili_nut_1.csv,pili_nut,train
pili_nut_1.csv::w3,data\raw\SmellNet\base_data\training\pili_nut\pili_nut_1.csv,pili_nut,train
pili_nut_1.csv::w4,data\raw\SmellNet\base_data\training\pili_nut\pili_nut_1.csv,pili_nut,train
pili_nut_1.csv::w5,data\raw\SmellNet\base_data\training\pili_nut\pili_nut_1.csv,pili_nut,train
pili_nut_1.csv::w6,data\raw\SmellNet\base_data\training\pili_nut\pili_nut_1.csv,pili_nut,train
pili_nut_2.csv::w0,data\raw\SmellNet\base_data\training\pili_nut\pili_nut_2.csv,pili_nut,train
pili_nut_2.csv::w1,data\raw\SmellNet\base_data\training\pili_nut\pili_nut_2.csv,pili_nut,train
pili_nut_2.csv::w2,data\raw\SmellNet\base_data\training\pili_nut\pili_nut_2.csv,pili_nut,train
pili_nut_2.csv::w3,data\raw\SmellNet\base_data\training\pili_nut\pili_nut_2.csv,pili_nut,train
pili_nut_2.csv::w4,data\raw\SmellNet\base_data\training\pili_nut\pili_nut_2.csv,pili_nut,train
pili_nut_2.csv::w5,data\raw\SmellNet\base_data\training\pili_nut\pili_nut_2.csv,pili_nut,train
pili_nut_2.csv::w6,data\raw\SmellNet\base_data\training\pili_nut\pili_nut_2.csv,pili_nut,train
pili_nut_3.csv::w0,data\raw\SmellNet\base_data\training\pili_nut\pili_nut_3.csv,pili_nut,train
pili_nut_3.csv::w1,data\raw\SmellNet\base_data\training\pili_nut\pili_nut_3.csv,pili_nut,train
pili_nut_3.csv::w2,data\raw\SmellNet\base_data\training\pili_nut\pili_nut_3.csv,pili_nut,train
pili_nut_3.csv::w3,data\raw\SmellNet\base_data\training\pili_nut\pili_nut_3.csv,pili_nut,train
pili_nut_3.csv::w4,data\raw\SmellNet\base_data\training\pili_nut\pili_nut_3.csv,pili_nut,train
pili_nut_3.csv::w5,data\raw\SmellNet\base_data\training\pili_nut\pili_nut_3.csv,pili_nut,train
pili_nut_3.csv::w6,data\raw\SmellNet\base_data\training\pili_nut\pili_nut_3.csv,pili_nut,train
pili_nut_4.csv::w0,data\raw\SmellNet\base_data\training\pili_nut\pili_nut_4.csv,pili_nut,val
pili_nut_4.csv::w1,data\raw\SmellNet\base_data\training\pili_nut\pili_nut_4.csv,pili_nut,val
pili_nut_4.csv::w2,data\raw\SmellNet\base_data\training\pili_nut\pili_nut_4.csv,pili_nut,val
pili_nut_4.csv::w3,data\raw\SmellNet\base_data\training\pili_nut\pili_nut_4.csv,pili_nut,val
pili_nut_4.csv::w4,data\raw\SmellNet\base_data\training\pili_nut\pili_nut_4.csv,pili_nut,val
pili_nut_4.csv::w5,data\raw\SmellNet\base_data\training\pili_nut\pili_nut_4.csv,pili_nut,val
pili_nut_4.csv::w6,data\raw\SmellNet\base_data\training\pili_nut\pili_nut_4.csv,pili_nut,val
pili_nut_5.csv::w0,data\raw\SmellNet\base_data\training\pili_nut\pili_nut_5.csv,pili_nut,val
pili_nut_5.csv::w1,data\raw\SmellNet\base_data\training\pili_nut\pili_nut_5.csv,pili_nut,val
pili_nut_5.csv::w2,data\raw\SmellNet\base_data\training\pili_nut\pili_nut_5.csv,pili_nut,val
pili_nut_5.csv::w3,data\raw\SmellNet\base_data\training\pili_nut\pili_nut_5.csv,pili_nut,val
pili_nut_5.csv::w4,data\raw\SmellNet\base_data\training\pili_nut\pili_nut_5.csv,pili_nut,val
pili_nut_5.csv::w5,data\raw\SmellNet\base_data\training\pili_nut\pili_nut_5.csv,pili_nut,val
pili_nut_5.csv::w6,data\raw\SmellNet\base_data\training\pili_nut\pili_nut_5.csv,pili_nut,val
pineapple_1.csv::w0,data\raw\SmellNet\base_data\training\pineapple\pineapple_1.csv,pineapple,train
pineapple_1.csv::w1,data\raw\SmellNet\base_data\training\pineapple\pineapple_1.csv,pineapple,train
pineapple_1.csv::w2,data\raw\SmellNet\base_data\training\pineapple\pineapple_1.csv,pineapple,train
pineapple_1.csv::w3,data\raw\SmellNet\base_data\training\pineapple\pineapple_1.csv,pineapple,train
pineapple_1.csv::w4,data\raw\SmellNet\base_data\training\pineapple\pineapple_1.csv,pineapple,train
pineapple_1.csv::w5,data\raw\SmellNet\base_data\training\pineapple\pineapple_1.csv,pineapple,train
pineapple_1.csv::w6,data\raw\SmellNet\base_data\training\pineapple\pineapple_1.csv,pineapple,train
pineapple_2.csv::w0,data\raw\SmellNet\base_data\training\pineapple\pineapple_2.csv,pineapple,train
pineapple_2.csv::w1,data\raw\SmellNet\base_data\training\pineapple\pineapple_2.csv,pineapple,train
pineapple_2.csv::w2,data\raw\SmellNet\base_data\training\pineapple\pineapple_2.csv,pineapple,train
pineapple_2.csv::w3,data\raw\SmellNet\base_data\training\pineapple\pineapple_2.csv,pineapple,train
pineapple_2.csv::w4,data\raw\SmellNet\base_data\training\pineapple\pineapple_2.csv,pineapple,train
pineapple_2.csv::w5,data\raw\SmellNet\base_data\training\pineapple\pineapple_2.csv,pineapple,train
pineapple_2.csv::w6,data\raw\SmellNet\base_data\training\pineapple\pineapple_2.csv,pineapple,train
pineapple_3.csv::w0,data\raw\SmellNet\base_data\training\pineapple\pineapple_3.csv,pineapple,train
pineapple_3.csv::w1,data\raw\SmellNet\base_data\training\pineapple\pineapple_3.csv,pineapple,train
pineapple_3.csv::w2,data\raw\SmellNet\base_data\training\pineapple\pineapple_3.csv,pineapple,train
pineapple_3.csv::w3,data\raw\SmellNet\base_data\training\pineapple\pineapple_3.csv,pineapple,train
pineapple_3.csv::w4,data\raw\SmellNet\base_data\training\pineapple\pineapple_3.csv,pineapple,train
pineapple_3.csv::w5,data\raw\SmellNet\base_data\training\pineapple\pineapple_3.csv,pineapple,train
pineapple_3.csv::w6,data\raw\SmellNet\base_data\training\pineapple\pineapple_3.csv,pineapple,train
pineapple_4.csv::w0,data\raw\SmellNet\base_data\training\pineapple\pineapple_4.csv,pineapple,train
pineapple_4.csv::w1,data\raw\SmellNet\base_data\training\pineapple\pineapple_4.csv,pineapple,train
pineapple_4.csv::w2,data\raw\SmellNet\base_data\training\pineapple\pineapple_4.csv,pineapple,train
pineapple_4.csv::w3,data\raw\SmellNet\base_data\training\pineapple\pineapple_4.csv,pineapple,train
pineapple_4.csv::w4,data\raw\SmellNet\base_data\training\pineapple\pineapple_4.csv,pineapple,train
pineapple_4.csv::w5,data\raw\SmellNet\base_data\training\pineapple\pineapple_4.csv,pineapple,train
pineapple_4.csv::w6,data\raw\SmellNet\base_data\training\pineapple\pineapple_4.csv,pineapple,train
pineapple_5.csv::w0,data\raw\SmellNet\base_data\training\pineapple\pineapple_5.csv,pineapple,test
pineapple_5.csv::w1,data\raw\SmellNet\base_data\training\pineapple\pineapple_5.csv,pineapple,test
pineapple_5.csv::w2,data\raw\SmellNet\base_data\training\pineapple\pineapple_5.csv,pineapple,test
pineapple_5.csv::w3,data\raw\SmellNet\base_data\training\pineapple\pineapple_5.csv,pineapple,test
pineapple_5.csv::w4,data\raw\SmellNet\base_data\training\pineapple\pineapple_5.csv,pineapple,test
pineapple_5.csv::w5,data\raw\SmellNet\base_data\training\pineapple\pineapple_5.csv,pineapple,test
pineapple_5.csv::w6,data\raw\SmellNet\base_data\training\pineapple\pineapple_5.csv,pineapple,test
pistachios_1.csv::w0,data\raw\SmellNet\base_data\training\pistachios\pistachios_1.csv,pistachios,test
pistachios_1.csv::w1,data\raw\SmellNet\base_data\training\pistachios\pistachios_1.csv,pistachios,test
pistachios_1.csv::w2,data\raw\SmellNet\base_data\training\pistachios\pistachios_1.csv,pistachios,test
pistachios_1.csv::w3,data\raw\SmellNet\base_data\training\pistachios\pistachios_1.csv,pistachios,test
pistachios_1.csv::w4,data\raw\SmellNet\base_data\training\pistachios\pistachios_1.csv,pistachios,test
pistachios_1.csv::w5,data\raw\SmellNet\base_data\training\pistachios\pistachios_1.csv,pistachios,test
pistachios_1.csv::w6,data\raw\SmellNet\base_data\training\pistachios\pistachios_1.csv,pistachios,test
pistachios_2.csv::w0,data\raw\SmellNet\base_data\training\pistachios\pistachios_2.csv,pistachios,train
pistachios_2.csv::w1,data\raw\SmellNet\base_data\training\pistachios\pistachios_2.csv,pistachios,train
pistachios_2.csv::w2,data\raw\SmellNet\base_data\training\pistachios\pistachios_2.csv,pistachios,train
pistachios_2.csv::w3,data\raw\SmellNet\base_data\training\pistachios\pistachios_2.csv,pistachios,train
pistachios_2.csv::w4,data\raw\SmellNet\base_data\training\pistachios\pistachios_2.csv,pistachios,train
pistachios_2.csv::w5,data\raw\SmellNet\base_data\training\pistachios\pistachios_2.csv,pistachios,train
pistachios_2.csv::w6,data\raw\SmellNet\base_data\training\pistachios\pistachios_2.csv,pistachios,train
pistachios_3.csv::w0,data\raw\SmellNet\base_data\training\pistachios\pistachios_3.csv,pistachios,train
pistachios_3.csv::w1,data\raw\SmellNet\base_data\training\pistachios\pistachios_3.csv,pistachios,train
pistachios_3.csv::w2,data\raw\SmellNet\base_data\training\pistachios\pistachios_3.csv,pistachios,train
pistachios_3.csv::w3,data\raw\SmellNet\base_data\training\pistachios\pistachios_3.csv,pistachios,train
pistachios_3.csv::w4,data\raw\SmellNet\base_data\training\pistachios\pistachios_3.csv,pistachios,train
pistachios_3.csv::w5,data\raw\SmellNet\base_data\training\pistachios\pistachios_3.csv,pistachios,train
pistachios_3.csv::w6,data\raw\SmellNet\base_data\training\pistachios\pistachios_3.csv,pistachios,train
pistachios_4.csv::w0,data\raw\SmellNet\base_data\training\pistachios\pistachios_4.csv,pistachios,train
pistachios_4.csv::w1,data\raw\SmellNet\base_data\training\pistachios\pistachios_4.csv,pistachios,train
pistachios_4.csv::w2,data\raw\SmellNet\base_data\training\pistachios\pistachios_4.csv,pistachios,train
pistachios_4.csv::w3,data\raw\SmellNet\base_data\training\pistachios\pistachios_4.csv,pistachios,train
pistachios_4.csv::w4,data\raw\SmellNet\base_data\training\pistachios\pistachios_4.csv,pistachios,train
pistachios_4.csv::w5,data\raw\SmellNet\base_data\training\pistachios\pistachios_4.csv,pistachios,train
pistachios_4.csv::w6,data\raw\SmellNet\base_data\training\pistachios\pistachios_4.csv,pistachios,train
pistachios_5.csv::w0,data\raw\SmellNet\base_data\training\pistachios\pistachios_5.csv,pistachios,val
pistachios_5.csv::w1,data\raw\SmellNet\base_data\training\pistachios\pistachios_5.csv,pistachios,val
pistachios_5.csv::w2,data\raw\SmellNet\base_data\training\pistachios\pistachios_5.csv,pistachios,val
pistachios_5.csv::w3,data\raw\SmellNet\base_data\training\pistachios\pistachios_5.csv,pistachios,val
pistachios_5.csv::w4,data\raw\SmellNet\base_data\training\pistachios\pistachios_5.csv,pistachios,val
pistachios_5.csv::w5,data\raw\SmellNet\base_data\training\pistachios\pistachios_5.csv,pistachios,val
pistachios_5.csv::w6,data\raw\SmellNet\base_data\training\pistachios\pistachios_5.csv,pistachios,val
potato_1.csv::w0,data\raw\SmellNet\base_data\training\potato\potato_1.csv,potato,train
potato_1.csv::w1,data\raw\SmellNet\base_data\training\potato\potato_1.csv,potato,train
potato_1.csv::w2,data\raw\SmellNet\base_data\training\potato\potato_1.csv,potato,train
potato_1.csv::w3,data\raw\SmellNet\base_data\training\potato\potato_1.csv,potato,train
potato_1.csv::w4,data\raw\SmellNet\base_data\training\potato\potato_1.csv,potato,train
potato_1.csv::w5,data\raw\SmellNet\base_data\training\potato\potato_1.csv,potato,train
potato_1.csv::w6,data\raw\SmellNet\base_data\training\potato\potato_1.csv,potato,train
potato_2.csv::w0,data\raw\SmellNet\base_data\training\potato\potato_2.csv,potato,train
potato_2.csv::w1,data\raw\SmellNet\base_data\training\potato\potato_2.csv,potato,train
potato_2.csv::w2,data\raw\SmellNet\base_data\training\potato\potato_2.csv,potato,train
potato_2.csv::w3,data\raw\SmellNet\base_data\training\potato\potato_2.csv,potato,train
potato_2.csv::w4,data\raw\SmellNet\base_data\training\potato\potato_2.csv,potato,train
potato_2.csv::w5,data\raw\SmellNet\base_data\training\potato\potato_2.csv,potato,train
potato_2.csv::w6,data\raw\SmellNet\base_data\training\potato\potato_2.csv,potato,train
potato_3.csv::w0,data\raw\SmellNet\base_data\training\potato\potato_3.csv,potato,val
potato_3.csv::w1,data\raw\SmellNet\base_data\training\potato\potato_3.csv,potato,val
potato_3.csv::w2,data\raw\SmellNet\base_data\training\potato\potato_3.csv,potato,val
potato_3.csv::w3,data\raw\SmellNet\base_data\training\potato\potato_3.csv,potato,val
potato_3.csv::w4,data\raw\SmellNet\base_data\training\potato\potato_3.csv,potato,val
potato_3.csv::w5,data\raw\SmellNet\base_data\training\potato\potato_3.csv,potato,val
potato_3.csv::w6,data\raw\SmellNet\base_data\training\potato\potato_3.csv,potato,val
potato_4.csv::w0,data\raw\SmellNet\base_data\training\potato\potato_4.csv,potato,train
potato_4.csv::w1,data\raw\SmellNet\base_data\training\potato\potato_4.csv,potato,train
potato_4.csv::w2,data\raw\SmellNet\base_data\training\potato\potato_4.csv,potato,train
potato_4.csv::w3,data\raw\SmellNet\base_data\training\potato\potato_4.csv,potato,train
potato_4.csv::w4,data\raw\SmellNet\base_data\training\potato\potato_4.csv,potato,train
potato_4.csv::w5,data\raw\SmellNet\base_data\training\potato\potato_4.csv,potato,train
potato_4.csv::w6,data\raw\SmellNet\base_data\training\potato\potato_4.csv,potato,train
potato_5.csv::w0,data\raw\SmellNet\base_data\training\potato\potato_5.csv,potato,val
potato_5.csv::w1,data\raw\SmellNet\base_data\training\potato\potato_5.csv,potato,val
potato_5.csv::w2,data\raw\SmellNet\base_data\training\potato\potato_5.csv,potato,val
potato_5.csv::w3,data\raw\SmellNet\base_data\training\potato\potato_5.csv,potato,val
potato_5.csv::w4,data\raw\SmellNet\base_data\training\potato\potato_5.csv,potato,val
potato_5.csv::w5,data\raw\SmellNet\base_data\training\potato\potato_5.csv,potato,val
potato_5.csv::w6,data\raw\SmellNet\base_data\training\potato\potato_5.csv,potato,val
radish_1.csv::w0,data\raw\SmellNet\base_data\training\radish\radish_1.csv,radish,val
radish_1.csv::w1,data\raw\SmellNet\base_data\training\radish\radish_1.csv,radish,val
radish_1.csv::w2,data\raw\SmellNet\base_data\training\radish\radish_1.csv,radish,val
radish_1.csv::w3,data\raw\SmellNet\base_data\training\radish\radish_1.csv,radish,val
radish_1.csv::w4,data\raw\SmellNet\base_data\training\radish\radish_1.csv,radish,val
radish_1.csv::w5,data\raw\SmellNet\base_data\training\radish\radish_1.csv,radish,val
radish_1.csv::w6,data\raw\SmellNet\base_data\training\radish\radish_1.csv,radish,val
radish_2.csv::w0,data\raw\SmellNet\base_data\training\radish\radish_2.csv,radish,train
radish_2.csv::w1,data\raw\SmellNet\base_data\training\radish\radish_2.csv,radish,train
radish_2.csv::w2,data\raw\SmellNet\base_data\training\radish\radish_2.csv,radish,train
radish_2.csv::w3,data\raw\SmellNet\base_data\training\radish\radish_2.csv,radish,train
radish_2.csv::w4,data\raw\SmellNet\base_data\training\radish\radish_2.csv,radish,train
radish_2.csv::w5,data\raw\SmellNet\base_data\training\radish\radish_2.csv,radish,train
radish_2.csv::w6,data\raw\SmellNet\base_data\training\radish\radish_2.csv,radish,train
radish_3.csv::w0,data\raw\SmellNet\base_data\training\radish\radish_3.csv,radish,val
radish_3.csv::w1,data\raw\SmellNet\base_data\training\radish\radish_3.csv,radish,val
radish_3.csv::w2,data\raw\SmellNet\base_data\training\radish\radish_3.csv,radish,val
radish_3.csv::w3,data\raw\SmellNet\base_data\training\radish\radish_3.csv,radish,val
radish_3.csv::w4,data\raw\SmellNet\base_data\training\radish\radish_3.csv,radish,val
radish_3.csv::w5,data\raw\SmellNet\base_data\training\radish\radish_3.csv,radish,val
radish_3.csv::w6,data\raw\SmellNet\base_data\training\radish\radish_3.csv,radish,val
radish_4.csv::w0,data\raw\SmellNet\base_data\training\radish\radish_4.csv,radish,train
radish_4.csv::w1,data\raw\SmellNet\base_data\training\radish\radish_4.csv,radish,train
radish_4.csv::w2,data\raw\SmellNet\base_data\training\radish\radish_4.csv,radish,train
radish_4.csv::w3,data\raw\SmellNet\base_data\training\radish\radish_4.csv,radish,train
radish_4.csv::w4,data\raw\SmellNet\base_data\training\radish\radish_4.csv,radish,train
radish_4.csv::w5,data\raw\SmellNet\base_data\training\radish\radish_4.csv,radish,train
radish_4.csv::w6,data\raw\SmellNet\base_data\training\radish\radish_4.csv,radish,train
radish_5.csv::w0,data\raw\SmellNet\base_data\training\radish\radish_5.csv,radish,train
radish_5.csv::w1,data\raw\SmellNet\base_data\training\radish\radish_5.csv,radish,train
radish_5.csv::w2,data\raw\SmellNet\base_data\training\radish\radish_5.csv,radish,train
radish_5.csv::w3,data\raw\SmellNet\base_data\training\radish\radish_5.csv,radish,train
radish_5.csv::w4,data\raw\SmellNet\base_data\training\radish\radish_5.csv,radish,train
radish_5.csv::w5,data\raw\SmellNet\base_data\training\radish\radish_5.csv,radish,train
radish_5.csv::w6,data\raw\SmellNet\base_data\training\radish\radish_5.csv,radish,train
saffron_1.csv::w0,data\raw\SmellNet\base_data\training\saffron\saffron_1.csv,saffron,train
saffron_1.csv::w1,data\raw\SmellNet\base_data\training\saffron\saffron_1.csv,saffron,train
saffron_1.csv::w2,data\raw\SmellNet\base_data\training\saffron\saffron_1.csv,saffron,train
saffron_1.csv::w3,data\raw\SmellNet\base_data\training\saffron\saffron_1.csv,saffron,train
saffron_1.csv::w4,data\raw\SmellNet\base_data\training\saffron\saffron_1.csv,saffron,train
saffron_1.csv::w5,data\raw\SmellNet\base_data\training\saffron\saffron_1.csv,saffron,train
saffron_1.csv::w6,data\raw\SmellNet\base_data\training\saffron\saffron_1.csv,saffron,train
saffron_2.csv::w0,data\raw\SmellNet\base_data\training\saffron\saffron_2.csv,saffron,test
saffron_2.csv::w1,data\raw\SmellNet\base_data\training\saffron\saffron_2.csv,saffron,test
saffron_2.csv::w2,data\raw\SmellNet\base_data\training\saffron\saffron_2.csv,saffron,test
saffron_2.csv::w3,data\raw\SmellNet\base_data\training\saffron\saffron_2.csv,saffron,test
saffron_2.csv::w4,data\raw\SmellNet\base_data\training\saffron\saffron_2.csv,saffron,test
saffron_2.csv::w5,data\raw\SmellNet\base_data\training\saffron\saffron_2.csv,saffron,test
saffron_2.csv::w6,data\raw\SmellNet\base_data\training\saffron\saffron_2.csv,saffron,test
saffron_3.csv::w0,data\raw\SmellNet\base_data\training\saffron\saffron_3.csv,saffron,train
saffron_3.csv::w1,data\raw\SmellNet\base_data\training\saffron\saffron_3.csv,saffron,train
saffron_3.csv::w2,data\raw\SmellNet\base_data\training\saffron\saffron_3.csv,saffron,train
saffron_3.csv::w3,data\raw\SmellNet\base_data\training\saffron\saffron_3.csv,saffron,train
saffron_3.csv::w4,data\raw\SmellNet\base_data\training\saffron\saffron_3.csv,saffron,train
saffron_3.csv::w5,data\raw\SmellNet\base_data\training\saffron\saffron_3.csv,saffron,train
saffron_3.csv::w6,data\raw\SmellNet\base_data\training\saffron\saffron_3.csv,saffron,train
saffron_4.csv::w0,data\raw\SmellNet\base_data\training\saffron\saffron_4.csv,saffron,train
saffron_4.csv::w1,data\raw\SmellNet\base_data\training\saffron\saffron_4.csv,saffron,train
saffron_4.csv::w2,data\raw\SmellNet\base_data\training\saffron\saffron_4.csv,saffron,train
saffron_4.csv::w3,data\raw\SmellNet\base_data\training\saffron\saffron_4.csv,saffron,train
saffron_4.csv::w4,data\raw\SmellNet\base_data\training\saffron\saffron_4.csv,saffron,train
saffron_4.csv::w5,data\raw\SmellNet\base_data\training\saffron\saffron_4.csv,saffron,train
saffron_4.csv::w6,data\raw\SmellNet\base_data\training\saffron\saffron_4.csv,saffron,train
saffron_5.csv::w0,data\raw\SmellNet\base_data\training\saffron\saffron_5.csv,saffron,train
saffron_5.csv::w1,data\raw\SmellNet\base_data\training\saffron\saffron_5.csv,saffron,train
saffron_5.csv::w2,data\raw\SmellNet\base_data\training\saffron\saffron_5.csv,saffron,train
saffron_5.csv::w3,data\raw\SmellNet\base_data\training\saffron\saffron_5.csv,saffron,train
saffron_5.csv::w4,data\raw\SmellNet\base_data\training\saffron\saffron_5.csv,saffron,train
saffron_5.csv::w5,data\raw\SmellNet\base_data\training\saffron\saffron_5.csv,saffron,train
saffron_5.csv::w6,data\raw\SmellNet\base_data\training\saffron\saffron_5.csv,saffron,train
star_anise_1.csv::w0,data\raw\SmellNet\base_data\training\star_anise\star_anise_1.csv,star_anise,train
star_anise_1.csv::w1,data\raw\SmellNet\base_data\training\star_anise\star_anise_1.csv,star_anise,train
star_anise_1.csv::w2,data\raw\SmellNet\base_data\training\star_anise\star_anise_1.csv,star_anise,train
star_anise_1.csv::w3,data\raw\SmellNet\base_data\training\star_anise\star_anise_1.csv,star_anise,train
star_anise_1.csv::w4,data\raw\SmellNet\base_data\training\star_anise\star_anise_1.csv,star_anise,train
star_anise_1.csv::w5,data\raw\SmellNet\base_data\training\star_anise\star_anise_1.csv,star_anise,train
star_anise_1.csv::w6,data\raw\SmellNet\base_data\training\star_anise\star_anise_1.csv,star_anise,train
star_anise_2.csv::w0,data\raw\SmellNet\base_data\training\star_anise\star_anise_2.csv,star_anise,train
star_anise_2.csv::w1,data\raw\SmellNet\base_data\training\star_anise\star_anise_2.csv,star_anise,train
star_anise_2.csv::w2,data\raw\SmellNet\base_data\training\star_anise\star_anise_2.csv,star_anise,train
star_anise_2.csv::w3,data\raw\SmellNet\base_data\training\star_anise\star_anise_2.csv,star_anise,train
star_anise_2.csv::w4,data\raw\SmellNet\base_data\training\star_anise\star_anise_2.csv,star_anise,train
star_anise_2.csv::w5,data\raw\SmellNet\base_data\training\star_anise\star_anise_2.csv,star_anise,train
star_anise_2.csv::w6,data\raw\SmellNet\base_data\training\star_anise\star_anise_2.csv,star_anise,train
star_anise_3.csv::w0,data\raw\SmellNet\base_data\training\star_anise\star_anise_3.csv,star_anise,train
star_anise_3.csv::w1,data\raw\SmellNet\base_data\training\star_anise\star_anise_3.csv,star_anise,train
star_anise_3.csv::w2,data\raw\SmellNet\base_data\training\star_anise\star_anise_3.csv,star_anise,train
star_anise_3.csv::w3,data\raw\SmellNet\base_data\training\star_anise\star_anise_3.csv,star_anise,train
star_anise_3.csv::w4,data\raw\SmellNet\base_data\training\star_anise\star_anise_3.csv,star_anise,train
star_anise_3.csv::w5,data\raw\SmellNet\base_data\training\star_anise\star_anise_3.csv,star_anise,train
star_anise_3.csv::w6,data\raw\SmellNet\base_data\training\star_anise\star_anise_3.csv,star_anise,train
star_anise_4.csv::w0,data\raw\SmellNet\base_data\training\star_anise\star_anise_4.csv,star_anise,val
star_anise_4.csv::w1,data\raw\SmellNet\base_data\training\star_anise\star_anise_4.csv,star_anise,val
star_anise_4.csv::w2,data\raw\SmellNet\base_data\training\star_anise\star_anise_4.csv,star_anise,val
star_anise_4.csv::w3,data\raw\SmellNet\base_data\training\star_anise\star_anise_4.csv,star_anise,val
star_anise_4.csv::w4,data\raw\SmellNet\base_data\training\star_anise\star_anise_4.csv,star_anise,val
star_anise_4.csv::w5,data\raw\SmellNet\base_data\training\star_anise\star_anise_4.csv,star_anise,val
star_anise_4.csv::w6,data\raw\SmellNet\base_data\training\star_anise\star_anise_4.csv,star_anise,val
star_anise_5.csv::w0,data\raw\SmellNet\base_data\training\star_anise\star_anise_5.csv,star_anise,train
star_anise_5.csv::w1,data\raw\SmellNet\base_data\training\star_anise\star_anise_5.csv,star_anise,train
star_anise_5.csv::w2,data\raw\SmellNet\base_data\training\star_anise\star_anise_5.csv,star_anise,train
star_anise_5.csv::w3,data\raw\SmellNet\base_data\training\star_anise\star_anise_5.csv,star_anise,train
star_anise_5.csv::w4,data\raw\SmellNet\base_data\training\star_anise\star_anise_5.csv,star_anise,train
star_anise_5.csv::w5,data\raw\SmellNet\base_data\training\star_anise\star_anise_5.csv,star_anise,train
star_anise_5.csv::w6,data\raw\SmellNet\base_data\training\star_anise\star_anise_5.csv,star_anise,train
strawberry_1.csv::w0,data\raw\SmellNet\base_data\training\strawberry\strawberry_1.csv,strawberry,val
strawberry_1.csv::w1,data\raw\SmellNet\base_data\training\strawberry\strawberry_1.csv,strawberry,val
strawberry_1.csv::w2,data\raw\SmellNet\base_data\training\strawberry\strawberry_1.csv,strawberry,val
strawberry_1.csv::w3,data\raw\SmellNet\base_data\training\strawberry\strawberry_1.csv,strawberry,val
strawberry_1.csv::w4,data\raw\SmellNet\base_data\training\strawberry\strawberry_1.csv,strawberry,val
strawberry_1.csv::w5,data\raw\SmellNet\base_data\training\strawberry\strawberry_1.csv,strawberry,val
strawberry_1.csv::w6,data\raw\SmellNet\base_data\training\strawberry\strawberry_1.csv,strawberry,val
strawberry_2.csv::w0,data\raw\SmellNet\base_data\training\strawberry\strawberry_2.csv,strawberry,train
strawberry_2.csv::w1,data\raw\SmellNet\base_data\training\strawberry\strawberry_2.csv,strawberry,train
strawberry_2.csv::w2,data\raw\SmellNet\base_data\training\strawberry\strawberry_2.csv,strawberry,train
strawberry_2.csv::w3,data\raw\SmellNet\base_data\training\strawberry\strawberry_2.csv,strawberry,train
strawberry_2.csv::w4,data\raw\SmellNet\base_data\training\strawberry\strawberry_2.csv,strawberry,train
strawberry_2.csv::w5,data\raw\SmellNet\base_data\training\strawberry\strawberry_2.csv,strawberry,train
strawberry_2.csv::w6,data\raw\SmellNet\base_data\training\strawberry\strawberry_2.csv,strawberry,train
strawberry_3.csv::w0,data\raw\SmellNet\base_data\training\strawberry\strawberry_3.csv,strawberry,train
strawberry_3.csv::w1,data\raw\SmellNet\base_data\training\strawberry\strawberry_3.csv,strawberry,train
strawberry_3.csv::w2,data\raw\SmellNet\base_data\training\strawberry\strawberry_3.csv,strawberry,train
strawberry_3.csv::w3,data\raw\SmellNet\base_data\training\strawberry\strawberry_3.csv,strawberry,train
strawberry_3.csv::w4,data\raw\SmellNet\base_data\training\strawberry\strawberry_3.csv,strawberry,train
strawberry_3.csv::w5,data\raw\SmellNet\base_data\training\strawberry\strawberry_3.csv,strawberry,train
strawberry_3.csv::w6,data\raw\SmellNet\base_data\training\strawberry\strawberry_3.csv,strawberry,train
strawberry_4.csv::w0,data\raw\SmellNet\base_data\training\strawberry\strawberry_4.csv,strawberry,test
strawberry_4.csv::w1,data\raw\SmellNet\base_data\training\strawberry\strawberry_4.csv,strawberry,test
strawberry_4.csv::w2,data\raw\SmellNet\base_data\training\strawberry\strawberry_4.csv,strawberry,test
strawberry_4.csv::w3,data\raw\SmellNet\base_data\training\strawberry\strawberry_4.csv,strawberry,test
strawberry_4.csv::w4,data\raw\SmellNet\base_data\training\strawberry\strawberry_4.csv,strawberry,test
strawberry_4.csv::w5,data\raw\SmellNet\base_data\training\strawberry\strawberry_4.csv,strawberry,test
strawberry_4.csv::w6,data\raw\SmellNet\base_data\training\strawberry\strawberry_4.csv,strawberry,test
strawberry_5.csv::w0,data\raw\SmellNet\base_data\training\strawberry\strawberry_5.csv,strawberry,val
strawberry_5.csv::w1,data\raw\SmellNet\base_data\training\strawberry\strawberry_5.csv,strawberry,val
strawberry_5.csv::w2,data\raw\SmellNet\base_data\training\strawberry\strawberry_5.csv,strawberry,val
strawberry_5.csv::w3,data\raw\SmellNet\base_data\training\strawberry\strawberry_5.csv,strawberry,val
strawberry_5.csv::w4,data\raw\SmellNet\base_data\training\strawberry\strawberry_5.csv,strawberry,val
strawberry_5.csv::w5,data\raw\SmellNet\base_data\training\strawberry\strawberry_5.csv,strawberry,val
strawberry_5.csv::w6,data\raw\SmellNet\base_data\training\strawberry\strawberry_5.csv,strawberry,val
sweet_potato_1.csv::w0,data\raw\SmellNet\base_data\training\sweet_potato\sweet_potato_1.csv,sweet_potato,train
sweet_potato_1.csv::w1,data\raw\SmellNet\base_data\training\sweet_potato\sweet_potato_1.csv,sweet_potato,train
sweet_potato_1.csv::w2,data\raw\SmellNet\base_data\training\sweet_potato\sweet_potato_1.csv,sweet_potato,train
sweet_potato_1.csv::w3,data\raw\SmellNet\base_data\training\sweet_potato\sweet_potato_1.csv,sweet_potato,train
sweet_potato_1.csv::w4,data\raw\SmellNet\base_data\training\sweet_potato\sweet_potato_1.csv,sweet_potato,train
sweet_potato_1.csv::w5,data\raw\SmellNet\base_data\training\sweet_potato\sweet_potato_1.csv,sweet_potato,train
sweet_potato_1.csv::w6,data\raw\SmellNet\base_data\training\sweet_potato\sweet_potato_1.csv,sweet_potato,train
sweet_potato_2.csv::w0,data\raw\SmellNet\base_data\training\sweet_potato\sweet_potato_2.csv,sweet_potato,test
sweet_potato_2.csv::w1,data\raw\SmellNet\base_data\training\sweet_potato\sweet_potato_2.csv,sweet_potato,test
sweet_potato_2.csv::w2,data\raw\SmellNet\base_data\training\sweet_potato\sweet_potato_2.csv,sweet_potato,test
sweet_potato_2.csv::w3,data\raw\SmellNet\base_data\training\sweet_potato\sweet_potato_2.csv,sweet_potato,test
sweet_potato_2.csv::w4,data\raw\SmellNet\base_data\training\sweet_potato\sweet_potato_2.csv,sweet_potato,test
sweet_potato_2.csv::w5,data\raw\SmellNet\base_data\training\sweet_potato\sweet_potato_2.csv,sweet_potato,test
sweet_potato_2.csv::w6,data\raw\SmellNet\base_data\training\sweet_potato\sweet_potato_2.csv,sweet_potato,test
sweet_potato_3.csv::w0,data\raw\SmellNet\base_data\training\sweet_potato\sweet_potato_3.csv,sweet_potato,train
sweet_potato_3.csv::w1,data\raw\SmellNet\base_data\training\sweet_potato\sweet_potato_3.csv,sweet_potato,train
sweet_potato_3.csv::w2,data\raw\SmellNet\base_data\training\sweet_potato\sweet_potato_3.csv,sweet_potato,train
sweet_potato_3.csv::w3,data\raw\SmellNet\base_data\training\sweet_potato\sweet_potato_3.csv,sweet_potato,train
sweet_potato_3.csv::w4,data\raw\SmellNet\base_data\training\sweet_potato\sweet_potato_3.csv,sweet_potato,train
sweet_potato_3.csv::w5,data\raw\SmellNet\base_data\training\sweet_potato\sweet_potato_3.csv,sweet_potato,train
sweet_potato_3.csv::w6,data\raw\SmellNet\base_data\training\sweet_potato\sweet_potato_3.csv,sweet_potato,train
sweet_potato_4.csv::w0,data\raw\SmellNet\base_data\training\sweet_potato\sweet_potato_4.csv,sweet_potato,val
sweet_potato_4.csv::w1,data\raw\SmellNet\base_data\training\sweet_potato\sweet_potato_4.csv,sweet_potato,val
sweet_potato_4.csv::w2,data\raw\SmellNet\base_data\training\sweet_potato\sweet_potato_4.csv,sweet_potato,val
sweet_potato_4.csv::w3,data\raw\SmellNet\base_data\training\sweet_potato\sweet_potato_4.csv,sweet_potato,val
sweet_potato_4.csv::w4,data\raw\SmellNet\base_data\training\sweet_potato\sweet_potato_4.csv,sweet_potato,val
sweet_potato_4.csv::w5,data\raw\SmellNet\base_data\training\sweet_potato\sweet_potato_4.csv,sweet_potato,val
sweet_potato_4.csv::w6,data\raw\SmellNet\base_data\training\sweet_potato\sweet_potato_4.csv,sweet_potato,val
sweet_potato_5.csv::w0,data\raw\SmellNet\base_data\training\sweet_potato\sweet_potato_5.csv,sweet_potato,val
sweet_potato_5.csv::w1,data\raw\SmellNet\base_data\training\sweet_potato\sweet_potato_5.csv,sweet_potato,val
sweet_potato_5.csv::w2,data\raw\SmellNet\base_data\training\sweet_potato\sweet_potato_5.csv,sweet_potato,val
sweet_potato_5.csv::w3,data\raw\SmellNet\base_data\training\sweet_potato\sweet_potato_5.csv,sweet_potato,val
sweet_potato_5.csv::w4,data\raw\SmellNet\base_data\training\sweet_potato\sweet_potato_5.csv,sweet_potato,val
sweet_potato_5.csv::w5,data\raw\SmellNet\base_data\training\sweet_potato\sweet_potato_5.csv,sweet_potato,val
sweet_potato_5.csv::w6,data\raw\SmellNet\base_data\training\sweet_potato\sweet_potato_5.csv,sweet_potato,val
tomato_1.csv::w0,data\raw\SmellNet\base_data\training\tomato\tomato_1.csv,tomato,train
tomato_1.csv::w1,data\raw\SmellNet\base_data\training\tomato\tomato_1.csv,tomato,train
tomato_1.csv::w2,data\raw\SmellNet\base_data\training\tomato\tomato_1.csv,tomato,train
tomato_1.csv::w3,data\raw\SmellNet\base_data\training\tomato\tomato_1.csv,tomato,train
tomato_1.csv::w4,data\raw\SmellNet\base_data\training\tomato\tomato_1.csv,tomato,train
tomato_1.csv::w5,data\raw\SmellNet\base_data\training\tomato\tomato_1.csv,tomato,train
tomato_1.csv::w6,data\raw\SmellNet\base_data\training\tomato\tomato_1.csv,tomato,train
tomato_2.csv::w0,data\raw\SmellNet\base_data\training\tomato\tomato_2.csv,tomato,test
tomato_2.csv::w1,data\raw\SmellNet\base_data\training\tomato\tomato_2.csv,tomato,test
tomato_2.csv::w2,data\raw\SmellNet\base_data\training\tomato\tomato_2.csv,tomato,test
tomato_2.csv::w3,data\raw\SmellNet\base_data\training\tomato\tomato_2.csv,tomato,test
tomato_2.csv::w4,data\raw\SmellNet\base_data\training\tomato\tomato_2.csv,tomato,test
tomato_2.csv::w5,data\raw\SmellNet\base_data\training\tomato\tomato_2.csv,tomato,test
tomato_2.csv::w6,data\raw\SmellNet\base_data\training\tomato\tomato_2.csv,tomato,test
tomato_3.csv::w0,data\raw\SmellNet\base_data\training\tomato\tomato_3.csv,tomato,val
tomato_3.csv::w1,data\raw\SmellNet\base_data\training\tomato\tomato_3.csv,tomato,val
tomato_3.csv::w2,data\raw\SmellNet\base_data\training\tomato\tomato_3.csv,tomato,val
tomato_3.csv::w3,data\raw\SmellNet\base_data\training\tomato\tomato_3.csv,tomato,val
tomato_3.csv::w4,data\raw\SmellNet\base_data\training\tomato\tomato_3.csv,tomato,val
tomato_3.csv::w5,data\raw\SmellNet\base_data\training\tomato\tomato_3.csv,tomato,val
tomato_3.csv::w6,data\raw\SmellNet\base_data\training\tomato\tomato_3.csv,tomato,val
tomato_4.csv::w0,data\raw\SmellNet\base_data\training\tomato\tomato_4.csv,tomato,train
tomato_4.csv::w1,data\raw\SmellNet\base_data\training\tomato\tomato_4.csv,tomato,train
tomato_4.csv::w2,data\raw\SmellNet\base_data\training\tomato\tomato_4.csv,tomato,train
tomato_4.csv::w3,data\raw\SmellNet\base_data\training\tomato\tomato_4.csv,tomato,train
tomato_4.csv::w4,data\raw\SmellNet\base_data\training\tomato\tomato_4.csv,tomato,train
tomato_4.csv::w5,data\raw\SmellNet\base_data\training\tomato\tomato_4.csv,tomato,train
tomato_4.csv::w6,data\raw\SmellNet\base_data\training\tomato\tomato_4.csv,tomato,train
tomato_5.csv::w0,data\raw\SmellNet\base_data\training\tomato\tomato_5.csv,tomato,test
tomato_5.csv::w1,data\raw\SmellNet\base_data\training\tomato\tomato_5.csv,tomato,test
tomato_5.csv::w2,data\raw\SmellNet\base_data\training\tomato\tomato_5.csv,tomato,test
tomato_5.csv::w3,data\raw\SmellNet\base_data\training\tomato\tomato_5.csv,tomato,test
tomato_5.csv::w4,data\raw\SmellNet\base_data\training\tomato\tomato_5.csv,tomato,test
tomato_5.csv::w5,data\raw\SmellNet\base_data\training\tomato\tomato_5.csv,tomato,test
tomato_5.csv::w6,data\raw\SmellNet\base_data\training\tomato\tomato_5.csv,tomato,test
turnip_1.csv::w0,data\raw\SmellNet\base_data\training\turnip\turnip_1.csv,turnip,train
turnip_1.csv::w1,data\raw\SmellNet\base_data\training\turnip\turnip_1.csv,turnip,train
turnip_1.csv::w2,data\raw\SmellNet\base_data\training\turnip\turnip_1.csv,turnip,train
turnip_1.csv::w3,data\raw\SmellNet\base_data\training\turnip\turnip_1.csv,turnip,train
turnip_1.csv::w4,data\raw\SmellNet\base_data\training\turnip\turnip_1.csv,turnip,train
turnip_1.csv::w5,data\raw\SmellNet\base_data\training\turnip\turnip_1.csv,turnip,train
turnip_1.csv::w6,data\raw\SmellNet\base_data\training\turnip\turnip_1.csv,turnip,train
turnip_2.csv::w0,data\raw\SmellNet\base_data\training\turnip\turnip_2.csv,turnip,val
turnip_2.csv::w1,data\raw\SmellNet\base_data\training\turnip\turnip_2.csv,turnip,val
turnip_2.csv::w2,data\raw\SmellNet\base_data\training\turnip\turnip_2.csv,turnip,val
turnip_2.csv::w3,data\raw\SmellNet\base_data\training\turnip\turnip_2.csv,turnip,val
turnip_2.csv::w4,data\raw\SmellNet\base_data\training\turnip\turnip_2.csv,turnip,val
turnip_2.csv::w5,data\raw\SmellNet\base_data\training\turnip\turnip_2.csv,turnip,val
turnip_2.csv::w6,data\raw\SmellNet\base_data\training\turnip\turnip_2.csv,turnip,val
turnip_3.csv::w0,data\raw\SmellNet\base_data\training\turnip\turnip_3.csv,turnip,train
turnip_3.csv::w1,data\raw\SmellNet\base_data\training\turnip\turnip_3.csv,turnip,train
turnip_3.csv::w2,data\raw\SmellNet\base_data\training\turnip\turnip_3.csv,turnip,train
turnip_3.csv::w3,data\raw\SmellNet\base_data\training\turnip\turnip_3.csv,turnip,train
turnip_3.csv::w4,data\raw\SmellNet\base_data\training\turnip\turnip_3.csv,turnip,train
turnip_3.csv::w5,data\raw\SmellNet\base_data\training\turnip\turnip_3.csv,turnip,train
turnip_3.csv::w6,data\raw\SmellNet\base_data\training\turnip\turnip_3.csv,turnip,train
turnip_4.csv::w0,data\raw\SmellNet\base_data\training\turnip\turnip_4.csv,turnip,val
turnip_4.csv::w1,data\raw\SmellNet\base_data\training\turnip\turnip_4.csv,turnip,val
turnip_4.csv::w2,data\raw\SmellNet\base_data\training\turnip\turnip_4.csv,turnip,val
turnip_4.csv::w3,data\raw\SmellNet\base_data\training\turnip\turnip_4.csv,turnip,val
turnip_4.csv::w4,data\raw\SmellNet\base_data\training\turnip\turnip_4.csv,turnip,val
turnip_4.csv::w5,data\raw\SmellNet\base_data\training\turnip\turnip_4.csv,turnip,val
turnip_4.csv::w6,data\raw\SmellNet\base_data\training\turnip\turnip_4.csv,turnip,val
turnip_5.csv::w0,data\raw\SmellNet\base_data\training\turnip\turnip_5.csv,turnip,train
turnip_5.csv::w1,data\raw\SmellNet\base_data\training\turnip\turnip_5.csv,turnip,train
turnip_5.csv::w2,data\raw\SmellNet\base_data\training\turnip\turnip_5.csv,turnip,train
turnip_5.csv::w3,data\raw\SmellNet\base_data\training\turnip\turnip_5.csv,turnip,train
turnip_5.csv::w4,data\raw\SmellNet\base_data\training\turnip\turnip_5.csv,turnip,train
turnip_5.csv::w5,data\raw\SmellNet\base_data\training\turnip\turnip_5.csv,turnip,train
turnip_5.csv::w6,data\raw\SmellNet\base_data\training\turnip\turnip_5.csv,turnip,train
walnuts_1.csv::w0,data\raw\SmellNet\base_data\training\walnuts\walnuts_1.csv,walnuts,test
walnuts_1.csv::w1,data\raw\SmellNet\base_data\training\walnuts\walnuts_1.csv,walnuts,test
walnuts_1.csv::w2,data\raw\SmellNet\base_data\training\walnuts\walnuts_1.csv,walnuts,test
walnuts_1.csv::w3,data\raw\SmellNet\base_data\training\walnuts\walnuts_1.csv,walnuts,test
walnuts_1.csv::w4,data\raw\SmellNet\base_data\training\walnuts\walnuts_1.csv,walnuts,test
walnuts_1.csv::w5,data\raw\SmellNet\base_data\training\walnuts\walnuts_1.csv,walnuts,test
walnuts_1.csv::w6,data\raw\SmellNet\base_data\training\walnuts\walnuts_1.csv,walnuts,test
walnuts_2.csv::w0,data\raw\SmellNet\base_data\training\walnuts\walnuts_2.csv,walnuts,val
walnuts_2.csv::w1,data\raw\SmellNet\base_data\training\walnuts\walnuts_2.csv,walnuts,val
walnuts_2.csv::w2,data\raw\SmellNet\base_data\training\walnuts\walnuts_2.csv,walnuts,val
walnuts_2.csv::w3,data\raw\SmellNet\base_data\training\walnuts\walnuts_2.csv,walnuts,val
walnuts_2.csv::w4,data\raw\SmellNet\base_data\training\walnuts\walnuts_2.csv,walnuts,val
walnuts_2.csv::w5,data\raw\SmellNet\base_data\training\walnuts\walnuts_2.csv,walnuts,val
walnuts_2.csv::w6,data\raw\SmellNet\base_data\training\walnuts\walnuts_2.csv,walnuts,val
walnuts_3.csv::w0,data\raw\SmellNet\base_data\training\walnuts\walnuts_3.csv,walnuts,test
walnuts_3.csv::w1,data\raw\SmellNet\base_data\training\walnuts\walnuts_3.csv,walnuts,test
walnuts_3.csv::w2,data\raw\SmellNet\base_data\training\walnuts\walnuts_3.csv,walnuts,test
walnuts_3.csv::w3,data\raw\SmellNet\base_data\training\walnuts\walnuts_3.csv,walnuts,test
walnuts_3.csv::w4,data\raw\SmellNet\base_data\training\walnuts\walnuts_3.csv,walnuts,test
walnuts_3.csv::w5,data\raw\SmellNet\base_data\training\walnuts\walnuts_3.csv,walnuts,test
walnuts_3.csv::w6,data\raw\SmellNet\base_data\training\walnuts\walnuts_3.csv,walnuts,test
walnuts_4.csv::w0,data\raw\SmellNet\base_data\training\walnuts\walnuts_4.csv,walnuts,train
walnuts_4.csv::w1,data\raw\SmellNet\base_data\training\walnuts\walnuts_4.csv,walnuts,train
walnuts_4.csv::w2,data\raw\SmellNet\base_data\training\walnuts\walnuts_4.csv,walnuts,train
walnuts_4.csv::w3,data\raw\SmellNet\base_data\training\walnuts\walnuts_4.csv,walnuts,train
walnuts_4.csv::w4,data\raw\SmellNet\base_data\training\walnuts\walnuts_4.csv,walnuts,train
walnuts_4.csv::w5,data\raw\SmellNet\base_data\training\walnuts\walnuts_4.csv,walnuts,train
walnuts_4.csv::w6,data\raw\SmellNet\base_data\training\walnuts\walnuts_4.csv,walnuts,train
walnuts_5.csv::w0,data\raw\SmellNet\base_data\training\walnuts\walnuts_5.csv,walnuts,train
walnuts_5.csv::w1,data\raw\SmellNet\base_data\training\walnuts\walnuts_5.csv,walnuts,train
walnuts_5.csv::w2,data\raw\SmellNet\base_data\training\walnuts\walnuts_5.csv,walnuts,train
walnuts_5.csv::w3,data\raw\SmellNet\base_data\training\walnuts\walnuts_5.csv,walnuts,train
walnuts_5.csv::w4,data\raw\SmellNet\base_data\training\walnuts\walnuts_5.csv,walnuts,train
walnuts_5.csv::w5,data\raw\SmellNet\base_data\training\walnuts\walnuts_5.csv,walnuts,train
walnuts_5.csv::w6,data\raw\SmellNet\base_data\training\walnuts\walnuts_5.csv,walnuts,train
