sample_id,group,label,source_split,split
allspice_6.csv::w0,data\raw\SmellNet\base_data\testing\allspice\allspice_6.csv,allspice,test,test
allspice_6.csv::w1,data\raw\SmellNet\base_data\testing\allspice\allspice_6.csv,allspice,test,test
allspice_6.csv::w2,data\raw\SmellNet\base_data\testing\allspice\allspice_6.csv,allspice,test,test
allspice_6.csv::w3,data\raw\SmellNet\base_data\testing\allspice\allspice_6.csv,allspice,test,test
allspice_6.csv::w4,data\raw\SmellNet\base_data\testing\allspice\allspice_6.csv,allspice,test,test
allspice_6.csv::w5,data\raw\SmellNet\base_data\testing\allspice\allspice_6.csv,allspice,test,test
allspice_6.csv::w6,data\raw\SmellNet\base_data\testing\allspice\allspice_6.csv,allspice,test,test
allspice_6.csv::w7,data\raw\SmellNet\base_data\testing\allspice\allspice_6.csv,allspice,test,test
allspice_6.csv::w8,data\raw\SmellNet\base_data\testing\allspice\allspice_6.csv,allspice,test,test
almond_6.csv::w0,data\raw\SmellNet\base_data\testing\almond\almond_6.csv,almond,test,test
almond_6.csv::w1,data\raw\SmellNet\base_data\testing\almond\almond_6.csv,almond,test,test
almond_6.csv::w2,data\raw\SmellNet\base_data\testing\almond\almond_6.csv,almond,test,test
almond_6.csv::w3,data\raw\SmellNet\base_data\testing\almond\almond_6.csv,almond,test,test
almond_6.csv::w4,data\raw\SmellNet\base_data\testing\almond\almond_6.csv,almond,test,test
almond_6.csv::w5,data\raw\SmellNet\base_data\testing\almond\almond_6.csv,almond,test,test
almond_6.csv::w6,data\raw\SmellNet\base_data\testing\almond\almond_6.csv,almond,test,test
almond_6.csv::w7,data\raw\SmellNet\base_data\testing\almond\almond_6.csv,almond,test,test
almond_6.csv::w8,data\raw\SmellNet\base_data\testing\almond\almond_6.csv,almond,test,test
angelica_6.csv::w0,data\raw\SmellNet\base_data\testing\angelica\angelica_6.csv,angelica,test,test
angelica_6.csv::w1,data\raw\SmellNet\base_data\testing\angelica\angelica_6.csv,angelica,test,test
angelica_6.csv::w2,data\raw\SmellNet\base_data\testing\angelica\angelica_6.csv,angelica,test,test
angelica_6.csv::w3,data\raw\SmellNet\base_data\testing\angelica\angelica_6.csv,angelica,test,test
angelica_6.csv::w4,data\raw\SmellNet\base_data\testing\angelica\angelica_6.csv,angelica,test,test
angelica_6.csv::w5,data\raw\SmellNet\base_data\testing\angelica\angelica_6.csv,angelica,test,test
angelica_6.csv::w6,data\raw\SmellNet\base_data\testing\angelica\angelica_6.csv,angelica,test,test
angelica_6.csv::w7,data\raw\SmellNet\base_data\testing\angelica\angelica_6.csv,angelica,test,test
angelica_6.csv::w8,data\raw\SmellNet\base_data\testing\angelica\angelica_6.csv,angelica,test,test
apple_6.csv::w0,data\raw\SmellNet\base_data\testing\apple\apple_6.csv,apple,test,test
apple_6.csv::w1,data\raw\SmellNet\base_data\testing\apple\apple_6.csv,apple,test,test
apple_6.csv::w2,data\raw\SmellNet\base_data\testing\apple\apple_6.csv,apple,test,test
apple_6.csv::w3,data\raw\SmellNet\base_data\testing\apple\apple_6.csv,apple,test,test
apple_6.csv::w4,data\raw\SmellNet\base_data\testing\apple\apple_6.csv,apple,test,test
apple_6.csv::w5,data\raw\SmellNet\base_data\testing\apple\apple_6.csv,apple,test,test
apple_6.csv::w6,data\raw\SmellNet\base_data\testing\apple\apple_6.csv,apple,test,test
apple_6.csv::w7,data\raw\SmellNet\base_data\testing\apple\apple_6.csv,apple,test,test
apple_6.csv::w8,data\raw\SmellNet\base_data\testing\apple\apple_6.csv,apple,test,test
asparagus_6.csv::w0,data\raw\SmellNet\base_data\testing\asparagus\asparagus_6.csv,asparagus,test,test
asparagus_6.csv::w1,data\raw\SmellNet\base_data\testing\asparagus\asparagus_6.csv,asparagus,test,test
asparagus_6.csv::w2,data\raw\SmellNet\base_data\testing\asparagus\asparagus_6.csv,asparagus,test,test
asparagus_6.csv::w3,data\raw\SmellNet\base_data\testing\asparagus\asparagus_6.csv,asparagus,test,test
asparagus_6.csv::w4,data\raw\SmellNet\base_data\testing\asparagus\asparagus_6.csv,asparagus,test,test
asparagus_6.csv::w5,data\raw\SmellNet\base_data\testing\asparagus\asparagus_6.csv,asparagus,test,test
asparagus_6.csv::w6,data\raw\SmellNet\base_data\testing\asparagus\asparagus_6.csv,asparagus,test,test
asparagus_6.csv::w7,data\raw\SmellNet\base_data\testing\asparagus\asparagus_6.csv,asparagus,test,test
asparagus_6.csv::w8,data\raw\SmellNet\base_data\testing\asparagus\asparagus_6.csv,asparagus,test,test
avocado_6.csv::w0,data\raw\SmellNet\base_data\testing\avocado\avocado_6.csv,avocado,test,test
avocado_6.csv::w1,data\raw\SmellNet\base_data\testing\avocado\avocado_6.csv,avocado,test,test
avocado_6.csv::w2,data\raw\SmellNet\base_data\testing\avocado\avocado_6.csv,avocado,test,test
avocado_6.csv::w3,data\raw\SmellNet\base_data\testing\avocado\avocado_6.csv,avocado,test,test
avocado_6.csv::w4,data\raw\SmellNet\base_data\testing\avocado\avocado_6.csv,avocado,test,test
avocado_6.csv::w5,data\raw\SmellNet\base_data\testing\avocado\avocado_6.csv,avocado,test,test
avocado_6.csv::w6,data\raw\SmellNet\base_data\testing\avocado\avocado_6.csv,avocado,test,test
avocado_6.csv::w7,data\raw\SmellNet\base_data\testing\avocado\avocado_6.csv,avocado,test,test
avocado_6.csv::w8,data\raw\SmellNet\base_data\testing\avocado\avocado_6.csv,avocado,test,test
banana_6.csv::w0,data\raw\SmellNet\base_data\testing\banana\banana_6.csv,banana,test,test
banana_6.csv::w1,data\raw\SmellNet\base_data\testing\banana\banana_6.csv,banana,test,test
banana_6.csv::w2,data\raw\SmellNet\base_data\testing\banana\banana_6.csv,banana,test,test
banana_6.csv::w3,data\raw\SmellNet\base_data\testing\banana\banana_6.csv,banana,test,test
banana_6.csv::w4,data\raw\SmellNet\base_data\testing\banana\banana_6.csv,banana,test,test
banana_6.csv::w5,data\raw\SmellNet\base_data\testing\banana\banana_6.csv,banana,test,test
banana_6.csv::w6,data\raw\SmellNet\base_data\testing\banana\banana_6.csv,banana,test,test
banana_6.csv::w7,data\raw\SmellNet\base_data\testing\banana\banana_6.csv,banana,test,test
banana_6.csv::w8,data\raw\SmellNet\base_data\testing\banana\banana_6.csv,banana,test,test
brazil_nut_6.csv::w0,data\raw\SmellNet\base_data\testing\brazil_nut\brazil_nut_6.csv,brazil_nut,test,test
brazil_nut_6.csv::w1,data\raw\SmellNet\base_data\testing\brazil_nut\brazil_nut_6.csv,brazil_nut,test,test
brazil_nut_6.csv::w2,data\raw\SmellNet\base_data\testing\brazil_nut\brazil_nut_6.csv,brazil_nut,test,test
brazil_nut_6.csv::w3,data\raw\SmellNet\base_data\testing\brazil_nut\brazil_nut_6.csv,brazil_nut,test,test
brazil_nut_6.csv::w4,data\raw\SmellNet\base_data\testing\brazil_nut\brazil_nut_6.csv,brazil_nut,test,test
brazil_nut_6.csv::w5,data\raw\SmellNet\base_data\testing\brazil_nut\brazil_nut_6.csv,brazil_nut,test,test
brazil_nut_6.csv::w6,data\raw\SmellNet\base_data\testing\brazil_nut\brazil_nut_6.csv,brazil_nut,test,test
brazil_nut_6.csv::w7,data\raw\SmellNet\base_data\testing\brazil_nut\brazil_nut_6.csv,brazil_nut,test,test
brazil_nut_6.csv::w8,data\raw\SmellNet\base_data\testing\brazil_nut\brazil_nut_6.csv,brazil_nut,test,test
broccoli_6.csv::w0,data\raw\SmellNet\base_data\testing\broccoli\broccoli_6.csv,broccoli,test,test
broccoli_6.csv::w1,data\raw\SmellNet\base_data\testing\broccoli\broccoli_6.csv,broccoli,test,test
broccoli_6.csv::w2,data\raw\SmellNet\base_data\testing\broccoli\broccoli_6.csv,broccoli,test,test
broccoli_6.csv::w3,data\raw\SmellNet\base_data\testing\broccoli\broccoli_6.csv,broccoli,test,test
broccoli_6.csv::w4,data\raw\SmellNet\base_data\testing\broccoli\broccoli_6.csv,broccoli,test,test
broccoli_6.csv::w5,data\raw\SmellNet\base_data\testing\broccoli\broccoli_6.csv,broccoli,test,test
broccoli_6.csv::w6,data\raw\SmellNet\base_data\testing\broccoli\broccoli_6.csv,broccoli,test,test
broccoli_6.csv::w7,data\raw\SmellNet\base_data\testing\broccoli\broccoli_6.csv,broccoli,test,test
broccoli_6.csv::w8,data\raw\SmellNet\base_data\testing\broccoli\broccoli_6.csv,broccoli,test,test
brussel_sprouts_6.csv::w0,data\raw\SmellNet\base_data\testing\brussel_sprouts\brussel_sprouts_6.csv,brussel_sprouts,test,test
brussel_sprouts_6.csv::w1,data\raw\SmellNet\base_data\testing\brussel_sprouts\brussel_sprouts_6.csv,brussel_sprouts,test,test
brussel_sprouts_6.csv::w2,data\raw\SmellNet\base_data\testing\brussel_sprouts\brussel_sprouts_6.csv,brussel_sprouts,test,test
brussel_sprouts_6.csv::w3,data\raw\SmellNet\base_data\testing\brussel_sprouts\brussel_sprouts_6.csv,brussel_sprouts,test,test
brussel_sprouts_6.csv::w4,data\raw\SmellNet\base_data\testing\brussel_sprouts\brussel_sprouts_6.csv,brussel_sprouts,test,test
brussel_sprouts_6.csv::w5,data\raw\SmellNet\base_data\testing\brussel_sprouts\brussel_sprouts_6.csv,brussel_sprouts,test,test
brussel_sprouts_6.csv::w6,data\raw\SmellNet\base_data\testing\brussel_sprouts\brussel_sprouts_6.csv,brussel_sprouts,test,test
brussel_sprouts_6.csv::w7,data\raw\SmellNet\base_data\testing\brussel_sprouts\brussel_sprouts_6.csv,brussel_sprouts,test,test
brussel_sprouts_6.csv::w8,data\raw\SmellNet\base_data\testing\brussel_sprouts\brussel_sprouts_6.csv,brussel_sprouts,test,test
cabbage_6.csv::w0,data\raw\SmellNet\base_data\testing\cabbage\cabbage_6.csv,cabbage,test,test
cabbage_6.csv::w1,data\raw\SmellNet\base_data\testing\cabbage\cabbage_6.csv,cabbage,test,test
cabbage_6.csv::w2,data\raw\SmellNet\base_data\testing\cabbage\cabbage_6.csv,cabbage,test,test
cabbage_6.csv::w3,data\raw\SmellNet\base_data\testing\cabbage\cabbage_6.csv,cabbage,test,test
cabbage_6.csv::w4,data\raw\SmellNet\base_data\testing\cabbage\cabbage_6.csv,cabbage,test,test
cabbage_6.csv::w5,data\raw\SmellNet\base_data\testing\cabbage\cabbage_6.csv,cabbage,test,test
cabbage_6.csv::w6,data\raw\SmellNet\base_data\testing\cabbage\cabbage_6.csv,cabbage,test,test
cabbage_6.csv::w7,data\raw\SmellNet\base_data\testing\cabbage\cabbage_6.csv,cabbage,test,test
cabbage_6.csv::w8,data\raw\SmellNet\base_data\testing\cabbage\cabbage_6.csv,cabbage,test,test
cashew_6.csv::w0,data\raw\SmellNet\base_data\testing\cashew\cashew_6.csv,cashew,test,test
cashew_6.csv::w1,data\raw\SmellNet\base_data\testing\cashew\cashew_6.csv,cashew,test,test
cashew_6.csv::w2,data\raw\SmellNet\base_data\testing\cashew\cashew_6.csv,cashew,test,test
cashew_6.csv::w3,data\raw\SmellNet\base_data\testing\cashew\cashew_6.csv,cashew,test,test
cashew_6.csv::w4,data\raw\SmellNet\base_data\testing\cashew\cashew_6.csv,cashew,test,test
cashew_6.csv::w5,data\raw\SmellNet\base_data\testing\cashew\cashew_6.csv,cashew,test,test
cashew_6.csv::w6,data\raw\SmellNet\base_data\testing\cashew\cashew_6.csv,cashew,test,test
cashew_6.csv::w7,data\raw\SmellNet\base_data\testing\cashew\cashew_6.csv,cashew,test,test
cashew_6.csv::w8,data\raw\SmellNet\base_data\testing\cashew\cashew_6.csv,cashew,test,test
cauliflower_6.csv::w0,data\raw\SmellNet\base_data\testing\cauliflower\cauliflower_6.csv,cauliflower,test,test
cauliflower_6.csv::w1,data\raw\SmellNet\base_data\testing\cauliflower\cauliflower_6.csv,cauliflower,test,test
cauliflower_6.csv::w2,data\raw\SmellNet\base_data\testing\cauliflower\cauliflower_6.csv,cauliflower,test,test
cauliflower_6.csv::w3,data\raw\SmellNet\base_data\testing\cauliflower\cauliflower_6.csv,cauliflower,test,test
cauliflower_6.csv::w4,data\raw\SmellNet\base_data\testing\cauliflower\cauliflower_6.csv,cauliflower,test,test
cauliflower_6.csv::w5,data\raw\SmellNet\base_data\testing\cauliflower\cauliflower_6.csv,cauliflower,test,test
cauliflower_6.csv::w6,data\raw\SmellNet\base_data\testing\cauliflower\cauliflower_6.csv,cauliflower,test,test
cauliflower_6.csv::w7,data\raw\SmellNet\base_data\testing\cauliflower\cauliflower_6.csv,cauliflower,test,test
cauliflower_6.csv::w8,data\raw\SmellNet\base_data\testing\cauliflower\cauliflower_6.csv,cauliflower,test,test
chamomile_6.csv::w0,data\raw\SmellNet\base_data\testing\chamomile\chamomile_6.csv,chamomile,test,test
chamomile_6.csv::w1,data\raw\SmellNet\base_data\testing\chamomile\chamomile_6.csv,chamomile,test,test
chamomile_6.csv::w2,data\raw\SmellNet\base_data\testing\chamomile\chamomile_6.csv,chamomile,test,test
chamomile_6.csv::w3,data\raw\SmellNet\base_data\testing\chamomile\chamomile_6.csv,chamomile,test,test
chamomile_6.csv::w4,data\raw\SmellNet\base_data\testing\chamomile\chamomile_6.csv,chamomile,test,test
chamomile_6.csv::w5,data\raw\SmellNet\base_data\testing\chamomile\chamomile_6.csv,chamomile,test,test
chamomile_6.csv::w6,data\raw\SmellNet\base_data\testing\chamomile\chamomile_6.csv,chamomile,test,test
chamomile_6.csv::w7,data\raw\SmellNet\base_data\testing\chamomile\chamomile_6.csv,chamomile,test,test
chamomile_6.csv::w8,data\raw\SmellNet\base_data\testing\chamomile\chamomile_6.csv,chamomile,test,test
chervil_6.csv::w0,data\raw\SmellNet\base_data\testing\chervil\chervil_6.csv,chervil,test,test
chervil_6.csv::w1,data\raw\SmellNet\base_data\testing\chervil\chervil_6.csv,chervil,test,test
chervil_6.csv::w2,data\raw\SmellNet\base_data\testing\chervil\chervil_6.csv,chervil,test,test
chervil_6.csv::w3,data\raw\SmellNet\base_data\testing\chervil\chervil_6.csv,chervil,test,test
chervil_6.csv::w4,data\raw\SmellNet\base_data\testing\chervil\chervil_6.csv,chervil,test,test
chervil_6.csv::w5,data\raw\SmellNet\base_data\testing\chervil\chervil_6.csv,chervil,test,test
chervil_6.csv::w6,data\raw\SmellNet\base_data\testing\chervil\chervil_6.csv,chervil,test,test
chervil_6.csv::w7,data\raw\SmellNet\base_data\testing\chervil\chervil_6.csv,chervil,test,test
chervil_6.csv::w8,data\raw\SmellNet\base_data\testing\chervil\chervil_6.csv,chervil,test,test
chestnuts_6.csv::w0,data\raw\SmellNet\base_data\testing\chestnuts\chestnuts_6.csv,chestnuts,test,test
chestnuts_6.csv::w1,data\raw\SmellNet\base_data\testing\chestnuts\chestnuts_6.csv,chestnuts,test,test
chestnuts_6.csv::w2,data\raw\SmellNet\base_data\testing\chestnuts\chestnuts_6.csv,chestnuts,test,test
chestnuts_6.csv::w3,data\raw\SmellNet\base_data\testing\chestnuts\chestnuts_6.csv,chestnuts,test,test
chestnuts_6.csv::w4,data\raw\SmellNet\base_data\testing\chestnuts\chestnuts_6.csv,chestnuts,test,test
chestnuts_6.csv::w5,data\raw\SmellNet\base_data\testing\chestnuts\chestnuts_6.csv,chestnuts,test,test
chestnuts_6.csv::w6,data\raw\SmellNet\base_data\testing\chestnuts\chestnuts_6.csv,chestnuts,test,test
chestnuts_6.csv::w7,data\raw\SmellNet\base_data\testing\chestnuts\chestnuts_6.csv,chestnuts,test,test
chestnuts_6.csv::w8,data\raw\SmellNet\base_data\testing\chestnuts\chestnuts_6.csv,chestnuts,test,test
chives_6.csv::w0,data\raw\SmellNet\base_data\testing\chives\chives_6.csv,chives,test,test
chives_6.csv::w1,data\raw\SmellNet\base_data\testing\chives\chives_6.csv,chives,test,test
chives_6.csv::w2,data\raw\SmellNet\base_data\testing\chives\chives_6.csv,chives,test,test
chives_6.csv::w3,data\raw\SmellNet\base_data\testing\chives\chives_6.csv,chives,test,test
chives_6.csv::w4,data\raw\SmellNet\base_data\testing\chives\chives_6.csv,chives,test,test
chives_6.csv::w5,data\raw\SmellNet\base_data\testing\chives\chives_6.csv,chives,test,test
chives_6.csv::w6,data\raw\SmellNet\base_data\testing\chives\chives_6.csv,chives,test,test
chives_6.csv::w7,data\raw\SmellNet\base_data\testing\chives\chives_6.csv,chives,test,test
chives_6.csv::w8,data\raw\SmellNet\base_data\testing\chives\chives_6.csv,chives,test,test
cinnamon_6.csv::w0,data\raw\SmellNet\base_data\testing\cinnamon\cinnamon_6.csv,cinnamon,test,test
cinnamon_6.csv::w1,data\raw\SmellNet\base_data\testing\cinnamon\cinnamon_6.csv,cinnamon,test,test
cinnamon_6.csv::w2,data\raw\SmellNet\base_data\testing\cinnamon\cinnamon_6.csv,cinnamon,test,test
cinnamon_6.csv::w3,data\raw\SmellNet\base_data\testing\cinnamon\cinnamon_6.csv,cinnamon,test,test
cinnamon_6.csv::w4,data\raw\SmellNet\base_data\testing\cinnamon\cinnamon_6.csv,cinnamon,test,test
cinnamon_6.csv::w5,data\raw\SmellNet\base_data\testing\cinnamon\cinnamon_6.csv,cinnamon,test,test
cinnamon_6.csv::w6,data\raw\SmellNet\base_data\testing\cinnamon\cinnamon_6.csv,cinnamon,test,test
cinnamon_6.csv::w7,data\raw\SmellNet\base_data\testing\cinnamon\cinnamon_6.csv,cinnamon,test,test
cinnamon_6.csv::w8,data\raw\SmellNet\base_data\testing\cinnamon\cinnamon_6.csv,cinnamon,test,test
cloves_6.csv::w0,data\raw\SmellNet\base_data\testing\cloves\cloves_6.csv,cloves,test,test
cloves_6.csv::w1,data\raw\SmellNet\base_data\testing\cloves\cloves_6.csv,cloves,test,test
cloves_6.csv::w2,data\raw\SmellNet\base_data\testing\cloves\cloves_6.csv,cloves,test,test
cloves_6.csv::w3,data\raw\SmellNet\base_data\testing\cloves\cloves_6.csv,cloves,test,test
cloves_6.csv::w4,data\raw\SmellNet\base_data\testing\cloves\cloves_6.csv,cloves,test,test
cloves_6.csv::w5,data\raw\SmellNet\base_data\testing\cloves\cloves_6.csv,cloves,test,test
cloves_6.csv::w6,data\raw\SmellNet\base_data\testing\cloves\cloves_6.csv,cloves,test,test
cloves_6.csv::w7,data\raw\SmellNet\base_data\testing\cloves\cloves_6.csv,cloves,test,test
cloves_6.csv::w8,data\raw\SmellNet\base_data\testing\cloves\cloves_6.csv,cloves,test,test
coriander_6.csv::w0,data\raw\SmellNet\base_data\testing\coriander\coriander_6.csv,coriander,test,test
coriander_6.csv::w1,data\raw\SmellNet\base_data\testing\coriander\coriander_6.csv,coriander,test,test
coriander_6.csv::w2,data\raw\SmellNet\base_data\testing\coriander\coriander_6.csv,coriander,test,test
coriander_6.csv::w3,data\raw\SmellNet\base_data\testing\coriander\coriander_6.csv,coriander,test,test
coriander_6.csv::w4,data\raw\SmellNet\base_data\testing\coriander\coriander_6.csv,coriander,test,test
coriander_6.csv::w5,data\raw\SmellNet\base_data\testing\coriander\coriander_6.csv,coriander,test,test
coriander_6.csv::w6,data\raw\SmellNet\base_data\testing\coriander\coriander_6.csv,coriander,test,test
coriander_6.csv::w7,data\raw\SmellNet\base_data\testing\coriander\coriander_6.csv,coriander,test,test
coriander_6.csv::w8,data\raw\SmellNet\base_data\testing\coriander\coriander_6.csv,coriander,test,test
cumin_6.csv::w0,data\raw\SmellNet\base_data\testing\cumin\cumin_6.csv,cumin,test,test
cumin_6.csv::w1,data\raw\SmellNet\base_data\testing\cumin\cumin_6.csv,cumin,test,test
cumin_6.csv::w2,data\raw\SmellNet\base_data\testing\cumin\cumin_6.csv,cumin,test,test
cumin_6.csv::w3,data\raw\SmellNet\base_data\testing\cumin\cumin_6.csv,cumin,test,test
cumin_6.csv::w4,data\raw\SmellNet\base_data\testing\cumin\cumin_6.csv,cumin,test,test
cumin_6.csv::w5,data\raw\SmellNet\base_data\testing\cumin\cumin_6.csv,cumin,test,test
cumin_6.csv::w6,data\raw\SmellNet\base_data\testing\cumin\cumin_6.csv,cumin,test,test
cumin_6.csv::w7,data\raw\SmellNet\base_data\testing\cumin\cumin_6.csv,cumin,test,test
cumin_6.csv::w8,data\raw\SmellNet\base_data\testing\cumin\cumin_6.csv,cumin,test,test
dill_6.csv::w0,data\raw\SmellNet\base_data\testing\dill\dill_6.csv,dill,test,test
dill_6.csv::w1,data\raw\SmellNet\base_data\testing\dill\dill_6.csv,dill,test,test
dill_6.csv::w2,data\raw\SmellNet\base_data\testing\dill\dill_6.csv,dill,test,test
dill_6.csv::w3,data\raw\SmellNet\base_data\testing\dill\dill_6.csv,dill,test,test
dill_6.csv::w4,data\raw\SmellNet\base_data\testing\dill\dill_6.csv,dill,test,test
dill_6.csv::w5,data\raw\SmellNet\base_data\testing\dill\dill_6.csv,dill,test,test
dill_6.csv::w6,data\raw\SmellNet\base_data\testing\dill\dill_6.csv,dill,test,test
dill_6.csv::w7,data\raw\SmellNet\base_data\testing\dill\dill_6.csv,dill,test,test
dill_6.csv::w8,data\raw\SmellNet\base_data\testing\dill\dill_6.csv,dill,test,test
garlic_6.csv::w0,data\raw\SmellNet\base_data\testing\garlic\garlic_6.csv,garlic,test,test
garlic_6.csv::w1,data\raw\SmellNet\base_data\testing\garlic\garlic_6.csv,garlic,test,test
garlic_6.csv::w2,data\raw\SmellNet\base_data\testing\garlic\garlic_6.csv,garlic,test,test
garlic_6.csv::w3,data\raw\SmellNet\base_data\testing\garlic\garlic_6.csv,garlic,test,test
garlic_6.csv::w4,data\raw\SmellNet\base_data\testing\garlic\garlic_6.csv,garlic,test,test
garlic_6.csv::w5,data\raw\SmellNet\base_data\testing\garlic\garlic_6.csv,garlic,test,test
garlic_6.csv::w6,data\raw\SmellNet\base_data\testing\garlic\garlic_6.csv,garlic,test,test
garlic_6.csv::w7,data\raw\SmellNet\base_data\testing\garlic\garlic_6.csv,garlic,test,test
garlic_6.csv::w8,data\raw\SmellNet\base_data\testing\garlic\garlic_6.csv,garlic,test,test
ginger_6.csv::w0,data\raw\SmellNet\base_data\testing\ginger\ginger_6.csv,ginger,test,test
ginger_6.csv::w1,data\raw\SmellNet\base_data\testing\ginger\ginger_6.csv,ginger,test,test
ginger_6.csv::w2,data\raw\SmellNet\base_data\testing\ginger\ginger_6.csv,ginger,test,test
ginger_6.csv::w3,data\raw\SmellNet\base_data\testing\ginger\ginger_6.csv,ginger,test,test
ginger_6.csv::w4,data\raw\SmellNet\base_data\testing\ginger\ginger_6.csv,ginger,test,test
ginger_6.csv::w5,data\raw\SmellNet\base_data\testing\ginger\ginger_6.csv,ginger,test,test
ginger_6.csv::w6,data\raw\SmellNet\base_data\testing\ginger\ginger_6.csv,ginger,test,test
ginger_6.csv::w7,data\raw\SmellNet\base_data\testing\ginger\ginger_6.csv,ginger,test,test
ginger_6.csv::w8,data\raw\SmellNet\base_data\testing\ginger\ginger_6.csv,ginger,test,test
hazelnut_6.csv::w0,data\raw\SmellNet\base_data\testing\hazelnut\hazelnut_6.csv,hazelnut,test,test
hazelnut_6.csv::w1,data\raw\SmellNet\base_data\testing\hazelnut\hazelnut_6.csv,hazelnut,test,test
hazelnut_6.csv::w2,data\raw\SmellNet\base_data\testing\hazelnut\hazelnut_6.csv,hazelnut,test,test
hazelnut_6.csv::w3,data\raw\SmellNet\base_data\testing\hazelnut\hazelnut_6.csv,hazelnut,test,test
hazelnut_6.csv::w4,data\raw\SmellNet\base_data\testing\hazelnut\hazelnut_6.csv,hazelnut,test,test
hazelnut_6.csv::w5,data\raw\SmellNet\base_data\testing\hazelnut\hazelnut_6.csv,hazelnut,test,test
hazelnut_6.csv::w6,data\raw\SmellNet\base_data\testing\hazelnut\hazelnut_6.csv,hazelnut,test,test
hazelnut_6.csv::w7,data\raw\SmellNet\base_data\testing\hazelnut\hazelnut_6.csv,hazelnut,test,test
hazelnut_6.csv::w8,data\raw\SmellNet\base_data\testing\hazelnut\hazelnut_6.csv,hazelnut,test,test
kiwi_6.csv::w0,data\raw\SmellNet\base_data\testing\kiwi\kiwi_6.csv,kiwi,test,test
kiwi_6.csv::w1,data\raw\SmellNet\base_data\testing\kiwi\kiwi_6.csv,kiwi,test,test
kiwi_6.csv::w2,data\raw\SmellNet\base_data\testing\kiwi\kiwi_6.csv,kiwi,test,test
kiwi_6.csv::w3,data\raw\SmellNet\base_data\testing\kiwi\kiwi_6.csv,kiwi,test,test
kiwi_6.csv::w4,data\raw\SmellNet\base_data\testing\kiwi\kiwi_6.csv,kiwi,test,test
kiwi_6.csv::w5,data\raw\SmellNet\base_data\testing\kiwi\kiwi_6.csv,kiwi,test,test
kiwi_6.csv::w6,data\raw\SmellNet\base_data\testing\kiwi\kiwi_6.csv,kiwi,test,test
kiwi_6.csv::w7,data\raw\SmellNet\base_data\testing\kiwi\kiwi_6.csv,kiwi,test,test
kiwi_6.csv::w8,data\raw\SmellNet\base_data\testing\kiwi\kiwi_6.csv,kiwi,test,test
lemon_6.csv::w0,data\raw\SmellNet\base_data\testing\lemon\lemon_6.csv,lemon,test,test
lemon_6.csv::w1,data\raw\SmellNet\base_data\testing\lemon\lemon_6.csv,lemon,test,test
lemon_6.csv::w2,data\raw\SmellNet\base_data\testing\lemon\lemon_6.csv,lemon,test,test
lemon_6.csv::w3,data\raw\SmellNet\base_data\testing\lemon\lemon_6.csv,lemon,test,test
lemon_6.csv::w4,data\raw\SmellNet\base_data\testing\lemon\lemon_6.csv,lemon,test,test
lemon_6.csv::w5,data\raw\SmellNet\base_data\testing\lemon\lemon_6.csv,lemon,test,test
lemon_6.csv::w6,data\raw\SmellNet\base_data\testing\lemon\lemon_6.csv,lemon,test,test
lemon_6.csv::w7,data\raw\SmellNet\base_data\testing\lemon\lemon_6.csv,lemon,test,test
lemon_6.csv::w8,data\raw\SmellNet\base_data\testing\lemon\lemon_6.csv,lemon,test,test
mandarin_orange_6.csv::w0,data\raw\SmellNet\base_data\testing\mandarin_orange\mandarin_orange_6.csv,mandarin_orange,test,test
mandarin_orange_6.csv::w1,data\raw\SmellNet\base_data\testing\mandarin_orange\mandarin_orange_6.csv,mandarin_orange,test,test
mandarin_orange_6.csv::w2,data\raw\SmellNet\base_data\testing\mandarin_orange\mandarin_orange_6.csv,mandarin_orange,test,test
mandarin_orange_6.csv::w3,data\raw\SmellNet\base_data\testing\mandarin_orange\mandarin_orange_6.csv,mandarin_orange,test,test
mandarin_orange_6.csv::w4,data\raw\SmellNet\base_data\testing\mandarin_orange\mandarin_orange_6.csv,mandarin_orange,test,test
mandarin_orange_6.csv::w5,data\raw\SmellNet\base_data\testing\mandarin_orange\mandarin_orange_6.csv,mandarin_orange,test,test
mandarin_orange_6.csv::w6,data\raw\SmellNet\base_data\testing\mandarin_orange\mandarin_orange_6.csv,mandarin_orange,test,test
mandarin_orange_6.csv::w7,data\raw\SmellNet\base_data\testing\mandarin_orange\mandarin_orange_6.csv,mandarin_orange,test,test
mandarin_orange_6.csv::w8,data\raw\SmellNet\base_data\testing\mandarin_orange\mandarin_orange_6.csv,mandarin_orange,test,test
mango_6.csv::w0,data\raw\SmellNet\base_data\testing\mango\mango_6.csv,mango,test,test
mango_6.csv::w1,data\raw\SmellNet\base_data\testing\mango\mango_6.csv,mango,test,test
mango_6.csv::w2,data\raw\SmellNet\base_data\testing\mango\mango_6.csv,mango,test,test
mango_6.csv::w3,data\raw\SmellNet\base_data\testing\mango\mango_6.csv,mango,test,test
mango_6.csv::w4,data\raw\SmellNet\base_data\testing\mango\mango_6.csv,mango,test,test
mango_6.csv::w5,data\raw\SmellNet\base_data\testing\mango\mango_6.csv,mango,test,test
mango_6.csv::w6,data\raw\SmellNet\base_data\testing\mango\mango_6.csv,mango,test,test
mango_6.csv::w7,data\raw\SmellNet\base_data\testing\mango\mango_6.csv,mango,test,test
mango_6.csv::w8,data\raw\SmellNet\base_data\testing\mango\mango_6.csv,mango,test,test
mint_6.csv::w0,data\raw\SmellNet\base_data\testing\mint\mint_6.csv,mint,test,test
mint_6.csv::w1,data\raw\SmellNet\base_data\testing\mint\mint_6.csv,mint,test,test
mint_6.csv::w2,data\raw\SmellNet\base_data\testing\mint\mint_6.csv,mint,test,test
mint_6.csv::w3,data\raw\SmellNet\base_data\testing\mint\mint_6.csv,mint,test,test
mint_6.csv::w4,data\raw\SmellNet\base_data\testing\mint\mint_6.csv,mint,test,test
mint_6.csv::w5,data\raw\SmellNet\base_data\testing\mint\mint_6.csv,mint,test,test
mint_6.csv::w6,data\raw\SmellNet\base_data\testing\mint\mint_6.csv,mint,test,test
mint_6.csv::w7,data\raw\SmellNet\base_data\testing\mint\mint_6.csv,mint,test,test
mint_6.csv::w8,data\raw\SmellNet\base_data\testing\mint\mint_6.csv,mint,test,test
mugwort_6.csv::w0,data\raw\SmellNet\base_data\testing\mugwort\mugwort_6.csv,mugwort,test,test
mugwort_6.csv::w1,data\raw\SmellNet\base_data\testing\mugwort\mugwort_6.csv,mugwort,test,test
mugwort_6.csv::w2,data\raw\SmellNet\base_data\testing\mugwort\mugwort_6.csv,mugwort,test,test
mugwort_6.csv::w3,data\raw\SmellNet\base_data\testing\mugwort\mugwort_6.csv,mugwort,test,test
mugwort_6.csv::w4,data\raw\SmellNet\base_data\testing\mugwort\mugwort_6.csv,mugwort,test,test
mugwort_6.csv::w5,data\raw\SmellNet\base_data\testing\mugwort\mugwort_6.csv,mugwort,test,test
mugwort_6.csv::w6,data\raw\SmellNet\base_data\testing\mugwort\mugwort_6.csv,mugwort,test,test
mugwort_6.csv::w7,data\raw\SmellNet\base_data\testing\mugwort\mugwort_6.csv,mugwort,test,test
mugwort_6.csv::w8,data\raw\SmellNet\base_data\testing\mugwort\mugwort_6.csv,mugwort,test,test
mustard_6.csv::w0,data\raw\SmellNet\base_data\testing\mustard\mustard_6.csv,mustard,test,test
mustard_6.csv::w1,data\raw\SmellNet\base_data\testing\mustard\mustard_6.csv,mustard,test,test
mustard_6.csv::w2,data\raw\SmellNet\base_data\testing\mustard\mustard_6.csv,mustard,test,test
mustard_6.csv::w3,data\raw\SmellNet\base_data\testing\mustard\mustard_6.csv,mustard,test,test
mustard_6.csv::w4,data\raw\SmellNet\base_data\testing\mustard\mustard_6.csv,mustard,test,test
mustard_6.csv::w5,data\raw\SmellNet\base_data\testing\mustard\mustard_6.csv,mustard,test,test
mustard_6.csv::w6,data\raw\SmellNet\base_data\testing\mustard\mustard_6.csv,mustard,test,test
mustard_6.csv::w7,data\raw\SmellNet\base_data\testing\mustard\mustard_6.csv,mustard,test,test
mustard_6.csv::w8,data\raw\SmellNet\base_data\testing\mustard\mustard_6.csv,mustard,test,test
nutmeg_6.csv::w0,data\raw\SmellNet\base_data\testing\nutmeg\nutmeg_6.csv,nutmeg,test,test
nutmeg_6.csv::w1,data\raw\SmellNet\base_data\testing\nutmeg\nutmeg_6.csv,nutmeg,test,test
nutmeg_6.csv::w2,data\raw\SmellNet\base_data\testing\nutmeg\nutmeg_6.csv,nutmeg,test,test
nutmeg_6.csv::w3,data\raw\SmellNet\base_data\testing\nutmeg\nutmeg_6.csv,nutmeg,test,test
nutmeg_6.csv::w4,data\raw\SmellNet\base_data\testing\nutmeg\nutmeg_6.csv,nutmeg,test,test
nutmeg_6.csv::w5,data\raw\SmellNet\base_data\testing\nutmeg\nutmeg_6.csv,nutmeg,test,test
nutmeg_6.csv::w6,data\raw\SmellNet\base_data\testing\nutmeg\nutmeg_6.csv,nutmeg,test,test
nutmeg_6.csv::w7,data\raw\SmellNet\base_data\testing\nutmeg\nutmeg_6.csv,nutmeg,test,test
nutmeg_6.csv::w8,data\raw\SmellNet\base_data\testing\nutmeg\nutmeg_6.csv,nutmeg,test,test
oregano_6.csv::w0,data\raw\SmellNet\base_data\testing\oregano\oregano_6.csv,oregano,test,test
oregano_6.csv::w1,data\raw\SmellNet\base_data\testing\oregano\oregano_6.csv,oregano,test,test
oregano_6.csv::w2,data\raw\SmellNet\base_data\testing\oregano\oregano_6.csv,oregano,test,test
oregano_6.csv::w3,data\raw\SmellNet\base_data\testing\oregano\oregano_6.csv,oregano,test,test
oregano_6.csv::w4,data\raw\SmellNet\base_data\testing\oregano\oregano_6.csv,oregano,test,test
oregano_6.csv::w5,data\raw\SmellNet\base_data\testing\oregano\oregano_6.csv,oregano,test,test
oregano_6.csv::w6,data\raw\SmellNet\base_data\testing\oregano\oregano_6.csv,oregano,test,test
oregano_6.csv::w7,data\raw\SmellNet\base_data\testing\oregano\oregano_6.csv,oregano,test,test
oregano_6.csv::w8,data\raw\SmellNet\base_data\testing\oregano\oregano_6.csv,oregano,test,test
peach_6.csv::w0,data\raw\SmellNet\base_data\testing\peach\peach_6.csv,peach,test,test
peach_6.csv::w1,data\raw\SmellNet\base_data\testing\peach\peach_6.csv,peach,test,test
peach_6.csv::w2,data\raw\SmellNet\base_data\testing\peach\peach_6.csv,peach,test,test
peach_6.csv::w3,data\raw\SmellNet\base_data\testing\peach\peach_6.csv,peach,test,test
peach_6.csv::w4,data\raw\SmellNet\base_data\testing\peach\peach_6.csv,peach,test,test
peach_6.csv::w5,data\raw\SmellNet\base_data\testing\peach\peach_6.csv,peach,test,test
peach_6.csv::w6,data\raw\SmellNet\base_data\testing\peach\peach_6.csv,peach,test,test
peach_6.csv::w7,data\raw\SmellNet\base_data\testing\peach\peach_6.csv,peach,test,test
peach_6.csv::w8,data\raw\SmellNet\base_data\testing\peach\peach_6.csv,peach,test,test
peanuts_6.csv::w0,data\raw\SmellNet\base_data\testing\peanuts\peanuts_6.csv,peanuts,test,test
peanuts_6.csv::w1,data\raw\SmellNet\base_data\testing\peanuts\peanuts_6.csv,peanuts,test,test
peanuts_6.csv::w2,data\raw\SmellNet\base_data\testing\peanuts\peanuts_6.csv,peanuts,test,test
peanuts_6.csv::w3,data\raw\SmellNet\base_data\testing\peanuts\peanuts_6.csv,peanuts,test,test
peanuts_6.csv::w4,data\raw\SmellNet\base_data\testing\peanuts\peanuts_6.csv,peanuts,test,test
peanuts_6.csv::w5,data\raw\SmellNet\base_data\testing\peanuts\peanuts_6.csv,peanuts,test,test
peanuts_6.csv::w6,data\raw\SmellNet\base_data\testing\peanuts\peanuts_6.csv,peanuts,test,test
peanuts_6.csv::w7,data\raw\SmellNet\base_data\testing\peanuts\peanuts_6.csv,peanuts,test,test
peanuts_6.csv::w8,data\raw\SmellNet\base_data\testing\peanuts\peanuts_6.csv,peanuts,test,test
pear_6.csv::w0,data\raw\SmellNet\base_data\testing\pear\pear_6.csv,pear,test,test
pear_6.csv::w1,data\raw\SmellNet\base_data\testing\pear\pear_6.csv,pear,test,test
pear_6.csv::w2,data\raw\SmellNet\base_data\testing\pear\pear_6.csv,pear,test,test
pear_6.csv::w3,data\raw\SmellNet\base_data\testing\pear\pear_6.csv,pear,test,test
pear_6.csv::w4,data\raw\SmellNet\base_data\testing\pear\pear_6.csv,pear,test,test
pear_6.csv::w5,data\raw\SmellNet\base_data\testing\pear\pear_6.csv,pear,test,test
pear_6.csv::w6,data\raw\SmellNet\base_data\testing\pear\pear_6.csv,pear,test,test
pear_6.csv::w7,data\raw\SmellNet\base_data\testing\pear\pear_6.csv,pear,test,test
pear_6.csv::w8,data\raw\SmellNet\base_data\testing\pear\pear_6.csv,pear,test,test
pecans_6.csv::w0,data\raw\SmellNet\base_data\testing\pecans\pecans_6.csv,pecans,test,test
pecans_6.csv::w1,data\raw\SmellNet\base_data\testing\pecans\pecans_6.csv,pecans,test,test
pecans_6.csv::w2,data\raw\SmellNet\base_data\testing\pecans\pecans_6.csv,pecans,test,test
pecans_6.csv::w3,data\raw\SmellNet\base_data\testing\pecans\pecans_6.csv,pecans,test,test
pecans_6.csv::w4,data\raw\SmellNet\base_data\testing\pecans\pecans_6.csv,pecans,test,test
pecans_6.csv::w5,data\raw\SmellNet\base_data\testing\pecans\pecans_6.csv,pecans,test,test
pecans_6.csv::w6,data\raw\SmellNet\base_data\testing\pecans\pecans_6.csv,pecans,test,test
pecans_6.csv::w7,data\raw\SmellNet\base_data\testing\pecans\pecans_6.csv,pecans,test,test
pecans_6.csv::w8,data\raw\SmellNet\base_data\testing\pecans\pecans_6.csv,pecans,test,test
pili_nut_6.csv::w0,data\raw\SmellNet\base_data\testing\pili_nut\pili_nut_6.csv,pili_nut,test,test
pili_nut_6.csv::w1,data\raw\SmellNet\base_data\testing\pili_nut\pili_nut_6.csv,pili_nut,test,test
pili_nut_6.csv::w2,data\raw\SmellNet\base_data\testing\pili_nut\pili_nut_6.csv,pili_nut,test,test
pili_nut_6.csv::w3,data\raw\SmellNet\base_data\testing\pili_nut\pili_nut_6.csv,pili_nut,test,test
pili_nut_6.csv::w4,data\raw\SmellNet\base_data\testing\pili_nut\pili_nut_6.csv,pili_nut,test,test
pili_nut_6.csv::w5,data\raw\SmellNet\base_data\testing\pili_nut\pili_nut_6.csv,pili_nut,test,test
pili_nut_6.csv::w6,data\raw\SmellNet\base_data\testing\pili_nut\pili_nut_6.csv,pili_nut,test,test
pili_nut_6.csv::w7,data\raw\SmellNet\base_data\testing\pili_nut\pili_nut_6.csv,pili_nut,test,test
pili_nut_6.csv::w8,data\raw\SmellNet\base_data\testing\pili_nut\pili_nut_6.csv,pili_nut,test,test
pineapple_6.csv::w0,data\raw\SmellNet\base_data\testing\pineapple\pineapple_6.csv,pineapple,test,test
pineapple_6.csv::w1,data\raw\SmellNet\base_data\testing\pineapple\pineapple_6.csv,pineapple,test,test
pineapple_6.csv::w2,data\raw\SmellNet\base_data\testing\pineapple\pineapple_6.csv,pineapple,test,test
pineapple_6.csv::w3,data\raw\SmellNet\base_data\testing\pineapple\pineapple_6.csv,pineapple,test,test
pineapple_6.csv::w4,data\raw\SmellNet\base_data\testing\pineapple\pineapple_6.csv,pineapple,test,test
pineapple_6.csv::w5,data\raw\SmellNet\base_data\testing\pineapple\pineapple_6.csv,pineapple,test,test
pineapple_6.csv::w6,data\raw\SmellNet\base_data\testing\pineapple\pineapple_6.csv,pineapple,test,test
pineapple_6.csv::w7,data\raw\SmellNet\base_data\testing\pineapple\pineapple_6.csv,pineapple,test,test
pineapple_6.csv::w8,data\raw\SmellNet\base_data\testing\pineapple\pineapple_6.csv,pineapple,test,test
pistachios_6.csv::w0,data\raw\SmellNet\base_data\testing\pistachios\pistachios_6.csv,pistachios,test,test
pistachios_6.csv::w1,data\raw\SmellNet\base_data\testing\pistachios\pistachios_6.csv,pistachios,test,test
pistachios_6.csv::w2,data\raw\SmellNet\base_data\testing\pistachios\pistachios_6.csv,pistachios,test,test
pistachios_6.csv::w3,data\raw\SmellNet\base_data\testing\pistachios\pistachios_6.csv,pistachios,test,test
pistachios_6.csv::w4,data\raw\SmellNet\base_data\testing\pistachios\pistachios_6.csv,pistachios,test,test
pistachios_6.csv::w5,data\raw\SmellNet\base_data\testing\pistachios\pistachios_6.csv,pistachios,test,test
pistachios_6.csv::w6,data\raw\SmellNet\base_data\testing\pistachios\pistachios_6.csv,pistachios,test,test
pistachios_6.csv::w7,data\raw\SmellNet\base_data\testing\pistachios\pistachios_6.csv,pistachios,test,test
pistachios_6.csv::w8,data\raw\SmellNet\base_data\testing\pistachios\pistachios_6.csv,pistachios,test,test
potato_6.csv::w0,data\raw\SmellNet\base_data\testing\potato\potato_6.csv,potato,test,test
potato_6.csv::w1,data\raw\SmellNet\base_data\testing\potato\potato_6.csv,potato,test,test
potato_6.csv::w2,data\raw\SmellNet\base_data\testing\potato\potato_6.csv,potato,test,test
potato_6.csv::w3,data\raw\SmellNet\base_data\testing\potato\potato_6.csv,potato,test,test
potato_6.csv::w4,data\raw\SmellNet\base_data\testing\potato\potato_6.csv,potato,test,test
potato_6.csv::w5,data\raw\SmellNet\base_data\testing\potato\potato_6.csv,potato,test,test
potato_6.csv::w6,data\raw\SmellNet\base_data\testing\potato\potato_6.csv,potato,test,test
potato_6.csv::w7,data\raw\SmellNet\base_data\testing\potato\potato_6.csv,potato,test,test
potato_6.csv::w8,data\raw\SmellNet\base_data\testing\potato\potato_6.csv,potato,test,test
radish_6.csv::w0,data\raw\SmellNet\base_data\testing\radish\radish_6.csv,radish,test,test
radish_6.csv::w1,data\raw\SmellNet\base_data\testing\radish\radish_6.csv,radish,test,test
radish_6.csv::w2,data\raw\SmellNet\base_data\testing\radish\radish_6.csv,radish,test,test
radish_6.csv::w3,data\raw\SmellNet\base_data\testing\radish\radish_6.csv,radish,test,test
radish_6.csv::w4,data\raw\SmellNet\base_data\testing\radish\radish_6.csv,radish,test,test
radish_6.csv::w5,data\raw\SmellNet\base_data\testing\radish\radish_6.csv,radish,test,test
radish_6.csv::w6,data\raw\SmellNet\base_data\testing\radish\radish_6.csv,radish,test,test
radish_6.csv::w7,data\raw\SmellNet\base_data\testing\radish\radish_6.csv,radish,test,test
radish_6.csv::w8,data\raw\SmellNet\base_data\testing\radish\radish_6.csv,radish,test,test
saffron_6.csv::w0,data\raw\SmellNet\base_data\testing\saffron\saffron_6.csv,saffron,test,test
saffron_6.csv::w1,data\raw\SmellNet\base_data\testing\saffron\saffron_6.csv,saffron,test,test
saffron_6.csv::w2,data\raw\SmellNet\base_data\testing\saffron\saffron_6.csv,saffron,test,test
saffron_6.csv::w3,data\raw\SmellNet\base_data\testing\saffron\saffron_6.csv,saffron,test,test
saffron_6.csv::w4,data\raw\SmellNet\base_data\testing\saffron\saffron_6.csv,saffron,test,test
saffron_6.csv::w5,data\raw\SmellNet\base_data\testing\saffron\saffron_6.csv,saffron,test,test
saffron_6.csv::w6,data\raw\SmellNet\base_data\testing\saffron\saffron_6.csv,saffron,test,test
saffron_6.csv::w7,data\raw\SmellNet\base_data\testing\saffron\saffron_6.csv,saffron,test,test
saffron_6.csv::w8,data\raw\SmellNet\base_data\testing\saffron\saffron_6.csv,saffron,test,test
star_anise_6.csv::w0,data\raw\SmellNet\base_data\testing\star_anise\star_anise_6.csv,star_anise,test,test
star_anise_6.csv::w1,data\raw\SmellNet\base_data\testing\star_anise\star_anise_6.csv,star_anise,test,test
star_anise_6.csv::w2,data\raw\SmellNet\base_data\testing\star_anise\star_anise_6.csv,star_anise,test,test
star_anise_6.csv::w3,data\raw\SmellNet\base_data\testing\star_anise\star_anise_6.csv,star_anise,test,test
star_anise_6.csv::w4,data\raw\SmellNet\base_data\testing\star_anise\star_anise_6.csv,star_anise,test,test
star_anise_6.csv::w5,data\raw\SmellNet\base_data\testing\star_anise\star_anise_6.csv,star_anise,test,test
star_anise_6.csv::w6,data\raw\SmellNet\base_data\testing\star_anise\star_anise_6.csv,star_anise,test,test
star_anise_6.csv::w7,data\raw\SmellNet\base_data\testing\star_anise\star_anise_6.csv,star_anise,test,test
star_anise_6.csv::w8,data\raw\SmellNet\base_data\testing\star_anise\star_anise_6.csv,star_anise,test,test
strawberry_6.csv::w0,data\raw\SmellNet\base_data\testing\strawberry\strawberry_6.csv,strawberry,test,test
strawberry_6.csv::w1,data\raw\SmellNet\base_data\testing\strawberry\strawberry_6.csv,strawberry,test,test
strawberry_6.csv::w2,data\raw\SmellNet\base_data\testing\strawberry\strawberry_6.csv,strawberry,test,test
strawberry_6.csv::w3,data\raw\SmellNet\base_data\testing\strawberry\strawberry_6.csv,strawberry,test,test
strawberry_6.csv::w4,data\raw\SmellNet\base_data\testing\strawberry\strawberry_6.csv,strawberry,test,test
strawberry_6.csv::w5,data\raw\SmellNet\base_data\testing\strawberry\strawberry_6.csv,strawberry,test,test
strawberry_6.csv::w6,data\raw\SmellNet\base_data\testing\strawberry\strawberry_6.csv,strawberry,test,test
strawberry_6.csv::w7,data\raw\SmellNet\base_data\testing\strawberry\strawberry_6.csv,strawberry,test,test
strawberry_6.csv::w8,data\raw\SmellNet\base_data\testing\strawberry\strawberry_6.csv,strawberry,test,test
sweet_potato_6.csv::w0,data\raw\SmellNet\base_data\testing\sweet_potato\sweet_potato_6.csv,sweet_potato,test,test
sweet_potato_6.csv::w1,data\raw\SmellNet\base_data\testing\sweet_potato\sweet_potato_6.csv,sweet_potato,test,test
sweet_potato_6.csv::w2,data\raw\SmellNet\base_data\testing\sweet_potato\sweet_potato_6.csv,sweet_potato,test,test
sweet_potato_6.csv::w3,data\raw\SmellNet\base_data\testing\sweet_potato\sweet_potato_6.csv,sweet_potato,test,test
sweet_potato_6.csv::w4,data\raw\SmellNet\base_data\testing\sweet_potato\sweet_potato_6.csv,sweet_potato,test,test
sweet_potato_6.csv::w5,data\raw\SmellNet\base_data\testing\sweet_potato\sweet_potato_6.csv,sweet_potato,test,test
sweet_potato_6.csv::w6,data\raw\SmellNet\base_data\testing\sweet_potato\sweet_potato_6.csv,sweet_potato,test,test
sweet_potato_6.csv::w7,data\raw\SmellNet\base_data\testing\sweet_potato\sweet_potato_6.csv,sweet_potato,test,test
sweet_potato_6.csv::w8,data\raw\SmellNet\base_data\testing\sweet_potato\sweet_potato_6.csv,sweet_potato,test,test
tomato_6.csv::w0,data\raw\SmellNet\base_data\testing\tomato\tomato_6.csv,tomato,test,test
tomato_6.csv::w1,data\raw\SmellNet\base_data\testing\tomato\tomato_6.csv,tomato,test,test
tomato_6.csv::w2,data\raw\SmellNet\base_data\testing\tomato\tomato_6.csv,tomato,test,test
tomato_6.csv::w3,data\raw\SmellNet\base_data\testing\tomato\tomato_6.csv,tomato,test,test
tomato_6.csv::w4,data\raw\SmellNet\base_data\testing\tomato\tomato_6.csv,tomato,test,test
tomato_6.csv::w5,data\raw\SmellNet\base_data\testing\tomato\tomato_6.csv,tomato,test,test
tomato_6.csv::w6,data\raw\SmellNet\base_data\testing\tomato\tomato_6.csv,tomato,test,test
tomato_6.csv::w7,data\raw\SmellNet\base_data\testing\tomato\tomato_6.csv,tomato,test,test
tomato_6.csv::w8,data\raw\SmellNet\base_data\testing\tomato\tomato_6.csv,tomato,test,test
turnip_6.csv::w0,data\raw\SmellNet\base_data\testing\turnip\turnip_6.csv,turnip,test,test
turnip_6.csv::w1,data\raw\SmellNet\base_data\testing\turnip\turnip_6.csv,turnip,test,test
turnip_6.csv::w2,data\raw\SmellNet\base_data\testing\turnip\turnip_6.csv,turnip,test,test
turnip_6.csv::w3,data\raw\SmellNet\base_data\testing\turnip\turnip_6.csv,turnip,test,test
turnip_6.csv::w4,data\raw\SmellNet\base_data\testing\turnip\turnip_6.csv,turnip,test,test
turnip_6.csv::w5,data\raw\SmellNet\base_data\testing\turnip\turnip_6.csv,turnip,test,test
turnip_6.csv::w6,data\raw\SmellNet\base_data\testing\turnip\turnip_6.csv,turnip,test,test
turnip_6.csv::w7,data\raw\SmellNet\base_data\testing\turnip\turnip_6.csv,turnip,test,test
turnip_6.csv::w8,data\raw\SmellNet\base_data\testing\turnip\turnip_6.csv,turnip,test,test
walnuts_6.csv::w0,data\raw\SmellNet\base_data\testing\walnuts\walnuts_6.csv,walnuts,test,test
walnuts_6.csv::w1,data\raw\SmellNet\base_data\testing\walnuts\walnuts_6.csv,walnuts,test,test
walnuts_6.csv::w2,data\raw\SmellNet\base_data\testing\walnuts\walnuts_6.csv,walnuts,test,test
walnuts_6.csv::w3,data\raw\SmellNet\base_data\testing\walnuts\walnuts_6.csv,walnuts,test,test
walnuts_6.csv::w4,data\raw\SmellNet\base_data\testing\walnuts\walnuts_6.csv,walnuts,test,test
walnuts_6.csv::w5,data\raw\SmellNet\base_data\testing\walnuts\walnuts_6.csv,walnuts,test,test
walnuts_6.csv::w6,data\raw\SmellNet\base_data\testing\walnuts\walnuts_6.csv,walnuts,test,test
walnuts_6.csv::w7,data\raw\SmellNet\base_data\testing\walnuts\walnuts_6.csv,walnuts,test,test
walnuts_6.csv::w8,data\raw\SmellNet\base_data\testing\walnuts\walnuts_6.csv,walnuts,test,test
allspice_1.csv::w0,data\raw\SmellNet\base_data\training\allspice\allspice_1.csv,allspice,train,train
allspice_1.csv::w1,data\raw\SmellNet\base_data\training\allspice\allspice_1.csv,allspice,train,train
allspice_1.csv::w2,data\raw\SmellNet\base_data\training\allspice\allspice_1.csv,allspice,train,train
allspice_1.csv::w3,data\raw\SmellNet\base_data\training\allspice\allspice_1.csv,allspice,train,train
allspice_1.csv::w4,data\raw\SmellNet\base_data\training\allspice\allspice_1.csv,allspice,train,train
allspice_1.csv::w5,data\raw\SmellNet\base_data\training\allspice\allspice_1.csv,allspice,train,train
allspice_1.csv::w6,data\raw\SmellNet\base_data\training\allspice\allspice_1.csv,allspice,train,train
allspice_1.csv::w7,data\raw\SmellNet\base_data\training\allspice\allspice_1.csv,allspice,train,train
allspice_1.csv::w8,data\raw\SmellNet\base_data\training\allspice\allspice_1.csv,allspice,train,train
allspice_2.csv::w0,data\raw\SmellNet\base_data\training\allspice\allspice_2.csv,allspice,train,train
allspice_2.csv::w1,data\raw\SmellNet\base_data\training\allspice\allspice_2.csv,allspice,train,train
allspice_2.csv::w2,data\raw\SmellNet\base_data\training\allspice\allspice_2.csv,allspice,train,train
allspice_2.csv::w3,data\raw\SmellNet\base_data\training\allspice\allspice_2.csv,allspice,train,train
allspice_2.csv::w4,data\raw\SmellNet\base_data\training\allspice\allspice_2.csv,allspice,train,train
allspice_2.csv::w5,data\raw\SmellNet\base_data\training\allspice\allspice_2.csv,allspice,train,train
allspice_2.csv::w6,data\raw\SmellNet\base_data\training\allspice\allspice_2.csv,allspice,train,train
allspice_2.csv::w7,data\raw\SmellNet\base_data\training\allspice\allspice_2.csv,allspice,train,train
allspice_2.csv::w8,data\raw\SmellNet\base_data\training\allspice\allspice_2.csv,allspice,train,train
allspice_3.csv::w0,data\raw\SmellNet\base_data\training\allspice\allspice_3.csv,allspice,train,train
allspice_3.csv::w1,data\raw\SmellNet\base_data\training\allspice\allspice_3.csv,allspice,train,train
allspice_3.csv::w2,data\raw\SmellNet\base_data\training\allspice\allspice_3.csv,allspice,train,train
allspice_3.csv::w3,data\raw\SmellNet\base_data\training\allspice\allspice_3.csv,allspice,train,train
allspice_3.csv::w4,data\raw\SmellNet\base_data\training\allspice\allspice_3.csv,allspice,train,train
allspice_3.csv::w5,data\raw\SmellNet\base_data\training\allspice\allspice_3.csv,allspice,train,train
allspice_3.csv::w6,data\raw\SmellNet\base_data\training\allspice\allspice_3.csv,allspice,train,train
allspice_3.csv::w7,data\raw\SmellNet\base_data\training\allspice\allspice_3.csv,allspice,train,train
allspice_3.csv::w8,data\raw\SmellNet\base_data\training\allspice\allspice_3.csv,allspice,train,train
allspice_4.csv::w0,data\raw\SmellNet\base_data\training\allspice\allspice_4.csv,allspice,train,train
allspice_4.csv::w1,data\raw\SmellNet\base_data\training\allspice\allspice_4.csv,allspice,train,train
allspice_4.csv::w2,data\raw\SmellNet\base_data\training\allspice\allspice_4.csv,allspice,train,train
allspice_4.csv::w3,data\raw\SmellNet\base_data\training\allspice\allspice_4.csv,allspice,train,train
allspice_4.csv::w4,data\raw\SmellNet\base_data\training\allspice\allspice_4.csv,allspice,train,train
allspice_4.csv::w5,data\raw\SmellNet\base_data\training\allspice\allspice_4.csv,allspice,train,train
allspice_4.csv::w6,data\raw\SmellNet\base_data\training\allspice\allspice_4.csv,allspice,train,train
allspice_4.csv::w7,data\raw\SmellNet\base_data\training\allspice\allspice_4.csv,allspice,train,train
allspice_4.csv::w8,data\raw\SmellNet\base_data\training\allspice\allspice_4.csv,allspice,train,train
allspice_5.csv::w0,data\raw\SmellNet\base_data\training\allspice\allspice_5.csv,allspice,train,val
allspice_5.csv::w1,data\raw\SmellNet\base_data\training\allspice\allspice_5.csv,allspice,train,val
allspice_5.csv::w2,data\raw\SmellNet\base_data\training\allspice\allspice_5.csv,allspice,train,val
allspice_5.csv::w3,data\raw\SmellNet\base_data\training\allspice\allspice_5.csv,allspice,train,val
allspice_5.csv::w4,data\raw\SmellNet\base_data\training\allspice\allspice_5.csv,allspice,train,val
allspice_5.csv::w5,data\raw\SmellNet\base_data\training\allspice\allspice_5.csv,allspice,train,val
allspice_5.csv::w6,data\raw\SmellNet\base_data\training\allspice\allspice_5.csv,allspice,train,val
allspice_5.csv::w7,data\raw\SmellNet\base_data\training\allspice\allspice_5.csv,allspice,train,val
allspice_5.csv::w8,data\raw\SmellNet\base_data\training\allspice\allspice_5.csv,allspice,train,val
almond_1.csv::w0,data\raw\SmellNet\base_data\training\almond\almond_1.csv,almond,train,train
almond_1.csv::w1,data\raw\SmellNet\base_data\training\almond\almond_1.csv,almond,train,train
almond_1.csv::w2,data\raw\SmellNet\base_data\training\almond\almond_1.csv,almond,train,train
almond_1.csv::w3,data\raw\SmellNet\base_data\training\almond\almond_1.csv,almond,train,train
almond_1.csv::w4,data\raw\SmellNet\base_data\training\almond\almond_1.csv,almond,train,train
almond_1.csv::w5,data\raw\SmellNet\base_data\training\almond\almond_1.csv,almond,train,train
almond_1.csv::w6,data\raw\SmellNet\base_data\training\almond\almond_1.csv,almond,train,train
almond_1.csv::w7,data\raw\SmellNet\base_data\training\almond\almond_1.csv,almond,train,train
almond_1.csv::w8,data\raw\SmellNet\base_data\training\almond\almond_1.csv,almond,train,train
almond_2.csv::w0,data\raw\SmellNet\base_data\training\almond\almond_2.csv,almond,train,train
almond_2.csv::w1,data\raw\SmellNet\base_data\training\almond\almond_2.csv,almond,train,train
almond_2.csv::w2,data\raw\SmellNet\base_data\training\almond\almond_2.csv,almond,train,train
almond_2.csv::w3,data\raw\SmellNet\base_data\training\almond\almond_2.csv,almond,train,train
almond_2.csv::w4,data\raw\SmellNet\base_data\training\almond\almond_2.csv,almond,train,train
almond_2.csv::w5,data\raw\SmellNet\base_data\training\almond\almond_2.csv,almond,train,train
almond_2.csv::w6,data\raw\SmellNet\base_data\training\almond\almond_2.csv,almond,train,train
almond_2.csv::w7,data\raw\SmellNet\base_data\training\almond\almond_2.csv,almond,train,train
almond_2.csv::w8,data\raw\SmellNet\base_data\training\almond\almond_2.csv,almond,train,train
almond_3.csv::w0,data\raw\SmellNet\base_data\training\almond\almond_3.csv,almond,train,train
almond_3.csv::w1,data\raw\SmellNet\base_data\training\almond\almond_3.csv,almond,train,train
almond_3.csv::w2,data\raw\SmellNet\base_data\training\almond\almond_3.csv,almond,train,train
almond_3.csv::w3,data\raw\SmellNet\base_data\training\almond\almond_3.csv,almond,train,train
almond_3.csv::w4,data\raw\SmellNet\base_data\training\almond\almond_3.csv,almond,train,train
almond_3.csv::w5,data\raw\SmellNet\base_data\training\almond\almond_3.csv,almond,train,train
almond_3.csv::w6,data\raw\SmellNet\base_data\training\almond\almond_3.csv,almond,train,train
almond_3.csv::w7,data\raw\SmellNet\base_data\training\almond\almond_3.csv,almond,train,train
almond_3.csv::w8,data\raw\SmellNet\base_data\training\almond\almond_3.csv,almond,train,train
almond_4.csv::w0,data\raw\SmellNet\base_data\training\almond\almond_4.csv,almond,train,val
almond_4.csv::w1,data\raw\SmellNet\base_data\training\almond\almond_4.csv,almond,train,val
almond_4.csv::w2,data\raw\SmellNet\base_data\training\almond\almond_4.csv,almond,train,val
almond_4.csv::w3,data\raw\SmellNet\base_data\training\almond\almond_4.csv,almond,train,val
almond_4.csv::w4,data\raw\SmellNet\base_data\training\almond\almond_4.csv,almond,train,val
almond_4.csv::w5,data\raw\SmellNet\base_data\training\almond\almond_4.csv,almond,train,val
almond_4.csv::w6,data\raw\SmellNet\base_data\training\almond\almond_4.csv,almond,train,val
almond_4.csv::w7,data\raw\SmellNet\base_data\training\almond\almond_4.csv,almond,train,val
almond_4.csv::w8,data\raw\SmellNet\base_data\training\almond\almond_4.csv,almond,train,val
almond_5.csv::w0,data\raw\SmellNet\base_data\training\almond\almond_5.csv,almond,train,train
almond_5.csv::w1,data\raw\SmellNet\base_data\training\almond\almond_5.csv,almond,train,train
almond_5.csv::w2,data\raw\SmellNet\base_data\training\almond\almond_5.csv,almond,train,train
almond_5.csv::w3,data\raw\SmellNet\base_data\training\almond\almond_5.csv,almond,train,train
almond_5.csv::w4,data\raw\SmellNet\base_data\training\almond\almond_5.csv,almond,train,train
almond_5.csv::w5,data\raw\SmellNet\base_data\training\almond\almond_5.csv,almond,train,train
almond_5.csv::w6,data\raw\SmellNet\base_data\training\almond\almond_5.csv,almond,train,train
almond_5.csv::w7,data\raw\SmellNet\base_data\training\almond\almond_5.csv,almond,train,train
almond_5.csv::w8,data\raw\SmellNet\base_data\training\almond\almond_5.csv,almond,train,train
angelica_1.csv::w0,data\raw\SmellNet\base_data\training\angelica\angelica_1.csv,angelica,train,train
angelica_1.csv::w1,data\raw\SmellNet\base_data\training\angelica\angelica_1.csv,angelica,train,train
angelica_1.csv::w2,data\raw\SmellNet\base_data\training\angelica\angelica_1.csv,angelica,train,train
angelica_1.csv::w3,data\raw\SmellNet\base_data\training\angelica\angelica_1.csv,angelica,train,train
angelica_1.csv::w4,data\raw\SmellNet\base_data\training\angelica\angelica_1.csv,angelica,train,train
angelica_1.csv::w5,data\raw\SmellNet\base_data\training\angelica\angelica_1.csv,angelica,train,train
angelica_1.csv::w6,data\raw\SmellNet\base_data\training\angelica\angelica_1.csv,angelica,train,train
angelica_1.csv::w7,data\raw\SmellNet\base_data\training\angelica\angelica_1.csv,angelica,train,train
angelica_1.csv::w8,data\raw\SmellNet\base_data\training\angelica\angelica_1.csv,angelica,train,train
angelica_2.csv::w0,data\raw\SmellNet\base_data\training\angelica\angelica_2.csv,angelica,train,train
angelica_2.csv::w1,data\raw\SmellNet\base_data\training\angelica\angelica_2.csv,angelica,train,train
angelica_2.csv::w2,data\raw\SmellNet\base_data\training\angelica\angelica_2.csv,angelica,train,train
angelica_2.csv::w3,data\raw\SmellNet\base_data\training\angelica\angelica_2.csv,angelica,train,train
angelica_2.csv::w4,data\raw\SmellNet\base_data\training\angelica\angelica_2.csv,angelica,train,train
angelica_2.csv::w5,data\raw\SmellNet\base_data\training\angelica\angelica_2.csv,angelica,train,train
angelica_2.csv::w6,data\raw\SmellNet\base_data\training\angelica\angelica_2.csv,angelica,train,train
angelica_2.csv::w7,data\raw\SmellNet\base_data\training\angelica\angelica_2.csv,angelica,train,train
angelica_2.csv::w8,data\raw\SmellNet\base_data\training\angelica\angelica_2.csv,angelica,train,train
angelica_3.csv::w0,data\raw\SmellNet\base_data\training\angelica\angelica_3.csv,angelica,train,val
angelica_3.csv::w1,data\raw\SmellNet\base_data\training\angelica\angelica_3.csv,angelica,train,val
angelica_3.csv::w2,data\raw\SmellNet\base_data\training\angelica\angelica_3.csv,angelica,train,val
angelica_3.csv::w3,data\raw\SmellNet\base_data\training\angelica\angelica_3.csv,angelica,train,val
angelica_3.csv::w4,data\raw\SmellNet\base_data\training\angelica\angelica_3.csv,angelica,train,val
angelica_3.csv::w5,data\raw\SmellNet\base_data\training\angelica\angelica_3.csv,angelica,train,val
angelica_3.csv::w6,data\raw\SmellNet\base_data\training\angelica\angelica_3.csv,angelica,train,val
angelica_3.csv::w7,data\raw\SmellNet\base_data\training\angelica\angelica_3.csv,angelica,train,val
angelica_3.csv::w8,data\raw\SmellNet\base_data\training\angelica\angelica_3.csv,angelica,train,val
angelica_4.csv::w0,data\raw\SmellNet\base_data\training\angelica\angelica_4.csv,angelica,train,train
angelica_4.csv::w1,data\raw\SmellNet\base_data\training\angelica\angelica_4.csv,angelica,train,train
angelica_4.csv::w2,data\raw\SmellNet\base_data\training\angelica\angelica_4.csv,angelica,train,train
angelica_4.csv::w3,data\raw\SmellNet\base_data\training\angelica\angelica_4.csv,angelica,train,train
angelica_4.csv::w4,data\raw\SmellNet\base_data\training\angelica\angelica_4.csv,angelica,train,train
angelica_4.csv::w5,data\raw\SmellNet\base_data\training\angelica\angelica_4.csv,angelica,train,train
angelica_4.csv::w6,data\raw\SmellNet\base_data\training\angelica\angelica_4.csv,angelica,train,train
angelica_4.csv::w7,data\raw\SmellNet\base_data\training\angelica\angelica_4.csv,angelica,train,train
angelica_4.csv::w8,data\raw\SmellNet\base_data\training\angelica\angelica_4.csv,angelica,train,train
angelica_5.csv::w0,data\raw\SmellNet\base_data\training\angelica\angelica_5.csv,angelica,train,train
angelica_5.csv::w1,data\raw\SmellNet\base_data\training\angelica\angelica_5.csv,angelica,train,train
angelica_5.csv::w2,data\raw\SmellNet\base_data\training\angelica\angelica_5.csv,angelica,train,train
angelica_5.csv::w3,data\raw\SmellNet\base_data\training\angelica\angelica_5.csv,angelica,train,train
angelica_5.csv::w4,data\raw\SmellNet\base_data\training\angelica\angelica_5.csv,angelica,train,train
angelica_5.csv::w5,data\raw\SmellNet\base_data\training\angelica\angelica_5.csv,angelica,train,train
angelica_5.csv::w6,data\raw\SmellNet\base_data\training\angelica\angelica_5.csv,angelica,train,train
angelica_5.csv::w7,data\raw\SmellNet\base_data\training\angelica\angelica_5.csv,angelica,train,train
angelica_5.csv::w8,data\raw\SmellNet\base_data\training\angelica\angelica_5.csv,angelica,train,train
apple_1.csv::w0,data\raw\SmellNet\base_data\training\apple\apple_1.csv,apple,train,train
apple_1.csv::w1,data\raw\SmellNet\base_data\training\apple\apple_1.csv,apple,train,train
apple_1.csv::w2,data\raw\SmellNet\base_data\training\apple\apple_1.csv,apple,train,train
apple_1.csv::w3,data\raw\SmellNet\base_data\training\apple\apple_1.csv,apple,train,train
apple_1.csv::w4,data\raw\SmellNet\base_data\training\apple\apple_1.csv,apple,train,train
apple_1.csv::w5,data\raw\SmellNet\base_data\training\apple\apple_1.csv,apple,train,train
apple_1.csv::w6,data\raw\SmellNet\base_data\training\apple\apple_1.csv,apple,train,train
apple_1.csv::w7,data\raw\SmellNet\base_data\training\apple\apple_1.csv,apple,train,train
apple_1.csv::w8,data\raw\SmellNet\base_data\training\apple\apple_1.csv,apple,train,train
apple_2.csv::w0,data\raw\SmellNet\base_data\training\apple\apple_2.csv,apple,train,train
apple_2.csv::w1,data\raw\SmellNet\base_data\training\apple\apple_2.csv,apple,train,train
apple_2.csv::w2,data\raw\SmellNet\base_data\training\apple\apple_2.csv,apple,train,train
apple_2.csv::w3,data\raw\SmellNet\base_data\training\apple\apple_2.csv,apple,train,train
apple_2.csv::w4,data\raw\SmellNet\base_data\training\apple\apple_2.csv,apple,train,train
apple_2.csv::w5,data\raw\SmellNet\base_data\training\apple\apple_2.csv,apple,train,train
apple_2.csv::w6,data\raw\SmellNet\base_data\training\apple\apple_2.csv,apple,train,train
apple_2.csv::w7,data\raw\SmellNet\base_data\training\apple\apple_2.csv,apple,train,train
apple_2.csv::w8,data\raw\SmellNet\base_data\training\apple\apple_2.csv,apple,train,train
apple_3.csv::w0,data\raw\SmellNet\base_data\training\apple\apple_3.csv,apple,train,val
apple_3.csv::w1,data\raw\SmellNet\base_data\training\apple\apple_3.csv,apple,train,val
apple_3.csv::w2,data\raw\SmellNet\base_data\training\apple\apple_3.csv,apple,train,val
apple_3.csv::w3,data\raw\SmellNet\base_data\training\apple\apple_3.csv,apple,train,val
apple_3.csv::w4,data\raw\SmellNet\base_data\training\apple\apple_3.csv,apple,train,val
apple_3.csv::w5,data\raw\SmellNet\base_data\training\apple\apple_3.csv,apple,train,val
apple_3.csv::w6,data\raw\SmellNet\base_data\training\apple\apple_3.csv,apple,train,val
apple_3.csv::w7,data\raw\SmellNet\base_data\training\apple\apple_3.csv,apple,train,val
apple_3.csv::w8,data\raw\SmellNet\base_data\training\apple\apple_3.csv,apple,train,val
apple_4.csv::w0,data\raw\SmellNet\base_data\training\apple\apple_4.csv,apple,train,train
apple_4.csv::w1,data\raw\SmellNet\base_data\training\apple\apple_4.csv,apple,train,train
apple_4.csv::w2,data\raw\SmellNet\base_data\training\apple\apple_4.csv,apple,train,train
apple_4.csv::w3,data\raw\SmellNet\base_data\training\apple\apple_4.csv,apple,train,train
apple_4.csv::w4,data\raw\SmellNet\base_data\training\apple\apple_4.csv,apple,train,train
apple_4.csv::w5,data\raw\SmellNet\base_data\training\apple\apple_4.csv,apple,train,train
apple_4.csv::w6,data\raw\SmellNet\base_data\training\apple\apple_4.csv,apple,train,train
apple_4.csv::w7,data\raw\SmellNet\base_data\training\apple\apple_4.csv,apple,train,train
apple_4.csv::w8,data\raw\SmellNet\base_data\training\apple\apple_4.csv,apple,train,train
apple_5.csv::w0,data\raw\SmellNet\base_data\training\apple\apple_5.csv,apple,train,train
apple_5.csv::w1,data\raw\SmellNet\base_data\training\apple\apple_5.csv,apple,train,train
apple_5.csv::w2,data\raw\SmellNet\base_data\training\apple\apple_5.csv,apple,train,train
apple_5.csv::w3,data\raw\SmellNet\base_data\training\apple\apple_5.csv,apple,train,train
apple_5.csv::w4,data\raw\SmellNet\base_data\training\apple\apple_5.csv,apple,train,train
apple_5.csv::w5,data\raw\SmellNet\base_data\training\apple\apple_5.csv,apple,train,train
apple_5.csv::w6,data\raw\SmellNet\base_data\training\apple\apple_5.csv,apple,train,train
apple_5.csv::w7,data\raw\SmellNet\base_data\training\apple\apple_5.csv,apple,train,train
apple_5.csv::w8,data\raw\SmellNet\base_data\training\apple\apple_5.csv,apple,train,train
asparagus_1.csv::w0,data\raw\SmellNet\base_data\training\asparagus\asparagus_1.csv,asparagus,train,val
asparagus_1.csv::w1,data\raw\SmellNet\base_data\training\asparagus\asparagus_1.csv,asparagus,train,val
asparagus_1.csv::w2,data\raw\SmellNet\base_data\training\asparagus\asparagus_1.csv,asparagus,train,val
asparagus_1.csv::w3,data\raw\SmellNet\base_data\training\asparagus\asparagus_1.csv,asparagus,train,val
asparagus_1.csv::w4,data\raw\SmellNet\base_data\training\asparagus\asparagus_1.csv,asparagus,train,val
asparagus_1.csv::w5,data\raw\SmellNet\base_data\training\asparagus\asparagus_1.csv,asparagus,train,val
asparagus_1.csv::w6,data\raw\SmellNet\base_data\training\asparagus\asparagus_1.csv,asparagus,train,val
asparagus_1.csv::w7,data\raw\SmellNet\base_data\training\asparagus\asparagus_1.csv,asparagus,train,val
asparagus_1.csv::w8,data\raw\SmellNet\base_data\training\asparagus\asparagus_1.csv,asparagus,train,val
asparagus_2.csv::w0,data\raw\SmellNet\base_data\training\asparagus\asparagus_2.csv,asparagus,train,train
asparagus_2.csv::w1,data\raw\SmellNet\base_data\training\asparagus\asparagus_2.csv,asparagus,train,train
asparagus_2.csv::w2,data\raw\SmellNet\base_data\training\asparagus\asparagus_2.csv,asparagus,train,train
asparagus_2.csv::w3,data\raw\SmellNet\base_data\training\asparagus\asparagus_2.csv,asparagus,train,train
asparagus_2.csv::w4,data\raw\SmellNet\base_data\training\asparagus\asparagus_2.csv,asparagus,train,train
asparagus_2.csv::w5,data\raw\SmellNet\base_data\training\asparagus\asparagus_2.csv,asparagus,train,train
asparagus_2.csv::w6,data\raw\SmellNet\base_data\training\asparagus\asparagus_2.csv,asparagus,train,train
asparagus_2.csv::w7,data\raw\SmellNet\base_data\training\asparagus\asparagus_2.csv,asparagus,train,train
asparagus_2.csv::w8,data\raw\SmellNet\base_data\training\asparagus\asparagus_2.csv,asparagus,train,train
asparagus_3.csv::w0,data\raw\SmellNet\base_data\training\asparagus\asparagus_3.csv,asparagus,train,train
asparagus_3.csv::w1,data\raw\SmellNet\base_data\training\asparagus\asparagus_3.csv,asparagus,train,train
asparagus_3.csv::w2,data\raw\SmellNet\base_data\training\asparagus\asparagus_3.csv,asparagus,train,train
asparagus_3.csv::w3,data\raw\SmellNet\base_data\training\asparagus\asparagus_3.csv,asparagus,train,train
asparagus_3.csv::w4,data\raw\SmellNet\base_data\training\asparagus\asparagus_3.csv,asparagus,train,train
asparagus_3.csv::w5,data\raw\SmellNet\base_data\training\asparagus\asparagus_3.csv,asparagus,train,train
asparagus_3.csv::w6,data\raw\SmellNet\base_data\training\asparagus\asparagus_3.csv,asparagus,train,train
asparagus_3.csv::w7,data\raw\SmellNet\base_data\training\asparagus\asparagus_3.csv,asparagus,train,train
asparagus_3.csv::w8,data\raw\SmellNet\base_data\training\asparagus\asparagus_3.csv,asparagus,train,train
asparagus_4.csv::w0,data\raw\SmellNet\base_data\training\asparagus\asparagus_4.csv,asparagus,train,train
asparagus_4.csv::w1,data\raw\SmellNet\base_data\training\asparagus\asparagus_4.csv,asparagus,train,train
asparagus_4.csv::w2,data\raw\SmellNet\base_data\training\asparagus\asparagus_4.csv,asparagus,train,train
asparagus_4.csv::w3,data\raw\SmellNet\base_data\training\asparagus\asparagus_4.csv,asparagus,train,train
asparagus_4.csv::w4,data\raw\SmellNet\base_data\training\asparagus\asparagus_4.csv,asparagus,train,train
asparagus_4.csv::w5,data\raw\SmellNet\base_data\training\asparagus\asparagus_4.csv,asparagus,train,train
asparagus_4.csv::w6,data\raw\SmellNet\base_data\training\asparagus\asparagus_4.csv,asparagus,train,train
asparagus_4.csv::w7,data\raw\SmellNet\base_data\training\asparagus\asparagus_4.csv,asparagus,train,train
asparagus_4.csv::w8,data\raw\SmellNet\base_data\training\asparagus\asparagus_4.csv,asparagus,train,train
asparagus_5.csv::w0,data\raw\SmellNet\base_data\training\asparagus\asparagus_5.csv,asparagus,train,train
asparagus_5.csv::w1,data\raw\SmellNet\base_data\training\asparagus\asparagus_5.csv,asparagus,train,train
asparagus_5.csv::w2,data\raw\SmellNet\base_data\training\asparagus\asparagus_5.csv,asparagus,train,train
asparagus_5.csv::w3,data\raw\SmellNet\base_data\training\asparagus\asparagus_5.csv,asparagus,train,train
asparagus_5.csv::w4,data\raw\SmellNet\base_data\training\asparagus\asparagus_5.csv,asparagus,train,train
asparagus_5.csv::w5,data\raw\SmellNet\base_data\training\asparagus\asparagus_5.csv,asparagus,train,train
asparagus_5.csv::w6,data\raw\SmellNet\base_data\training\asparagus\asparagus_5.csv,asparagus,train,train
asparagus_5.csv::w7,data\raw\SmellNet\base_data\training\asparagus\asparagus_5.csv,asparagus,train,train
asparagus_5.csv::w8,data\raw\SmellNet\base_data\training\asparagus\asparagus_5.csv,asparagus,train,train
avocado_1.csv::w0,data\raw\SmellNet\base_data\training\avocado\avocado_1.csv,avocado,train,train
avocado_1.csv::w1,data\raw\SmellNet\base_data\training\avocado\avocado_1.csv,avocado,train,train
avocado_1.csv::w2,data\raw\SmellNet\base_data\training\avocado\avocado_1.csv,avocado,train,train
avocado_1.csv::w3,data\raw\SmellNet\base_data\training\avocado\avocado_1.csv,avocado,train,train
avocado_1.csv::w4,data\raw\SmellNet\base_data\training\avocado\avocado_1.csv,avocado,train,train
avocado_1.csv::w5,data\raw\SmellNet\base_data\training\avocado\avocado_1.csv,avocado,train,train
avocado_1.csv::w6,data\raw\SmellNet\base_data\training\avocado\avocado_1.csv,avocado,train,train
avocado_1.csv::w7,data\raw\SmellNet\base_data\training\avocado\avocado_1.csv,avocado,train,train
avocado_1.csv::w8,data\raw\SmellNet\base_data\training\avocado\avocado_1.csv,avocado,train,train
avocado_2.csv::w0,data\raw\SmellNet\base_data\training\avocado\avocado_2.csv,avocado,train,train
avocado_2.csv::w1,data\raw\SmellNet\base_data\training\avocado\avocado_2.csv,avocado,train,train
avocado_2.csv::w2,data\raw\SmellNet\base_data\training\avocado\avocado_2.csv,avocado,train,train
avocado_2.csv::w3,data\raw\SmellNet\base_data\training\avocado\avocado_2.csv,avocado,train,train
avocado_2.csv::w4,data\raw\SmellNet\base_data\training\avocado\avocado_2.csv,avocado,train,train
avocado_2.csv::w5,data\raw\SmellNet\base_data\training\avocado\avocado_2.csv,avocado,train,train
avocado_2.csv::w6,data\raw\SmellNet\base_data\training\avocado\avocado_2.csv,avocado,train,train
avocado_2.csv::w7,data\raw\SmellNet\base_data\training\avocado\avocado_2.csv,avocado,train,train
avocado_2.csv::w8,data\raw\SmellNet\base_data\training\avocado\avocado_2.csv,avocado,train,train
avocado_3.csv::w0,data\raw\SmellNet\base_data\training\avocado\avocado_3.csv,avocado,train,train
avocado_3.csv::w1,data\raw\SmellNet\base_data\training\avocado\avocado_3.csv,avocado,train,train
avocado_3.csv::w2,data\raw\SmellNet\base_data\training\avocado\avocado_3.csv,avocado,train,train
avocado_3.csv::w3,data\raw\SmellNet\base_data\training\avocado\avocado_3.csv,avocado,train,train
avocado_3.csv::w4,data\raw\SmellNet\base_data\training\avocado\avocado_3.csv,avocado,train,train
avocado_3.csv::w5,data\raw\SmellNet\base_data\training\avocado\avocado_3.csv,avocado,train,train
avocado_3.csv::w6,data\raw\SmellNet\base_data\training\avocado\avocado_3.csv,avocado,train,train
avocado_3.csv::w7,data\raw\SmellNet\base_data\training\avocado\avocado_3.csv,avocado,train,train
avocado_3.csv::w8,data\raw\SmellNet\base_data\training\avocado\avocado_3.csv,avocado,train,train
avocado_4.csv::w0,data\raw\SmellNet\base_data\training\avocado\avocado_4.csv,avocado,train,train
avocado_4.csv::w1,data\raw\SmellNet\base_data\training\avocado\avocado_4.csv,avocado,train,train
avocado_4.csv::w2,data\raw\SmellNet\base_data\training\avocado\avocado_4.csv,avocado,train,train
avocado_4.csv::w3,data\raw\SmellNet\base_data\training\avocado\avocado_4.csv,avocado,train,train
avocado_4.csv::w4,data\raw\SmellNet\base_data\training\avocado\avocado_4.csv,avocado,train,train
avocado_4.csv::w5,data\raw\SmellNet\base_data\training\avocado\avocado_4.csv,avocado,train,train
avocado_4.csv::w6,data\raw\SmellNet\base_data\training\avocado\avocado_4.csv,avocado,train,train
avocado_4.csv::w7,data\raw\SmellNet\base_data\training\avocado\avocado_4.csv,avocado,train,train
avocado_4.csv::w8,data\raw\SmellNet\base_data\training\avocado\avocado_4.csv,avocado,train,train
avocado_5.csv::w0,data\raw\SmellNet\base_data\training\avocado\avocado_5.csv,avocado,train,val
avocado_5.csv::w1,data\raw\SmellNet\base_data\training\avocado\avocado_5.csv,avocado,train,val
avocado_5.csv::w2,data\raw\SmellNet\base_data\training\avocado\avocado_5.csv,avocado,train,val
avocado_5.csv::w3,data\raw\SmellNet\base_data\training\avocado\avocado_5.csv,avocado,train,val
avocado_5.csv::w4,data\raw\SmellNet\base_data\training\avocado\avocado_5.csv,avocado,train,val
avocado_5.csv::w5,data\raw\SmellNet\base_data\training\avocado\avocado_5.csv,avocado,train,val
avocado_5.csv::w6,data\raw\SmellNet\base_data\training\avocado\avocado_5.csv,avocado,train,val
avocado_5.csv::w7,data\raw\SmellNet\base_data\training\avocado\avocado_5.csv,avocado,train,val
avocado_5.csv::w8,data\raw\SmellNet\base_data\training\avocado\avocado_5.csv,avocado,train,val
banana_1.csv::w0,data\raw\SmellNet\base_data\training\banana\banana_1.csv,banana,train,val
banana_1.csv::w1,data\raw\SmellNet\base_data\training\banana\banana_1.csv,banana,train,val
banana_1.csv::w2,data\raw\SmellNet\base_data\training\banana\banana_1.csv,banana,train,val
banana_1.csv::w3,data\raw\SmellNet\base_data\training\banana\banana_1.csv,banana,train,val
banana_1.csv::w4,data\raw\SmellNet\base_data\training\banana\banana_1.csv,banana,train,val
banana_1.csv::w5,data\raw\SmellNet\base_data\training\banana\banana_1.csv,banana,train,val
banana_1.csv::w6,data\raw\SmellNet\base_data\training\banana\banana_1.csv,banana,train,val
banana_1.csv::w7,data\raw\SmellNet\base_data\training\banana\banana_1.csv,banana,train,val
banana_1.csv::w8,data\raw\SmellNet\base_data\training\banana\banana_1.csv,banana,train,val
banana_2.csv::w0,data\raw\SmellNet\base_data\training\banana\banana_2.csv,banana,train,train
banana_2.csv::w1,data\raw\SmellNet\base_data\training\banana\banana_2.csv,banana,train,train
banana_2.csv::w2,data\raw\SmellNet\base_data\training\banana\banana_2.csv,banana,train,train
banana_2.csv::w3,data\raw\SmellNet\base_data\training\banana\banana_2.csv,banana,train,train
banana_2.csv::w4,data\raw\SmellNet\base_data\training\banana\banana_2.csv,banana,train,train
banana_2.csv::w5,data\raw\SmellNet\base_data\training\banana\banana_2.csv,banana,train,train
banana_2.csv::w6,data\raw\SmellNet\base_data\training\banana\banana_2.csv,banana,train,train
banana_2.csv::w7,data\raw\SmellNet\base_data\training\banana\banana_2.csv,banana,train,train
banana_2.csv::w8,data\raw\SmellNet\base_data\training\banana\banana_2.csv,banana,train,train
banana_3.csv::w0,data\raw\SmellNet\base_data\training\banana\banana_3.csv,banana,train,train
banana_3.csv::w1,data\raw\SmellNet\base_data\training\banana\banana_3.csv,banana,train,train
banana_3.csv::w2,data\raw\SmellNet\base_data\training\banana\banana_3.csv,banana,train,train
banana_3.csv::w3,data\raw\SmellNet\base_data\training\banana\banana_3.csv,banana,train,train
banana_3.csv::w4,data\raw\SmellNet\base_data\training\banana\banana_3.csv,banana,train,train
banana_3.csv::w5,data\raw\SmellNet\base_data\training\banana\banana_3.csv,banana,train,train
banana_3.csv::w6,data\raw\SmellNet\base_data\training\banana\banana_3.csv,banana,train,train
banana_3.csv::w7,data\raw\SmellNet\base_data\training\banana\banana_3.csv,banana,train,train
banana_3.csv::w8,data\raw\SmellNet\base_data\training\banana\banana_3.csv,banana,train,train
banana_4.csv::w0,data\raw\SmellNet\base_data\training\banana\banana_4.csv,banana,train,train
banana_4.csv::w1,data\raw\SmellNet\base_data\training\banana\banana_4.csv,banana,train,train
banana_4.csv::w2,data\raw\SmellNet\base_data\training\banana\banana_4.csv,banana,train,train
banana_4.csv::w3,data\raw\SmellNet\base_data\training\banana\banana_4.csv,banana,train,train
banana_4.csv::w4,data\raw\SmellNet\base_data\training\banana\banana_4.csv,banana,train,train
banana_4.csv::w5,data\raw\SmellNet\base_data\training\banana\banana_4.csv,banana,train,train
banana_4.csv::w6,data\raw\SmellNet\base_data\training\banana\banana_4.csv,banana,train,train
banana_4.csv::w7,data\raw\SmellNet\base_data\training\banana\banana_4.csv,banana,train,train
banana_4.csv::w8,data\raw\SmellNet\base_data\training\banana\banana_4.csv,banana,train,train
banana_5.csv::w0,data\raw\SmellNet\base_data\training\banana\banana_5.csv,banana,train,train
banana_5.csv::w1,data\raw\SmellNet\base_data\training\banana\banana_5.csv,banana,train,train
banana_5.csv::w2,data\raw\SmellNet\base_data\training\banana\banana_5.csv,banana,train,train
banana_5.csv::w3,data\raw\SmellNet\base_data\training\banana\banana_5.csv,banana,train,train
banana_5.csv::w4,data\raw\SmellNet\base_data\training\banana\banana_5.csv,banana,train,train
banana_5.csv::w5,data\raw\SmellNet\base_data\training\banana\banana_5.csv,banana,train,train
banana_5.csv::w6,data\raw\SmellNet\base_data\training\banana\banana_5.csv,banana,train,train
banana_5.csv::w7,data\raw\SmellNet\base_data\training\banana\banana_5.csv,banana,train,train
banana_5.csv::w8,data\raw\SmellNet\base_data\training\banana\banana_5.csv,banana,train,train
brazil_nut_1.csv::w0,data\raw\SmellNet\base_data\training\brazil_nut\brazil_nut_1.csv,brazil_nut,train,train
brazil_nut_1.csv::w1,data\raw\SmellNet\base_data\training\brazil_nut\brazil_nut_1.csv,brazil_nut,train,train
brazil_nut_1.csv::w2,data\raw\SmellNet\base_data\training\brazil_nut\brazil_nut_1.csv,brazil_nut,train,train
brazil_nut_1.csv::w3,data\raw\SmellNet\base_data\training\brazil_nut\brazil_nut_1.csv,brazil_nut,train,train
brazil_nut_1.csv::w4,data\raw\SmellNet\base_data\training\brazil_nut\brazil_nut_1.csv,brazil_nut,train,train
brazil_nut_1.csv::w5,data\raw\SmellNet\base_data\training\brazil_nut\brazil_nut_1.csv,brazil_nut,train,train
brazil_nut_1.csv::w6,data\raw\SmellNet\base_data\training\brazil_nut\brazil_nut_1.csv,brazil_nut,train,train
brazil_nut_1.csv::w7,data\raw\SmellNet\base_data\training\brazil_nut\brazil_nut_1.csv,brazil_nut,train,train
brazil_nut_1.csv::w8,data\raw\SmellNet\base_data\training\brazil_nut\brazil_nut_1.csv,brazil_nut,train,train
brazil_nut_2.csv::w0,data\raw\SmellNet\base_data\training\brazil_nut\brazil_nut_2.csv,brazil_nut,train,val
brazil_nut_2.csv::w1,data\raw\SmellNet\base_data\training\brazil_nut\brazil_nut_2.csv,brazil_nut,train,val
brazil_nut_2.csv::w2,data\raw\SmellNet\base_data\training\brazil_nut\brazil_nut_2.csv,brazil_nut,train,val
brazil_nut_2.csv::w3,data\raw\SmellNet\base_data\training\brazil_nut\brazil_nut_2.csv,brazil_nut,train,val
brazil_nut_2.csv::w4,data\raw\SmellNet\base_data\training\brazil_nut\brazil_nut_2.csv,brazil_nut,train,val
brazil_nut_2.csv::w5,data\raw\SmellNet\base_data\training\brazil_nut\brazil_nut_2.csv,brazil_nut,train,val
brazil_nut_2.csv::w6,data\raw\SmellNet\base_data\training\brazil_nut\brazil_nut_2.csv,brazil_nut,train,val
brazil_nut_2.csv::w7,data\raw\SmellNet\base_data\training\brazil_nut\brazil_nut_2.csv,brazil_nut,train,val
brazil_nut_2.csv::w8,data\raw\SmellNet\base_data\training\brazil_nut\brazil_nut_2.csv,brazil_nut,train,val
brazil_nut_3.csv::w0,data\raw\SmellNet\base_data\training\brazil_nut\brazil_nut_3.csv,brazil_nut,train,train
brazil_nut_3.csv::w1,data\raw\SmellNet\base_data\training\brazil_nut\brazil_nut_3.csv,brazil_nut,train,train
brazil_nut_3.csv::w2,data\raw\SmellNet\base_data\training\brazil_nut\brazil_nut_3.csv,brazil_nut,train,train
brazil_nut_3.csv::w3,data\raw\SmellNet\base_data\training\brazil_nut\brazil_nut_3.csv,brazil_nut,train,train
brazil_nut_3.csv::w4,data\raw\SmellNet\base_data\training\brazil_nut\brazil_nut_3.csv,brazil_nut,train,train
brazil_nut_3.csv::w5,data\raw\SmellNet\base_data\training\brazil_nut\brazil_nut_3.csv,brazil_nut,train,train
brazil_nut_3.csv::w6,data\raw\SmellNet\base_data\training\brazil_nut\brazil_nut_3.csv,brazil_nut,train,train
brazil_nut_3.csv::w7,data\raw\SmellNet\base_data\training\brazil_nut\brazil_nut_3.csv,brazil_nut,train,train
brazil_nut_3.csv::w8,data\raw\SmellNet\base_data\training\brazil_nut\brazil_nut_3.csv,brazil_nut,train,train
brazil_nut_4.csv::w0,data\raw\SmellNet\base_data\training\brazil_nut\brazil_nut_4.csv,brazil_nut,train,train
brazil_nut_4.csv::w1,data\raw\SmellNet\base_data\training\brazil_nut\brazil_nut_4.csv,brazil_nut,train,train
brazil_nut_4.csv::w2,data\raw\SmellNet\base_data\training\brazil_nut\brazil_nut_4.csv,brazil_nut,train,train
brazil_nut_4.csv::w3,data\raw\SmellNet\base_data\training\brazil_nut\brazil_nut_4.csv,brazil_nut,train,train
brazil_nut_4.csv::w4,data\raw\SmellNet\base_data\training\brazil_nut\brazil_nut_4.csv,brazil_nut,train,train
brazil_nut_4.csv::w5,data\raw\SmellNet\base_data\training\brazil_nut\brazil_nut_4.csv,brazil_nut,train,train
brazil_nut_4.csv::w6,data\raw\SmellNet\base_data\training\brazil_nut\brazil_nut_4.csv,brazil_nut,train,train
brazil_nut_4.csv::w7,data\raw\SmellNet\base_data\training\brazil_nut\brazil_nut_4.csv,brazil_nut,train,train
brazil_nut_4.csv::w8,data\raw\SmellNet\base_data\training\brazil_nut\brazil_nut_4.csv,brazil_nut,train,train
brazil_nut_5.csv::w0,data\raw\SmellNet\base_data\training\brazil_nut\brazil_nut_5.csv,brazil_nut,train,train
brazil_nut_5.csv::w1,data\raw\SmellNet\base_data\training\brazil_nut\brazil_nut_5.csv,brazil_nut,train,train
brazil_nut_5.csv::w2,data\raw\SmellNet\base_data\training\brazil_nut\brazil_nut_5.csv,brazil_nut,train,train
brazil_nut_5.csv::w3,data\raw\SmellNet\base_data\training\brazil_nut\brazil_nut_5.csv,brazil_nut,train,train
brazil_nut_5.csv::w4,data\raw\SmellNet\base_data\training\brazil_nut\brazil_nut_5.csv,brazil_nut,train,train
brazil_nut_5.csv::w5,data\raw\SmellNet\base_data\training\brazil_nut\brazil_nut_5.csv,brazil_nut,train,train
brazil_nut_5.csv::w6,data\raw\SmellNet\base_data\training\brazil_nut\brazil_nut_5.csv,brazil_nut,train,train
brazil_nut_5.csv::w7,data\raw\SmellNet\base_data\training\brazil_nut\brazil_nut_5.csv,brazil_nut,train,train
brazil_nut_5.csv::w8,data\raw\SmellNet\base_data\training\brazil_nut\brazil_nut_5.csv,brazil_nut,train,train
broccoli_1.csv::w0,data\raw\SmellNet\base_data\training\broccoli\broccoli_1.csv,broccoli,train,train
broccoli_1.csv::w1,data\raw\SmellNet\base_data\training\broccoli\broccoli_1.csv,broccoli,train,train
broccoli_1.csv::w2,data\raw\SmellNet\base_data\training\broccoli\broccoli_1.csv,broccoli,train,train
broccoli_1.csv::w3,data\raw\SmellNet\base_data\training\broccoli\broccoli_1.csv,broccoli,train,train
broccoli_1.csv::w4,data\raw\SmellNet\base_data\training\broccoli\broccoli_1.csv,broccoli,train,train
broccoli_1.csv::w5,data\raw\SmellNet\base_data\training\broccoli\broccoli_1.csv,broccoli,train,train
broccoli_1.csv::w6,data\raw\SmellNet\base_data\training\broccoli\broccoli_1.csv,broccoli,train,train
broccoli_1.csv::w7,data\raw\SmellNet\base_data\training\broccoli\broccoli_1.csv,broccoli,train,train
broccoli_1.csv::w8,data\raw\SmellNet\base_data\training\broccoli\broccoli_1.csv,broccoli,train,train
broccoli_2.csv::w0,data\raw\SmellNet\base_data\training\broccoli\broccoli_2.csv,broccoli,train,val
broccoli_2.csv::w1,data\raw\SmellNet\base_data\training\broccoli\broccoli_2.csv,broccoli,train,val
broccoli_2.csv::w2,data\raw\SmellNet\base_data\training\broccoli\broccoli_2.csv,broccoli,train,val
broccoli_2.csv::w3,data\raw\SmellNet\base_data\training\broccoli\broccoli_2.csv,broccoli,train,val
broccoli_2.csv::w4,data\raw\SmellNet\base_data\training\broccoli\broccoli_2.csv,broccoli,train,val
broccoli_2.csv::w5,data\raw\SmellNet\base_data\training\broccoli\broccoli_2.csv,broccoli,train,val
broccoli_2.csv::w6,data\raw\SmellNet\base_data\training\broccoli\broccoli_2.csv,broccoli,train,val
broccoli_2.csv::w7,data\raw\SmellNet\base_data\training\broccoli\broccoli_2.csv,broccoli,train,val
broccoli_2.csv::w8,data\raw\SmellNet\base_data\training\broccoli\broccoli_2.csv,broccoli,train,val
broccoli_3.csv::w0,data\raw\SmellNet\base_data\training\broccoli\broccoli_3.csv,broccoli,train,train
broccoli_3.csv::w1,data\raw\SmellNet\base_data\training\broccoli\broccoli_3.csv,broccoli,train,train
broccoli_3.csv::w2,data\raw\SmellNet\base_data\training\broccoli\broccoli_3.csv,broccoli,train,train
broccoli_3.csv::w3,data\raw\SmellNet\base_data\training\broccoli\broccoli_3.csv,broccoli,train,train
broccoli_3.csv::w4,data\raw\SmellNet\base_data\training\broccoli\broccoli_3.csv,broccoli,train,train
broccoli_3.csv::w5,data\raw\SmellNet\base_data\training\broccoli\broccoli_3.csv,broccoli,train,train
broccoli_3.csv::w6,data\raw\SmellNet\base_data\training\broccoli\broccoli_3.csv,broccoli,train,train
broccoli_3.csv::w7,data\raw\SmellNet\base_data\training\broccoli\broccoli_3.csv,broccoli,train,train
broccoli_3.csv::w8,data\raw\SmellNet\base_data\training\broccoli\broccoli_3.csv,broccoli,train,train
broccoli_4.csv::w0,data\raw\SmellNet\base_data\training\broccoli\broccoli_4.csv,broccoli,train,train
broccoli_4.csv::w1,data\raw\SmellNet\base_data\training\broccoli\broccoli_4.csv,broccoli,train,train
broccoli_4.csv::w2,data\raw\SmellNet\base_data\training\broccoli\broccoli_4.csv,broccoli,train,train
broccoli_4.csv::w3,data\raw\SmellNet\base_data\training\broccoli\broccoli_4.csv,broccoli,train,train
broccoli_4.csv::w4,data\raw\SmellNet\base_data\training\broccoli\broccoli_4.csv,broccoli,train,train
broccoli_4.csv::w5,data\raw\SmellNet\base_data\training\broccoli\broccoli_4.csv,broccoli,train,train
broccoli_4.csv::w6,data\raw\SmellNet\base_data\training\broccoli\broccoli_4.csv,broccoli,train,train
broccoli_4.csv::w7,data\raw\SmellNet\base_data\training\broccoli\broccoli_4.csv,broccoli,train,train
broccoli_4.csv::w8,data\raw\SmellNet\base_data\training\broccoli\broccoli_4.csv,broccoli,train,train
broccoli_5.csv::w0,data\raw\SmellNet\base_data\training\broccoli\broccoli_5.csv,broccoli,train,train
broccoli_5.csv::w1,data\raw\SmellNet\base_data\training\broccoli\broccoli_5.csv,broccoli,train,train
broccoli_5.csv::w2,data\raw\SmellNet\base_data\training\broccoli\broccoli_5.csv,broccoli,train,train
broccoli_5.csv::w3,data\raw\SmellNet\base_data\training\broccoli\broccoli_5.csv,broccoli,train,train
broccoli_5.csv::w4,data\raw\SmellNet\base_data\training\broccoli\broccoli_5.csv,broccoli,train,train
broccoli_5.csv::w5,data\raw\SmellNet\base_data\training\broccoli\broccoli_5.csv,broccoli,train,train
broccoli_5.csv::w6,data\raw\SmellNet\base_data\training\broccoli\broccoli_5.csv,broccoli,train,train
broccoli_5.csv::w7,data\raw\SmellNet\base_data\training\broccoli\broccoli_5.csv,broccoli,train,train
broccoli_5.csv::w8,data\raw\SmellNet\base_data\training\broccoli\broccoli_5.csv,broccoli,train,train
brussel_sprouts_1.csv::w0,data\raw\SmellNet\base_data\training\brussel_sprouts\brussel_sprouts_1.csv,brussel_sprouts,train,train
brussel_sprouts_1.csv::w1,data\raw\SmellNet\base_data\training\brussel_sprouts\brussel_sprouts_1.csv,brussel_sprouts,train,train
brussel_sprouts_1.csv::w2,data\raw\SmellNet\base_data\training\brussel_sprouts\brussel_sprouts_1.csv,brussel_sprouts,train,train
brussel_sprouts_1.csv::w3,data\raw\SmellNet\base_data\training\brussel_sprouts\brussel_sprouts_1.csv,brussel_sprouts,train,train
brussel_sprouts_1.csv::w4,data\raw\SmellNet\base_data\training\brussel_sprouts\brussel_sprouts_1.csv,brussel_sprouts,train,train
brussel_sprouts_1.csv::w5,data\raw\SmellNet\base_data\training\brussel_sprouts\brussel_sprouts_1.csv,brussel_sprouts,train,train
brussel_sprouts_1.csv::w6,data\raw\SmellNet\base_data\training\brussel_sprouts\brussel_sprouts_1.csv,brussel_sprouts,train,train
brussel_sprouts_1.csv::w7,data\raw\SmellNet\base_data\training\brussel_sprouts\brussel_sprouts_1.csv,brussel_sprouts,train,train
brussel_sprouts_1.csv::w8,data\raw\SmellNet\base_data\training\brussel_sprouts\brussel_sprouts_1.csv,brussel_sprouts,train,train
brussel_sprouts_2.csv::w0,data\raw\SmellNet\base_data\training\brussel_sprouts\brussel_sprouts_2.csv,brussel_sprouts,train,train
brussel_sprouts_2.csv::w1,data\raw\SmellNet\base_data\training\brussel_sprouts\brussel_sprouts_2.csv,brussel_sprouts,train,train
brussel_sprouts_2.csv::w2,data\raw\SmellNet\base_data\training\brussel_sprouts\brussel_sprouts_2.csv,brussel_sprouts,train,train
brussel_sprouts_2.csv::w3,data\raw\SmellNet\base_data\training\brussel_sprouts\brussel_sprouts_2.csv,brussel_sprouts,train,train
brussel_sprouts_2.csv::w4,data\raw\SmellNet\base_data\training\brussel_sprouts\brussel_sprouts_2.csv,brussel_sprouts,train,train
brussel_sprouts_2.csv::w5,data\raw\SmellNet\base_data\training\brussel_sprouts\brussel_sprouts_2.csv,brussel_sprouts,train,train
brussel_sprouts_2.csv::w6,data\raw\SmellNet\base_data\training\brussel_sprouts\brussel_sprouts_2.csv,brussel_sprouts,train,train
brussel_sprouts_2.csv::w7,data\raw\SmellNet\base_data\training\brussel_sprouts\brussel_sprouts_2.csv,brussel_sprouts,train,train
brussel_sprouts_2.csv::w8,data\raw\SmellNet\base_data\training\brussel_sprouts\brussel_sprouts_2.csv,brussel_sprouts,train,train
brussel_sprouts_3.csv::w0,data\raw\SmellNet\base_data\training\brussel_sprouts\brussel_sprouts_3.csv,brussel_sprouts,train,train
brussel_sprouts_3.csv::w1,data\raw\SmellNet\base_data\training\brussel_sprouts\brussel_sprouts_3.csv,brussel_sprouts,train,train
brussel_sprouts_3.csv::w2,data\raw\SmellNet\base_data\training\brussel_sprouts\brussel_sprouts_3.csv,brussel_sprouts,train,train
brussel_sprouts_3.csv::w3,data\raw\SmellNet\base_data\training\brussel_sprouts\brussel_sprouts_3.csv,brussel_sprouts,train,train
brussel_sprouts_3.csv::w4,data\raw\SmellNet\base_data\training\brussel_sprouts\brussel_sprouts_3.csv,brussel_sprouts,train,train
brussel_sprouts_3.csv::w5,data\raw\SmellNet\base_data\training\brussel_sprouts\brussel_sprouts_3.csv,brussel_sprouts,train,train
brussel_sprouts_3.csv::w6,data\raw\SmellNet\base_data\training\brussel_sprouts\brussel_sprouts_3.csv,brussel_sprouts,train,train
brussel_sprouts_3.csv::w7,data\raw\SmellNet\base_data\training\brussel_sprouts\brussel_sprouts_3.csv,brussel_sprouts,train,train
brussel_sprouts_3.csv::w8,data\raw\SmellNet\base_data\training\brussel_sprouts\brussel_sprouts_3.csv,brussel_sprouts,train,train
brussel_sprouts_4.csv::w0,data\raw\SmellNet\base_data\training\brussel_sprouts\brussel_sprouts_4.csv,brussel_sprouts,train,val
brussel_sprouts_4.csv::w1,data\raw\SmellNet\base_data\training\brussel_sprouts\brussel_sprouts_4.csv,brussel_sprouts,train,val
brussel_sprouts_4.csv::w2,data\raw\SmellNet\base_data\training\brussel_sprouts\brussel_sprouts_4.csv,brussel_sprouts,train,val
brussel_sprouts_4.csv::w3,data\raw\SmellNet\base_data\training\brussel_sprouts\brussel_sprouts_4.csv,brussel_sprouts,train,val
brussel_sprouts_4.csv::w4,data\raw\SmellNet\base_data\training\brussel_sprouts\brussel_sprouts_4.csv,brussel_sprouts,train,val
brussel_sprouts_4.csv::w5,data\raw\SmellNet\base_data\training\brussel_sprouts\brussel_sprouts_4.csv,brussel_sprouts,train,val
brussel_sprouts_4.csv::w6,data\raw\SmellNet\base_data\training\brussel_sprouts\brussel_sprouts_4.csv,brussel_sprouts,train,val
brussel_sprouts_4.csv::w7,data\raw\SmellNet\base_data\training\brussel_sprouts\brussel_sprouts_4.csv,brussel_sprouts,train,val
brussel_sprouts_4.csv::w8,data\raw\SmellNet\base_data\training\brussel_sprouts\brussel_sprouts_4.csv,brussel_sprouts,train,val
brussel_sprouts_5.csv::w0,data\raw\SmellNet\base_data\training\brussel_sprouts\brussel_sprouts_5.csv,brussel_sprouts,train,train
brussel_sprouts_5.csv::w1,data\raw\SmellNet\base_data\training\brussel_sprouts\brussel_sprouts_5.csv,brussel_sprouts,train,train
brussel_sprouts_5.csv::w2,data\raw\SmellNet\base_data\training\brussel_sprouts\brussel_sprouts_5.csv,brussel_sprouts,train,train
brussel_sprouts_5.csv::w3,data\raw\SmellNet\base_data\training\brussel_sprouts\brussel_sprouts_5.csv,brussel_sprouts,train,train
brussel_sprouts_5.csv::w4,data\raw\SmellNet\base_data\training\brussel_sprouts\brussel_sprouts_5.csv,brussel_sprouts,train,train
brussel_sprouts_5.csv::w5,data\raw\SmellNet\base_data\training\brussel_sprouts\brussel_sprouts_5.csv,brussel_sprouts,train,train
brussel_sprouts_5.csv::w6,data\raw\SmellNet\base_data\training\brussel_sprouts\brussel_sprouts_5.csv,brussel_sprouts,train,train
brussel_sprouts_5.csv::w7,data\raw\SmellNet\base_data\training\brussel_sprouts\brussel_sprouts_5.csv,brussel_sprouts,train,train
brussel_sprouts_5.csv::w8,data\raw\SmellNet\base_data\training\brussel_sprouts\brussel_sprouts_5.csv,brussel_sprouts,train,train
cabbage_1.csv::w0,data\raw\SmellNet\base_data\training\cabbage\cabbage_1.csv,cabbage,train,train
cabbage_1.csv::w1,data\raw\SmellNet\base_data\training\cabbage\cabbage_1.csv,cabbage,train,train
cabbage_1.csv::w2,data\raw\SmellNet\base_data\training\cabbage\cabbage_1.csv,cabbage,train,train
cabbage_1.csv::w3,data\raw\SmellNet\base_data\training\cabbage\cabbage_1.csv,cabbage,train,train
cabbage_1.csv::w4,data\raw\SmellNet\base_data\training\cabbage\cabbage_1.csv,cabbage,train,train
cabbage_1.csv::w5,data\raw\SmellNet\base_data\training\cabbage\cabbage_1.csv,cabbage,train,train
cabbage_1.csv::w6,data\raw\SmellNet\base_data\training\cabbage\cabbage_1.csv,cabbage,train,train
cabbage_1.csv::w7,data\raw\SmellNet\base_data\training\cabbage\cabbage_1.csv,cabbage,train,train
cabbage_1.csv::w8,data\raw\SmellNet\base_data\training\cabbage\cabbage_1.csv,cabbage,train,train
cabbage_2.csv::w0,data\raw\SmellNet\base_data\training\cabbage\cabbage_2.csv,cabbage,train,train
cabbage_2.csv::w1,data\raw\SmellNet\base_data\training\cabbage\cabbage_2.csv,cabbage,train,train
cabbage_2.csv::w2,data\raw\SmellNet\base_data\training\cabbage\cabbage_2.csv,cabbage,train,train
cabbage_2.csv::w3,data\raw\SmellNet\base_data\training\cabbage\cabbage_2.csv,cabbage,train,train
cabbage_2.csv::w4,data\raw\SmellNet\base_data\training\cabbage\cabbage_2.csv,cabbage,train,train
cabbage_2.csv::w5,data\raw\SmellNet\base_data\training\cabbage\cabbage_2.csv,cabbage,train,train
cabbage_2.csv::w6,data\raw\SmellNet\base_data\training\cabbage\cabbage_2.csv,cabbage,train,train
cabbage_2.csv::w7,data\raw\SmellNet\base_data\training\cabbage\cabbage_2.csv,cabbage,train,train
cabbage_2.csv::w8,data\raw\SmellNet\base_data\training\cabbage\cabbage_2.csv,cabbage,train,train
cabbage_3.csv::w0,data\raw\SmellNet\base_data\training\cabbage\cabbage_3.csv,cabbage,train,val
cabbage_3.csv::w1,data\raw\SmellNet\base_data\training\cabbage\cabbage_3.csv,cabbage,train,val
cabbage_3.csv::w2,data\raw\SmellNet\base_data\training\cabbage\cabbage_3.csv,cabbage,train,val
cabbage_3.csv::w3,data\raw\SmellNet\base_data\training\cabbage\cabbage_3.csv,cabbage,train,val
cabbage_3.csv::w4,data\raw\SmellNet\base_data\training\cabbage\cabbage_3.csv,cabbage,train,val
cabbage_3.csv::w5,data\raw\SmellNet\base_data\training\cabbage\cabbage_3.csv,cabbage,train,val
cabbage_3.csv::w6,data\raw\SmellNet\base_data\training\cabbage\cabbage_3.csv,cabbage,train,val
cabbage_3.csv::w7,data\raw\SmellNet\base_data\training\cabbage\cabbage_3.csv,cabbage,train,val
cabbage_3.csv::w8,data\raw\SmellNet\base_data\training\cabbage\cabbage_3.csv,cabbage,train,val
cabbage_4.csv::w0,data\raw\SmellNet\base_data\training\cabbage\cabbage_4.csv,cabbage,train,train
cabbage_4.csv::w1,data\raw\SmellNet\base_data\training\cabbage\cabbage_4.csv,cabbage,train,train
cabbage_4.csv::w2,data\raw\SmellNet\base_data\training\cabbage\cabbage_4.csv,cabbage,train,train
cabbage_4.csv::w3,data\raw\SmellNet\base_data\training\cabbage\cabbage_4.csv,cabbage,train,train
cabbage_4.csv::w4,data\raw\SmellNet\base_data\training\cabbage\cabbage_4.csv,cabbage,train,train
cabbage_4.csv::w5,data\raw\SmellNet\base_data\training\cabbage\cabbage_4.csv,cabbage,train,train
cabbage_4.csv::w6,data\raw\SmellNet\base_data\training\cabbage\cabbage_4.csv,cabbage,train,train
cabbage_4.csv::w7,data\raw\SmellNet\base_data\training\cabbage\cabbage_4.csv,cabbage,train,train
cabbage_4.csv::w8,data\raw\SmellNet\base_data\training\cabbage\cabbage_4.csv,cabbage,train,train
cabbage_5.csv::w0,data\raw\SmellNet\base_data\training\cabbage\cabbage_5.csv,cabbage,train,train
cabbage_5.csv::w1,data\raw\SmellNet\base_data\training\cabbage\cabbage_5.csv,cabbage,train,train
cabbage_5.csv::w2,data\raw\SmellNet\base_data\training\cabbage\cabbage_5.csv,cabbage,train,train
cabbage_5.csv::w3,data\raw\SmellNet\base_data\training\cabbage\cabbage_5.csv,cabbage,train,train
cabbage_5.csv::w4,data\raw\SmellNet\base_data\training\cabbage\cabbage_5.csv,cabbage,train,train
cabbage_5.csv::w5,data\raw\SmellNet\base_data\training\cabbage\cabbage_5.csv,cabbage,train,train
cabbage_5.csv::w6,data\raw\SmellNet\base_data\training\cabbage\cabbage_5.csv,cabbage,train,train
cabbage_5.csv::w7,data\raw\SmellNet\base_data\training\cabbage\cabbage_5.csv,cabbage,train,train
cabbage_5.csv::w8,data\raw\SmellNet\base_data\training\cabbage\cabbage_5.csv,cabbage,train,train
cashew_1.csv::w0,data\raw\SmellNet\base_data\training\cashew\cashew_1.csv,cashew,train,train
cashew_1.csv::w1,data\raw\SmellNet\base_data\training\cashew\cashew_1.csv,cashew,train,train
cashew_1.csv::w2,data\raw\SmellNet\base_data\training\cashew\cashew_1.csv,cashew,train,train
cashew_1.csv::w3,data\raw\SmellNet\base_data\training\cashew\cashew_1.csv,cashew,train,train
cashew_1.csv::w4,data\raw\SmellNet\base_data\training\cashew\cashew_1.csv,cashew,train,train
cashew_1.csv::w5,data\raw\SmellNet\base_data\training\cashew\cashew_1.csv,cashew,train,train
cashew_1.csv::w6,data\raw\SmellNet\base_data\training\cashew\cashew_1.csv,cashew,train,train
cashew_1.csv::w7,data\raw\SmellNet\base_data\training\cashew\cashew_1.csv,cashew,train,train
cashew_1.csv::w8,data\raw\SmellNet\base_data\training\cashew\cashew_1.csv,cashew,train,train
cashew_2.csv::w0,data\raw\SmellNet\base_data\training\cashew\cashew_2.csv,cashew,train,val
cashew_2.csv::w1,data\raw\SmellNet\base_data\training\cashew\cashew_2.csv,cashew,train,val
cashew_2.csv::w2,data\raw\SmellNet\base_data\training\cashew\cashew_2.csv,cashew,train,val
cashew_2.csv::w3,data\raw\SmellNet\base_data\training\cashew\cashew_2.csv,cashew,train,val
cashew_2.csv::w4,data\raw\SmellNet\base_data\training\cashew\cashew_2.csv,cashew,train,val
cashew_2.csv::w5,data\raw\SmellNet\base_data\training\cashew\cashew_2.csv,cashew,train,val
cashew_2.csv::w6,data\raw\SmellNet\base_data\training\cashew\cashew_2.csv,cashew,train,val
cashew_2.csv::w7,data\raw\SmellNet\base_data\training\cashew\cashew_2.csv,cashew,train,val
cashew_2.csv::w8,data\raw\SmellNet\base_data\training\cashew\cashew_2.csv,cashew,train,val
cashew_3.csv::w0,data\raw\SmellNet\base_data\training\cashew\cashew_3.csv,cashew,train,train
cashew_3.csv::w1,data\raw\SmellNet\base_data\training\cashew\cashew_3.csv,cashew,train,train
cashew_3.csv::w2,data\raw\SmellNet\base_data\training\cashew\cashew_3.csv,cashew,train,train
cashew_3.csv::w3,data\raw\SmellNet\base_data\training\cashew\cashew_3.csv,cashew,train,train
cashew_3.csv::w4,data\raw\SmellNet\base_data\training\cashew\cashew_3.csv,cashew,train,train
cashew_3.csv::w5,data\raw\SmellNet\base_data\training\cashew\cashew_3.csv,cashew,train,train
cashew_3.csv::w6,data\raw\SmellNet\base_data\training\cashew\cashew_3.csv,cashew,train,train
cashew_3.csv::w7,data\raw\SmellNet\base_data\training\cashew\cashew_3.csv,cashew,train,train
cashew_3.csv::w8,data\raw\SmellNet\base_data\training\cashew\cashew_3.csv,cashew,train,train
cashew_4.csv::w0,data\raw\SmellNet\base_data\training\cashew\cashew_4.csv,cashew,train,train
cashew_4.csv::w1,data\raw\SmellNet\base_data\training\cashew\cashew_4.csv,cashew,train,train
cashew_4.csv::w2,data\raw\SmellNet\base_data\training\cashew\cashew_4.csv,cashew,train,train
cashew_4.csv::w3,data\raw\SmellNet\base_data\training\cashew\cashew_4.csv,cashew,train,train
cashew_4.csv::w4,data\raw\SmellNet\base_data\training\cashew\cashew_4.csv,cashew,train,train
cashew_4.csv::w5,data\raw\SmellNet\base_data\training\cashew\cashew_4.csv,cashew,train,train
cashew_4.csv::w6,data\raw\SmellNet\base_data\training\cashew\cashew_4.csv,cashew,train,train
cashew_4.csv::w7,data\raw\SmellNet\base_data\training\cashew\cashew_4.csv,cashew,train,train
cashew_4.csv::w8,data\raw\SmellNet\base_data\training\cashew\cashew_4.csv,cashew,train,train
cashew_5.csv::w0,data\raw\SmellNet\base_data\training\cashew\cashew_5.csv,cashew,train,train
cashew_5.csv::w1,data\raw\SmellNet\base_data\training\cashew\cashew_5.csv,cashew,train,train
cashew_5.csv::w2,data\raw\SmellNet\base_data\training\cashew\cashew_5.csv,cashew,train,train
cashew_5.csv::w3,data\raw\SmellNet\base_data\training\cashew\cashew_5.csv,cashew,train,train
cashew_5.csv::w4,data\raw\SmellNet\base_data\training\cashew\cashew_5.csv,cashew,train,train
cashew_5.csv::w5,data\raw\SmellNet\base_data\training\cashew\cashew_5.csv,cashew,train,train
cashew_5.csv::w6,data\raw\SmellNet\base_data\training\cashew\cashew_5.csv,cashew,train,train
cashew_5.csv::w7,data\raw\SmellNet\base_data\training\cashew\cashew_5.csv,cashew,train,train
cashew_5.csv::w8,data\raw\SmellNet\base_data\training\cashew\cashew_5.csv,cashew,train,train
cauliflower_1.csv::w0,data\raw\SmellNet\base_data\training\cauliflower\cauliflower_1.csv,cauliflower,train,train
cauliflower_1.csv::w1,data\raw\SmellNet\base_data\training\cauliflower\cauliflower_1.csv,cauliflower,train,train
cauliflower_1.csv::w2,data\raw\SmellNet\base_data\training\cauliflower\cauliflower_1.csv,cauliflower,train,train
cauliflower_1.csv::w3,data\raw\SmellNet\base_data\training\cauliflower\cauliflower_1.csv,cauliflower,train,train
cauliflower_1.csv::w4,data\raw\SmellNet\base_data\training\cauliflower\cauliflower_1.csv,cauliflower,train,train
cauliflower_1.csv::w5,data\raw\SmellNet\base_data\training\cauliflower\cauliflower_1.csv,cauliflower,train,train
cauliflower_1.csv::w6,data\raw\SmellNet\base_data\training\cauliflower\cauliflower_1.csv,cauliflower,train,train
cauliflower_1.csv::w7,data\raw\SmellNet\base_data\training\cauliflower\cauliflower_1.csv,cauliflower,train,train
cauliflower_1.csv::w8,data\raw\SmellNet\base_data\training\cauliflower\cauliflower_1.csv,cauliflower,train,train
cauliflower_2.csv::w0,data\raw\SmellNet\base_data\training\cauliflower\cauliflower_2.csv,cauliflower,train,train
cauliflower_2.csv::w1,data\raw\SmellNet\base_data\training\cauliflower\cauliflower_2.csv,cauliflower,train,train
cauliflower_2.csv::w2,data\raw\SmellNet\base_data\training\cauliflower\cauliflower_2.csv,cauliflower,train,train
cauliflower_2.csv::w3,data\raw\SmellNet\base_data\training\cauliflower\cauliflower_2.csv,cauliflower,train,train
cauliflower_2.csv::w4,data\raw\SmellNet\base_data\training\cauliflower\cauliflower_2.csv,cauliflower,train,train
cauliflower_2.csv::w5,data\raw\SmellNet\base_data\training\cauliflower\cauliflower_2.csv,cauliflower,train,train
cauliflower_2.csv::w6,data\raw\SmellNet\base_data\training\cauliflower\cauliflower_2.csv,cauliflower,train,train
cauliflower_2.csv::w7,data\raw\SmellNet\base_data\training\cauliflower\cauliflower_2.csv,cauliflower,train,train
cauliflower_2.csv::w8,data\raw\SmellNet\base_data\training\cauliflower\cauliflower_2.csv,cauliflower,train,train
cauliflower_3.csv::w0,data\raw\SmellNet\base_data\training\cauliflower\cauliflower_3.csv,cauliflower,train,train
cauliflower_3.csv::w1,data\raw\SmellNet\base_data\training\cauliflower\cauliflower_3.csv,cauliflower,train,train
cauliflower_3.csv::w2,data\raw\SmellNet\base_data\training\cauliflower\cauliflower_3.csv,cauliflower,train,train
cauliflower_3.csv::w3,data\raw\SmellNet\base_data\training\cauliflower\cauliflower_3.csv,cauliflower,train,train
cauliflower_3.csv::w4,data\raw\SmellNet\base_data\training\cauliflower\cauliflower_3.csv,cauliflower,train,train
cauliflower_3.csv::w5,data\raw\SmellNet\base_data\training\cauliflower\cauliflower_3.csv,cauliflower,train,train
cauliflower_3.csv::w6,data\raw\SmellNet\base_data\training\cauliflower\cauliflower_3.csv,cauliflower,train,train
cauliflower_3.csv::w7,data\raw\SmellNet\base_data\training\cauliflower\cauliflower_3.csv,cauliflower,train,train
cauliflower_3.csv::w8,data\raw\SmellNet\base_data\training\cauliflower\cauliflower_3.csv,cauliflower,train,train
cauliflower_4.csv::w0,data\raw\SmellNet\base_data\training\cauliflower\cauliflower_4.csv,cauliflower,train,val
cauliflower_4.csv::w1,data\raw\SmellNet\base_data\training\cauliflower\cauliflower_4.csv,cauliflower,train,val
cauliflower_4.csv::w2,data\raw\SmellNet\base_data\training\cauliflower\cauliflower_4.csv,cauliflower,train,val
cauliflower_4.csv::w3,data\raw\SmellNet\base_data\training\cauliflower\cauliflower_4.csv,cauliflower,train,val
cauliflower_4.csv::w4,data\raw\SmellNet\base_data\training\cauliflower\cauliflower_4.csv,cauliflower,train,val
cauliflower_4.csv::w5,data\raw\SmellNet\base_data\training\cauliflower\cauliflower_4.csv,cauliflower,train,val
cauliflower_4.csv::w6,data\raw\SmellNet\base_data\training\cauliflower\cauliflower_4.csv,cauliflower,train,val
cauliflower_4.csv::w7,data\raw\SmellNet\base_data\training\cauliflower\cauliflower_4.csv,cauliflower,train,val
cauliflower_4.csv::w8,data\raw\SmellNet\base_data\training\cauliflower\cauliflower_4.csv,cauliflower,train,val
cauliflower_5.csv::w0,data\raw\SmellNet\base_data\training\cauliflower\cauliflower_5.csv,cauliflower,train,train
cauliflower_5.csv::w1,data\raw\SmellNet\base_data\training\cauliflower\cauliflower_5.csv,cauliflower,train,train
cauliflower_5.csv::w2,data\raw\SmellNet\base_data\training\cauliflower\cauliflower_5.csv,cauliflower,train,train
cauliflower_5.csv::w3,data\raw\SmellNet\base_data\training\cauliflower\cauliflower_5.csv,cauliflower,train,train
cauliflower_5.csv::w4,data\raw\SmellNet\base_data\training\cauliflower\cauliflower_5.csv,cauliflower,train,train
cauliflower_5.csv::w5,data\raw\SmellNet\base_data\training\cauliflower\cauliflower_5.csv,cauliflower,train,train
cauliflower_5.csv::w6,data\raw\SmellNet\base_data\training\cauliflower\cauliflower_5.csv,cauliflower,train,train
cauliflower_5.csv::w7,data\raw\SmellNet\base_data\training\cauliflower\cauliflower_5.csv,cauliflower,train,train
cauliflower_5.csv::w8,data\raw\SmellNet\base_data\training\cauliflower\cauliflower_5.csv,cauliflower,train,train
chamomile_1.csv::w0,data\raw\SmellNet\base_data\training\chamomile\chamomile_1.csv,chamomile,train,train
chamomile_1.csv::w1,data\raw\SmellNet\base_data\training\chamomile\chamomile_1.csv,chamomile,train,train
chamomile_1.csv::w2,data\raw\SmellNet\base_data\training\chamomile\chamomile_1.csv,chamomile,train,train
chamomile_1.csv::w3,data\raw\SmellNet\base_data\training\chamomile\chamomile_1.csv,chamomile,train,train
chamomile_1.csv::w4,data\raw\SmellNet\base_data\training\chamomile\chamomile_1.csv,chamomile,train,train
chamomile_1.csv::w5,data\raw\SmellNet\base_data\training\chamomile\chamomile_1.csv,chamomile,train,train
chamomile_1.csv::w6,data\raw\SmellNet\base_data\training\chamomile\chamomile_1.csv,chamomile,train,train
chamomile_1.csv::w7,data\raw\SmellNet\base_data\training\chamomile\chamomile_1.csv,chamomile,train,train
chamomile_1.csv::w8,data\raw\SmellNet\base_data\training\chamomile\chamomile_1.csv,chamomile,train,train
chamomile_2.csv::w0,data\raw\SmellNet\base_data\training\chamomile\chamomile_2.csv,chamomile,train,val
chamomile_2.csv::w1,data\raw\SmellNet\base_data\training\chamomile\chamomile_2.csv,chamomile,train,val
chamomile_2.csv::w2,data\raw\SmellNet\base_data\training\chamomile\chamomile_2.csv,chamomile,train,val
chamomile_2.csv::w3,data\raw\SmellNet\base_data\training\chamomile\chamomile_2.csv,chamomile,train,val
chamomile_2.csv::w4,data\raw\SmellNet\base_data\training\chamomile\chamomile_2.csv,chamomile,train,val
chamomile_2.csv::w5,data\raw\SmellNet\base_data\training\chamomile\chamomile_2.csv,chamomile,train,val
chamomile_2.csv::w6,data\raw\SmellNet\base_data\training\chamomile\chamomile_2.csv,chamomile,train,val
chamomile_2.csv::w7,data\raw\SmellNet\base_data\training\chamomile\chamomile_2.csv,chamomile,train,val
chamomile_2.csv::w8,data\raw\SmellNet\base_data\training\chamomile\chamomile_2.csv,chamomile,train,val
chamomile_3.csv::w0,data\raw\SmellNet\base_data\training\chamomile\chamomile_3.csv,chamomile,train,train
chamomile_3.csv::w1,data\raw\SmellNet\base_data\training\chamomile\chamomile_3.csv,chamomile,train,train
chamomile_3.csv::w2,data\raw\SmellNet\base_data\training\chamomile\chamomile_3.csv,chamomile,train,train
chamomile_3.csv::w3,data\raw\SmellNet\base_data\training\chamomile\chamomile_3.csv,chamomile,train,train
chamomile_3.csv::w4,data\raw\SmellNet\base_data\training\chamomile\chamomile_3.csv,chamomile,train,train
chamomile_3.csv::w5,data\raw\SmellNet\base_data\training\chamomile\chamomile_3.csv,chamomile,train,train
chamomile_3.csv::w6,data\raw\SmellNet\base_data\training\chamomile\chamomile_3.csv,chamomile,train,train
chamomile_3.csv::w7,data\raw\SmellNet\base_data\training\chamomile\chamomile_3.csv,chamomile,train,train
chamomile_3.csv::w8,data\raw\SmellNet\base_data\training\chamomile\chamomile_3.csv,chamomile,train,train
chamomile_4.csv::w0,data\raw\SmellNet\base_data\training\chamomile\chamomile_4.csv,chamomile,train,train
chamomile_4.csv::w1,data\raw\SmellNet\base_data\training\chamomile\chamomile_4.csv,chamomile,train,train
chamomile_4.csv::w2,data\raw\SmellNet\base_data\training\chamomile\chamomile_4.csv,chamomile,train,train
chamomile_4.csv::w3,data\raw\SmellNet\base_data\training\chamomile\chamomile_4.csv,chamomile,train,train
chamomile_4.csv::w4,data\raw\SmellNet\base_data\training\chamomile\chamomile_4.csv,chamomile,train,train
chamomile_4.csv::w5,data\raw\SmellNet\base_data\training\chamomile\chamomile_4.csv,chamomile,train,train
chamomile_4.csv::w6,data\raw\SmellNet\base_data\training\chamomile\chamomile_4.csv,chamomile,train,train
chamomile_4.csv::w7,data\raw\SmellNet\base_data\training\chamomile\chamomile_4.csv,chamomile,train,train
chamomile_4.csv::w8,data\raw\SmellNet\base_data\training\chamomile\chamomile_4.csv,chamomile,train,train
chamomile_5.csv::w0,data\raw\SmellNet\base_data\training\chamomile\chamomile_5.csv,chamomile,train,train
chamomile_5.csv::w1,data\raw\SmellNet\base_data\training\chamomile\chamomile_5.csv,chamomile,train,train
chamomile_5.csv::w2,data\raw\SmellNet\base_data\training\chamomile\chamomile_5.csv,chamomile,train,train
chamomile_5.csv::w3,data\raw\SmellNet\base_data\training\chamomile\chamomile_5.csv,chamomile,train,train
chamomile_5.csv::w4,data\raw\SmellNet\base_data\training\chamomile\chamomile_5.csv,chamomile,train,train
chamomile_5.csv::w5,data\raw\SmellNet\base_data\training\chamomile\chamomile_5.csv,chamomile,train,train
chamomile_5.csv::w6,data\raw\SmellNet\base_data\training\chamomile\chamomile_5.csv,chamomile,train,train
chamomile_5.csv::w7,data\raw\SmellNet\base_data\training\chamomile\chamomile_5.csv,chamomile,train,train
chamomile_5.csv::w8,data\raw\SmellNet\base_data\training\chamomile\chamomile_5.csv,chamomile,train,train
chervil_1.csv::w0,data\raw\SmellNet\base_data\training\chervil\chervil_1.csv,chervil,train,val
chervil_1.csv::w1,data\raw\SmellNet\base_data\training\chervil\chervil_1.csv,chervil,train,val
chervil_1.csv::w2,data\raw\SmellNet\base_data\training\chervil\chervil_1.csv,chervil,train,val
chervil_1.csv::w3,data\raw\SmellNet\base_data\training\chervil\chervil_1.csv,chervil,train,val
chervil_1.csv::w4,data\raw\SmellNet\base_data\training\chervil\chervil_1.csv,chervil,train,val
chervil_1.csv::w5,data\raw\SmellNet\base_data\training\chervil\chervil_1.csv,chervil,train,val
chervil_1.csv::w6,data\raw\SmellNet\base_data\training\chervil\chervil_1.csv,chervil,train,val
chervil_1.csv::w7,data\raw\SmellNet\base_data\training\chervil\chervil_1.csv,chervil,train,val
chervil_1.csv::w8,data\raw\SmellNet\base_data\training\chervil\chervil_1.csv,chervil,train,val
chervil_2.csv::w0,data\raw\SmellNet\base_data\training\chervil\chervil_2.csv,chervil,train,train
chervil_2.csv::w1,data\raw\SmellNet\base_data\training\chervil\chervil_2.csv,chervil,train,train
chervil_2.csv::w2,data\raw\SmellNet\base_data\training\chervil\chervil_2.csv,chervil,train,train
chervil_2.csv::w3,data\raw\SmellNet\base_data\training\chervil\chervil_2.csv,chervil,train,train
chervil_2.csv::w4,data\raw\SmellNet\base_data\training\chervil\chervil_2.csv,chervil,train,train
chervil_2.csv::w5,data\raw\SmellNet\base_data\training\chervil\chervil_2.csv,chervil,train,train
chervil_2.csv::w6,data\raw\SmellNet\base_data\training\chervil\chervil_2.csv,chervil,train,train
chervil_2.csv::w7,data\raw\SmellNet\base_data\training\chervil\chervil_2.csv,chervil,train,train
chervil_2.csv::w8,data\raw\SmellNet\base_data\training\chervil\chervil_2.csv,chervil,train,train
chervil_3.csv::w0,data\raw\SmellNet\base_data\training\chervil\chervil_3.csv,chervil,train,train
chervil_3.csv::w1,data\raw\SmellNet\base_data\training\chervil\chervil_3.csv,chervil,train,train
chervil_3.csv::w2,data\raw\SmellNet\base_data\training\chervil\chervil_3.csv,chervil,train,train
chervil_3.csv::w3,data\raw\SmellNet\base_data\training\chervil\chervil_3.csv,chervil,train,train
chervil_3.csv::w4,data\raw\SmellNet\base_data\training\chervil\chervil_3.csv,chervil,train,train
chervil_3.csv::w5,data\raw\SmellNet\base_data\training\chervil\chervil_3.csv,chervil,train,train
chervil_3.csv::w6,data\raw\SmellNet\base_data\training\chervil\chervil_3.csv,chervil,train,train
chervil_3.csv::w7,data\raw\SmellNet\base_data\training\chervil\chervil_3.csv,chervil,train,train
chervil_3.csv::w8,data\raw\SmellNet\base_data\training\chervil\chervil_3.csv,chervil,train,train
chervil_4.csv::w0,data\raw\SmellNet\base_data\training\chervil\chervil_4.csv,chervil,train,train
chervil_4.csv::w1,data\raw\SmellNet\base_data\training\chervil\chervil_4.csv,chervil,train,train
chervil_4.csv::w2,data\raw\SmellNet\base_data\training\chervil\chervil_4.csv,chervil,train,train
chervil_4.csv::w3,data\raw\SmellNet\base_data\training\chervil\chervil_4.csv,chervil,train,train
chervil_4.csv::w4,data\raw\SmellNet\base_data\training\chervil\chervil_4.csv,chervil,train,train
chervil_4.csv::w5,data\raw\SmellNet\base_data\training\chervil\chervil_4.csv,chervil,train,train
chervil_4.csv::w6,data\raw\SmellNet\base_data\training\chervil\chervil_4.csv,chervil,train,train
chervil_4.csv::w7,data\raw\SmellNet\base_data\training\chervil\chervil_4.csv,chervil,train,train
chervil_4.csv::w8,data\raw\SmellNet\base_data\training\chervil\chervil_4.csv,chervil,train,train
chervil_5.csv::w0,data\raw\SmellNet\base_data\training\chervil\chervil_5.csv,chervil,train,train
chervil_5.csv::w1,data\raw\SmellNet\base_data\training\chervil\chervil_5.csv,chervil,train,train
chervil_5.csv::w2,data\raw\SmellNet\base_data\training\chervil\chervil_5.csv,chervil,train,train
chervil_5.csv::w3,data\raw\SmellNet\base_data\training\chervil\chervil_5.csv,chervil,train,train
chervil_5.csv::w4,data\raw\SmellNet\base_data\training\chervil\chervil_5.csv,chervil,train,train
chervil_5.csv::w5,data\raw\SmellNet\base_data\training\chervil\chervil_5.csv,chervil,train,train
chervil_5.csv::w6,data\raw\SmellNet\base_data\training\chervil\chervil_5.csv,chervil,train,train
chervil_5.csv::w7,data\raw\SmellNet\base_data\training\chervil\chervil_5.csv,chervil,train,train
chervil_5.csv::w8,data\raw\SmellNet\base_data\training\chervil\chervil_5.csv,chervil,train,train
chestnuts_1.csv::w0,data\raw\SmellNet\base_data\training\chestnuts\chestnuts_1.csv,chestnuts,train,train
chestnuts_1.csv::w1,data\raw\SmellNet\base_data\training\chestnuts\chestnuts_1.csv,chestnuts,train,train
chestnuts_1.csv::w2,data\raw\SmellNet\base_data\training\chestnuts\chestnuts_1.csv,chestnuts,train,train
chestnuts_1.csv::w3,data\raw\SmellNet\base_data\training\chestnuts\chestnuts_1.csv,chestnuts,train,train
chestnuts_1.csv::w4,data\raw\SmellNet\base_data\training\chestnuts\chestnuts_1.csv,chestnuts,train,train
chestnuts_1.csv::w5,data\raw\SmellNet\base_data\training\chestnuts\chestnuts_1.csv,chestnuts,train,train
chestnuts_1.csv::w6,data\raw\SmellNet\base_data\training\chestnuts\chestnuts_1.csv,chestnuts,train,train
chestnuts_1.csv::w7,data\raw\SmellNet\base_data\training\chestnuts\chestnuts_1.csv,chestnuts,train,train
chestnuts_1.csv::w8,data\raw\SmellNet\base_data\training\chestnuts\chestnuts_1.csv,chestnuts,train,train
chestnuts_2.csv::w0,data\raw\SmellNet\base_data\training\chestnuts\chestnuts_2.csv,chestnuts,train,train
chestnuts_2.csv::w1,data\raw\SmellNet\base_data\training\chestnuts\chestnuts_2.csv,chestnuts,train,train
chestnuts_2.csv::w2,data\raw\SmellNet\base_data\training\chestnuts\chestnuts_2.csv,chestnuts,train,train
chestnuts_2.csv::w3,data\raw\SmellNet\base_data\training\chestnuts\chestnuts_2.csv,chestnuts,train,train
chestnuts_2.csv::w4,data\raw\SmellNet\base_data\training\chestnuts\chestnuts_2.csv,chestnuts,train,train
chestnuts_2.csv::w5,data\raw\SmellNet\base_data\training\chestnuts\chestnuts_2.csv,chestnuts,train,train
chestnuts_2.csv::w6,data\raw\SmellNet\base_data\training\chestnuts\chestnuts_2.csv,chestnuts,train,train
chestnuts_2.csv::w7,data\raw\SmellNet\base_data\training\chestnuts\chestnuts_2.csv,chestnuts,train,train
chestnuts_2.csv::w8,data\raw\SmellNet\base_data\training\chestnuts\chestnuts_2.csv,chestnuts,train,train
chestnuts_3.csv::w0,data\raw\SmellNet\base_data\training\chestnuts\chestnuts_3.csv,chestnuts,train,train
chestnuts_3.csv::w1,data\raw\SmellNet\base_data\training\chestnuts\chestnuts_3.csv,chestnuts,train,train
chestnuts_3.csv::w2,data\raw\SmellNet\base_data\training\chestnuts\chestnuts_3.csv,chestnuts,train,train
chestnuts_3.csv::w3,data\raw\SmellNet\base_data\training\chestnuts\chestnuts_3.csv,chestnuts,train,train
chestnuts_3.csv::w4,data\raw\SmellNet\base_data\training\chestnuts\chestnuts_3.csv,chestnuts,train,train
chestnuts_3.csv::w5,data\raw\SmellNet\base_data\training\chestnuts\chestnuts_3.csv,chestnuts,train,train
chestnuts_3.csv::w6,data\raw\SmellNet\base_data\training\chestnuts\chestnuts_3.csv,chestnuts,train,train
chestnuts_3.csv::w7,data\raw\SmellNet\base_data\training\chestnuts\chestnuts_3.csv,chestnuts,train,train
chestnuts_3.csv::w8,data\raw\SmellNet\base_data\training\chestnuts\chestnuts_3.csv,chestnuts,train,train
chestnuts_4.csv::w0,data\raw\SmellNet\base_data\training\chestnuts\chestnuts_4.csv,chestnuts,train,train
chestnuts_4.csv::w1,data\raw\SmellNet\base_data\training\chestnuts\chestnuts_4.csv,chestnuts,train,train
chestnuts_4.csv::w2,data\raw\SmellNet\base_data\training\chestnuts\chestnuts_4.csv,chestnuts,train,train
chestnuts_4.csv::w3,data\raw\SmellNet\base_data\training\chestnuts\chestnuts_4.csv,chestnuts,train,train
chestnuts_4.csv::w4,data\raw\SmellNet\base_data\training\chestnuts\chestnuts_4.csv,chestnuts,train,train
chestnuts_4.csv::w5,data\raw\SmellNet\base_data\training\chestnuts\chestnuts_4.csv,chestnuts,train,train
chestnuts_4.csv::w6,data\raw\SmellNet\base_data\training\chestnuts\chestnuts_4.csv,chestnuts,train,train
chestnuts_4.csv::w7,data\raw\SmellNet\base_data\training\chestnuts\chestnuts_4.csv,chestnuts,train,train
chestnuts_4.csv::w8,data\raw\SmellNet\base_data\training\chestnuts\chestnuts_4.csv,chestnuts,train,train
chestnuts_5.csv::w0,data\raw\SmellNet\base_data\training\chestnuts\chestnuts_5.csv,chestnuts,train,val
chestnuts_5.csv::w1,data\raw\SmellNet\base_data\training\chestnuts\chestnuts_5.csv,chestnuts,train,val
chestnuts_5.csv::w2,data\raw\SmellNet\base_data\training\chestnuts\chestnuts_5.csv,chestnuts,train,val
chestnuts_5.csv::w3,data\raw\SmellNet\base_data\training\chestnuts\chestnuts_5.csv,chestnuts,train,val
chestnuts_5.csv::w4,data\raw\SmellNet\base_data\training\chestnuts\chestnuts_5.csv,chestnuts,train,val
chestnuts_5.csv::w5,data\raw\SmellNet\base_data\training\chestnuts\chestnuts_5.csv,chestnuts,train,val
chestnuts_5.csv::w6,data\raw\SmellNet\base_data\training\chestnuts\chestnuts_5.csv,chestnuts,train,val
chestnuts_5.csv::w7,data\raw\SmellNet\base_data\training\chestnuts\chestnuts_5.csv,chestnuts,train,val
chestnuts_5.csv::w8,data\raw\SmellNet\base_data\training\chestnuts\chestnuts_5.csv,chestnuts,train,val
chives_1.csv::w0,data\raw\SmellNet\base_data\training\chives\chives_1.csv,chives,train,train
chives_1.csv::w1,data\raw\SmellNet\base_data\training\chives\chives_1.csv,chives,train,train
chives_1.csv::w2,data\raw\SmellNet\base_data\training\chives\chives_1.csv,chives,train,train
chives_1.csv::w3,data\raw\SmellNet\base_data\training\chives\chives_1.csv,chives,train,train
chives_1.csv::w4,data\raw\SmellNet\base_data\training\chives\chives_1.csv,chives,train,train
chives_1.csv::w5,data\raw\SmellNet\base_data\training\chives\chives_1.csv,chives,train,train
chives_1.csv::w6,data\raw\SmellNet\base_data\training\chives\chives_1.csv,chives,train,train
chives_1.csv::w7,data\raw\SmellNet\base_data\training\chives\chives_1.csv,chives,train,train
chives_1.csv::w8,data\raw\SmellNet\base_data\training\chives\chives_1.csv,chives,train,train
chives_2.csv::w0,data\raw\SmellNet\base_data\training\chives\chives_2.csv,chives,train,train
chives_2.csv::w1,data\raw\SmellNet\base_data\training\chives\chives_2.csv,chives,train,train
chives_2.csv::w2,data\raw\SmellNet\base_data\training\chives\chives_2.csv,chives,train,train
chives_2.csv::w3,data\raw\SmellNet\base_data\training\chives\chives_2.csv,chives,train,train
chives_2.csv::w4,data\raw\SmellNet\base_data\training\chives\chives_2.csv,chives,train,train
chives_2.csv::w5,data\raw\SmellNet\base_data\training\chives\chives_2.csv,chives,train,train
chives_2.csv::w6,data\raw\SmellNet\base_data\training\chives\chives_2.csv,chives,train,train
chives_2.csv::w7,data\raw\SmellNet\base_data\training\chives\chives_2.csv,chives,train,train
chives_2.csv::w8,data\raw\SmellNet\base_data\training\chives\chives_2.csv,chives,train,train
chives_3.csv::w0,data\raw\SmellNet\base_data\training\chives\chives_3.csv,chives,train,train
chives_3.csv::w1,data\raw\SmellNet\base_data\training\chives\chives_3.csv,chives,train,train
chives_3.csv::w2,data\raw\SmellNet\base_data\training\chives\chives_3.csv,chives,train,train
chives_3.csv::w3,data\raw\SmellNet\base_data\training\chives\chives_3.csv,chives,train,train
chives_3.csv::w4,data\raw\SmellNet\base_data\training\chives\chives_3.csv,chives,train,train
chives_3.csv::w5,data\raw\SmellNet\base_data\training\chives\chives_3.csv,chives,train,train
chives_3.csv::w6,data\raw\SmellNet\base_data\training\chives\chives_3.csv,chives,train,train
chives_3.csv::w7,data\raw\SmellNet\base_data\training\chives\chives_3.csv,chives,train,train
chives_3.csv::w8,data\raw\SmellNet\base_data\training\chives\chives_3.csv,chives,train,train
chives_4.csv::w0,data\raw\SmellNet\base_data\training\chives\chives_4.csv,chives,train,val
chives_4.csv::w1,data\raw\SmellNet\base_data\training\chives\chives_4.csv,chives,train,val
chives_4.csv::w2,data\raw\SmellNet\base_data\training\chives\chives_4.csv,chives,train,val
chives_4.csv::w3,data\raw\SmellNet\base_data\training\chives\chives_4.csv,chives,train,val
chives_4.csv::w4,data\raw\SmellNet\base_data\training\chives\chives_4.csv,chives,train,val
chives_4.csv::w5,data\raw\SmellNet\base_data\training\chives\chives_4.csv,chives,train,val
chives_4.csv::w6,data\raw\SmellNet\base_data\training\chives\chives_4.csv,chives,train,val
chives_4.csv::w7,data\raw\SmellNet\base_data\training\chives\chives_4.csv,chives,train,val
chives_4.csv::w8,data\raw\SmellNet\base_data\training\chives\chives_4.csv,chives,train,val
chives_5.csv::w0,data\raw\SmellNet\base_data\training\chives\chives_5.csv,chives,train,train
chives_5.csv::w1,data\raw\SmellNet\base_data\training\chives\chives_5.csv,chives,train,train
chives_5.csv::w2,data\raw\SmellNet\base_data\training\chives\chives_5.csv,chives,train,train
chives_5.csv::w3,data\raw\SmellNet\base_data\training\chives\chives_5.csv,chives,train,train
chives_5.csv::w4,data\raw\SmellNet\base_data\training\chives\chives_5.csv,chives,train,train
chives_5.csv::w5,data\raw\SmellNet\base_data\training\chives\chives_5.csv,chives,train,train
chives_5.csv::w6,data\raw\SmellNet\base_data\training\chives\chives_5.csv,chives,train,train
chives_5.csv::w7,data\raw\SmellNet\base_data\training\chives\chives_5.csv,chives,train,train
chives_5.csv::w8,data\raw\SmellNet\base_data\training\chives\chives_5.csv,chives,train,train
cinnamon_1.csv::w0,data\raw\SmellNet\base_data\training\cinnamon\cinnamon_1.csv,cinnamon,train,val
cinnamon_1.csv::w1,data\raw\SmellNet\base_data\training\cinnamon\cinnamon_1.csv,cinnamon,train,val
cinnamon_1.csv::w2,data\raw\SmellNet\base_data\training\cinnamon\cinnamon_1.csv,cinnamon,train,val
cinnamon_1.csv::w3,data\raw\SmellNet\base_data\training\cinnamon\cinnamon_1.csv,cinnamon,train,val
cinnamon_1.csv::w4,data\raw\SmellNet\base_data\training\cinnamon\cinnamon_1.csv,cinnamon,train,val
cinnamon_1.csv::w5,data\raw\SmellNet\base_data\training\cinnamon\cinnamon_1.csv,cinnamon,train,val
cinnamon_1.csv::w6,data\raw\SmellNet\base_data\training\cinnamon\cinnamon_1.csv,cinnamon,train,val
cinnamon_1.csv::w7,data\raw\SmellNet\base_data\training\cinnamon\cinnamon_1.csv,cinnamon,train,val
cinnamon_1.csv::w8,data\raw\SmellNet\base_data\training\cinnamon\cinnamon_1.csv,cinnamon,train,val
cinnamon_2.csv::w0,data\raw\SmellNet\base_data\training\cinnamon\cinnamon_2.csv,cinnamon,train,train
cinnamon_2.csv::w1,data\raw\SmellNet\base_data\training\cinnamon\cinnamon_2.csv,cinnamon,train,train
cinnamon_2.csv::w2,data\raw\SmellNet\base_data\training\cinnamon\cinnamon_2.csv,cinnamon,train,train
cinnamon_2.csv::w3,data\raw\SmellNet\base_data\training\cinnamon\cinnamon_2.csv,cinnamon,train,train
cinnamon_2.csv::w4,data\raw\SmellNet\base_data\training\cinnamon\cinnamon_2.csv,cinnamon,train,train
cinnamon_2.csv::w5,data\raw\SmellNet\base_data\training\cinnamon\cinnamon_2.csv,cinnamon,train,train
cinnamon_2.csv::w6,data\raw\SmellNet\base_data\training\cinnamon\cinnamon_2.csv,cinnamon,train,train
cinnamon_2.csv::w7,data\raw\SmellNet\base_data\training\cinnamon\cinnamon_2.csv,cinnamon,train,train
cinnamon_2.csv::w8,data\raw\SmellNet\base_data\training\cinnamon\cinnamon_2.csv,cinnamon,train,train
cinnamon_3.csv::w0,data\raw\SmellNet\base_data\training\cinnamon\cinnamon_3.csv,cinnamon,train,train
cinnamon_3.csv::w1,data\raw\SmellNet\base_data\training\cinnamon\cinnamon_3.csv,cinnamon,train,train
cinnamon_3.csv::w2,data\raw\SmellNet\base_data\training\cinnamon\cinnamon_3.csv,cinnamon,train,train
cinnamon_3.csv::w3,data\raw\SmellNet\base_data\training\cinnamon\cinnamon_3.csv,cinnamon,train,train
cinnamon_3.csv::w4,data\raw\SmellNet\base_data\training\cinnamon\cinnamon_3.csv,cinnamon,train,train
cinnamon_3.csv::w5,data\raw\SmellNet\base_data\training\cinnamon\cinnamon_3.csv,cinnamon,train,train
cinnamon_3.csv::w6,data\raw\SmellNet\base_data\training\cinnamon\cinnamon_3.csv,cinnamon,train,train
cinnamon_3.csv::w7,data\raw\SmellNet\base_data\training\cinnamon\cinnamon_3.csv,cinnamon,train,train
cinnamon_3.csv::w8,data\raw\SmellNet\base_data\training\cinnamon\cinnamon_3.csv,cinnamon,train,train
cinnamon_4.csv::w0,data\raw\SmellNet\base_data\training\cinnamon\cinnamon_4.csv,cinnamon,train,train
cinnamon_4.csv::w1,data\raw\SmellNet\base_data\training\cinnamon\cinnamon_4.csv,cinnamon,train,train
cinnamon_4.csv::w2,data\raw\SmellNet\base_data\training\cinnamon\cinnamon_4.csv,cinnamon,train,train
cinnamon_4.csv::w3,data\raw\SmellNet\base_data\training\cinnamon\cinnamon_4.csv,cinnamon,train,train
cinnamon_4.csv::w4,data\raw\SmellNet\base_data\training\cinnamon\cinnamon_4.csv,cinnamon,train,train
cinnamon_4.csv::w5,data\raw\SmellNet\base_data\training\cinnamon\cinnamon_4.csv,cinnamon,train,train
cinnamon_4.csv::w6,data\raw\SmellNet\base_data\training\cinnamon\cinnamon_4.csv,cinnamon,train,train
cinnamon_4.csv::w7,data\raw\SmellNet\base_data\training\cinnamon\cinnamon_4.csv,cinnamon,train,train
cinnamon_4.csv::w8,data\raw\SmellNet\base_data\training\cinnamon\cinnamon_4.csv,cinnamon,train,train
cinnamon_5.csv::w0,data\raw\SmellNet\base_data\training\cinnamon\cinnamon_5.csv,cinnamon,train,train
cinnamon_5.csv::w1,data\raw\SmellNet\base_data\training\cinnamon\cinnamon_5.csv,cinnamon,train,train
cinnamon_5.csv::w2,data\raw\SmellNet\base_data\training\cinnamon\cinnamon_5.csv,cinnamon,train,train
cinnamon_5.csv::w3,data\raw\SmellNet\base_data\training\cinnamon\cinnamon_5.csv,cinnamon,train,train
cinnamon_5.csv::w4,data\raw\SmellNet\base_data\training\cinnamon\cinnamon_5.csv,cinnamon,train,train
cinnamon_5.csv::w5,data\raw\SmellNet\base_data\training\cinnamon\cinnamon_5.csv,cinnamon,train,train
cinnamon_5.csv::w6,data\raw\SmellNet\base_data\training\cinnamon\cinnamon_5.csv,cinnamon,train,train
cinnamon_5.csv::w7,data\raw\SmellNet\base_data\training\cinnamon\cinnamon_5.csv,cinnamon,train,train
cinnamon_5.csv::w8,data\raw\SmellNet\base_data\training\cinnamon\cinnamon_5.csv,cinnamon,train,train
cloves_1.csv::w0,data\raw\SmellNet\base_data\training\cloves\cloves_1.csv,cloves,train,val
cloves_1.csv::w1,data\raw\SmellNet\base_data\training\cloves\cloves_1.csv,cloves,train,val
cloves_1.csv::w2,data\raw\SmellNet\base_data\training\cloves\cloves_1.csv,cloves,train,val
cloves_1.csv::w3,data\raw\SmellNet\base_data\training\cloves\cloves_1.csv,cloves,train,val
cloves_1.csv::w4,data\raw\SmellNet\base_data\training\cloves\cloves_1.csv,cloves,train,val
cloves_1.csv::w5,data\raw\SmellNet\base_data\training\cloves\cloves_1.csv,cloves,train,val
cloves_1.csv::w6,data\raw\SmellNet\base_data\training\cloves\cloves_1.csv,cloves,train,val
cloves_1.csv::w7,data\raw\SmellNet\base_data\training\cloves\cloves_1.csv,cloves,train,val
cloves_1.csv::w8,data\raw\SmellNet\base_data\training\cloves\cloves_1.csv,cloves,train,val
cloves_2.csv::w0,data\raw\SmellNet\base_data\training\cloves\cloves_2.csv,cloves,train,train
cloves_2.csv::w1,data\raw\SmellNet\base_data\training\cloves\cloves_2.csv,cloves,train,train
cloves_2.csv::w2,data\raw\SmellNet\base_data\training\cloves\cloves_2.csv,cloves,train,train
cloves_2.csv::w3,data\raw\SmellNet\base_data\training\cloves\cloves_2.csv,cloves,train,train
cloves_2.csv::w4,data\raw\SmellNet\base_data\training\cloves\cloves_2.csv,cloves,train,train
cloves_2.csv::w5,data\raw\SmellNet\base_data\training\cloves\cloves_2.csv,cloves,train,train
cloves_2.csv::w6,data\raw\SmellNet\base_data\training\cloves\cloves_2.csv,cloves,train,train
cloves_2.csv::w7,data\raw\SmellNet\base_data\training\cloves\cloves_2.csv,cloves,train,train
cloves_2.csv::w8,data\raw\SmellNet\base_data\training\cloves\cloves_2.csv,cloves,train,train
cloves_3.csv::w0,data\raw\SmellNet\base_data\training\cloves\cloves_3.csv,cloves,train,train
cloves_3.csv::w1,data\raw\SmellNet\base_data\training\cloves\cloves_3.csv,cloves,train,train
cloves_3.csv::w2,data\raw\SmellNet\base_data\training\cloves\cloves_3.csv,cloves,train,train
cloves_3.csv::w3,data\raw\SmellNet\base_data\training\cloves\cloves_3.csv,cloves,train,train
cloves_3.csv::w4,data\raw\SmellNet\base_data\training\cloves\cloves_3.csv,cloves,train,train
cloves_3.csv::w5,data\raw\SmellNet\base_data\training\cloves\cloves_3.csv,cloves,train,train
cloves_3.csv::w6,data\raw\SmellNet\base_data\training\cloves\cloves_3.csv,cloves,train,train
cloves_3.csv::w7,data\raw\SmellNet\base_data\training\cloves\cloves_3.csv,cloves,train,train
cloves_3.csv::w8,data\raw\SmellNet\base_data\training\cloves\cloves_3.csv,cloves,train,train
cloves_4.csv::w0,data\raw\SmellNet\base_data\training\cloves\cloves_4.csv,cloves,train,train
cloves_4.csv::w1,data\raw\SmellNet\base_data\training\cloves\cloves_4.csv,cloves,train,train
cloves_4.csv::w2,data\raw\SmellNet\base_data\training\cloves\cloves_4.csv,cloves,train,train
cloves_4.csv::w3,data\raw\SmellNet\base_data\training\cloves\cloves_4.csv,cloves,train,train
cloves_4.csv::w4,data\raw\SmellNet\base_data\training\cloves\cloves_4.csv,cloves,train,train
cloves_4.csv::w5,data\raw\SmellNet\base_data\training\cloves\cloves_4.csv,cloves,train,train
cloves_4.csv::w6,data\raw\SmellNet\base_data\training\cloves\cloves_4.csv,cloves,train,train
cloves_4.csv::w7,data\raw\SmellNet\base_data\training\cloves\cloves_4.csv,cloves,train,train
cloves_4.csv::w8,data\raw\SmellNet\base_data\training\cloves\cloves_4.csv,cloves,train,train
cloves_5.csv::w0,data\raw\SmellNet\base_data\training\cloves\cloves_5.csv,cloves,train,train
cloves_5.csv::w1,data\raw\SmellNet\base_data\training\cloves\cloves_5.csv,cloves,train,train
cloves_5.csv::w2,data\raw\SmellNet\base_data\training\cloves\cloves_5.csv,cloves,train,train
cloves_5.csv::w3,data\raw\SmellNet\base_data\training\cloves\cloves_5.csv,cloves,train,train
cloves_5.csv::w4,data\raw\SmellNet\base_data\training\cloves\cloves_5.csv,cloves,train,train
cloves_5.csv::w5,data\raw\SmellNet\base_data\training\cloves\cloves_5.csv,cloves,train,train
cloves_5.csv::w6,data\raw\SmellNet\base_data\training\cloves\cloves_5.csv,cloves,train,train
cloves_5.csv::w7,data\raw\SmellNet\base_data\training\cloves\cloves_5.csv,cloves,train,train
cloves_5.csv::w8,data\raw\SmellNet\base_data\training\cloves\cloves_5.csv,cloves,train,train
coriander_1.csv::w0,data\raw\SmellNet\base_data\training\coriander\coriander_1.csv,coriander,train,val
coriander_1.csv::w1,data\raw\SmellNet\base_data\training\coriander\coriander_1.csv,coriander,train,val
coriander_1.csv::w2,data\raw\SmellNet\base_data\training\coriander\coriander_1.csv,coriander,train,val
coriander_1.csv::w3,data\raw\SmellNet\base_data\training\coriander\coriander_1.csv,coriander,train,val
coriander_1.csv::w4,data\raw\SmellNet\base_data\training\coriander\coriander_1.csv,coriander,train,val
coriander_1.csv::w5,data\raw\SmellNet\base_data\training\coriander\coriander_1.csv,coriander,train,val
coriander_1.csv::w6,data\raw\SmellNet\base_data\training\coriander\coriander_1.csv,coriander,train,val
coriander_1.csv::w7,data\raw\SmellNet\base_data\training\coriander\coriander_1.csv,coriander,train,val
coriander_1.csv::w8,data\raw\SmellNet\base_data\training\coriander\coriander_1.csv,coriander,train,val
coriander_2.csv::w0,data\raw\SmellNet\base_data\training\coriander\coriander_2.csv,coriander,train,train
coriander_2.csv::w1,data\raw\SmellNet\base_data\training\coriander\coriander_2.csv,coriander,train,train
coriander_2.csv::w2,data\raw\SmellNet\base_data\training\coriander\coriander_2.csv,coriander,train,train
coriander_2.csv::w3,data\raw\SmellNet\base_data\training\coriander\coriander_2.csv,coriander,train,train
coriander_2.csv::w4,data\raw\SmellNet\base_data\training\coriander\coriander_2.csv,coriander,train,train
coriander_2.csv::w5,data\raw\SmellNet\base_data\training\coriander\coriander_2.csv,coriander,train,train
coriander_2.csv::w6,data\raw\SmellNet\base_data\training\coriander\coriander_2.csv,coriander,train,train
coriander_2.csv::w7,data\raw\SmellNet\base_data\training\coriander\coriander_2.csv,coriander,train,train
coriander_2.csv::w8,data\raw\SmellNet\base_data\training\coriander\coriander_2.csv,coriander,train,train
coriander_3.csv::w0,data\raw\SmellNet\base_data\training\coriander\coriander_3.csv,coriander,train,train
coriander_3.csv::w1,data\raw\SmellNet\base_data\training\coriander\coriander_3.csv,coriander,train,train
coriander_3.csv::w2,data\raw\SmellNet\base_data\training\coriander\coriander_3.csv,coriander,train,train
coriander_3.csv::w3,data\raw\SmellNet\base_data\training\coriander\coriander_3.csv,coriander,train,train
coriander_3.csv::w4,data\raw\SmellNet\base_data\training\coriander\coriander_3.csv,coriander,train,train
coriander_3.csv::w5,data\raw\SmellNet\base_data\training\coriander\coriander_3.csv,coriander,train,train
coriander_3.csv::w6,data\raw\SmellNet\base_data\training\coriander\coriander_3.csv,coriander,train,train
coriander_3.csv::w7,data\raw\SmellNet\base_data\training\coriander\coriander_3.csv,coriander,train,train
coriander_3.csv::w8,data\raw\SmellNet\base_data\training\coriander\coriander_3.csv,coriander,train,train
coriander_4.csv::w0,data\raw\SmellNet\base_data\training\coriander\coriander_4.csv,coriander,train,train
coriander_4.csv::w1,data\raw\SmellNet\base_data\training\coriander\coriander_4.csv,coriander,train,train
coriander_4.csv::w2,data\raw\SmellNet\base_data\training\coriander\coriander_4.csv,coriander,train,train
coriander_4.csv::w3,data\raw\SmellNet\base_data\training\coriander\coriander_4.csv,coriander,train,train
coriander_4.csv::w4,data\raw\SmellNet\base_data\training\coriander\coriander_4.csv,coriander,train,train
coriander_4.csv::w5,data\raw\SmellNet\base_data\training\coriander\coriander_4.csv,coriander,train,train
coriander_4.csv::w6,data\raw\SmellNet\base_data\training\coriander\coriander_4.csv,coriander,train,train
coriander_4.csv::w7,data\raw\SmellNet\base_data\training\coriander\coriander_4.csv,coriander,train,train
coriander_4.csv::w8,data\raw\SmellNet\base_data\training\coriander\coriander_4.csv,coriander,train,train
coriander_5.csv::w0,data\raw\SmellNet\base_data\training\coriander\coriander_5.csv,coriander,train,train
coriander_5.csv::w1,data\raw\SmellNet\base_data\training\coriander\coriander_5.csv,coriander,train,train
coriander_5.csv::w2,data\raw\SmellNet\base_data\training\coriander\coriander_5.csv,coriander,train,train
coriander_5.csv::w3,data\raw\SmellNet\base_data\training\coriander\coriander_5.csv,coriander,train,train
coriander_5.csv::w4,data\raw\SmellNet\base_data\training\coriander\coriander_5.csv,coriander,train,train
coriander_5.csv::w5,data\raw\SmellNet\base_data\training\coriander\coriander_5.csv,coriander,train,train
coriander_5.csv::w6,data\raw\SmellNet\base_data\training\coriander\coriander_5.csv,coriander,train,train
coriander_5.csv::w7,data\raw\SmellNet\base_data\training\coriander\coriander_5.csv,coriander,train,train
coriander_5.csv::w8,data\raw\SmellNet\base_data\training\coriander\coriander_5.csv,coriander,train,train
cumin_1.csv::w0,data\raw\SmellNet\base_data\training\cumin\cumin_1.csv,cumin,train,train
cumin_1.csv::w1,data\raw\SmellNet\base_data\training\cumin\cumin_1.csv,cumin,train,train
cumin_1.csv::w2,data\raw\SmellNet\base_data\training\cumin\cumin_1.csv,cumin,train,train
cumin_1.csv::w3,data\raw\SmellNet\base_data\training\cumin\cumin_1.csv,cumin,train,train
cumin_1.csv::w4,data\raw\SmellNet\base_data\training\cumin\cumin_1.csv,cumin,train,train
cumin_1.csv::w5,data\raw\SmellNet\base_data\training\cumin\cumin_1.csv,cumin,train,train
cumin_1.csv::w6,data\raw\SmellNet\base_data\training\cumin\cumin_1.csv,cumin,train,train
cumin_1.csv::w7,data\raw\SmellNet\base_data\training\cumin\cumin_1.csv,cumin,train,train
cumin_1.csv::w8,data\raw\SmellNet\base_data\training\cumin\cumin_1.csv,cumin,train,train
cumin_2.csv::w0,data\raw\SmellNet\base_data\training\cumin\cumin_2.csv,cumin,train,val
cumin_2.csv::w1,data\raw\SmellNet\base_data\training\cumin\cumin_2.csv,cumin,train,val
cumin_2.csv::w2,data\raw\SmellNet\base_data\training\cumin\cumin_2.csv,cumin,train,val
cumin_2.csv::w3,data\raw\SmellNet\base_data\training\cumin\cumin_2.csv,cumin,train,val
cumin_2.csv::w4,data\raw\SmellNet\base_data\training\cumin\cumin_2.csv,cumin,train,val
cumin_2.csv::w5,data\raw\SmellNet\base_data\training\cumin\cumin_2.csv,cumin,train,val
cumin_2.csv::w6,data\raw\SmellNet\base_data\training\cumin\cumin_2.csv,cumin,train,val
cumin_2.csv::w7,data\raw\SmellNet\base_data\training\cumin\cumin_2.csv,cumin,train,val
cumin_2.csv::w8,data\raw\SmellNet\base_data\training\cumin\cumin_2.csv,cumin,train,val
cumin_3.csv::w0,data\raw\SmellNet\base_data\training\cumin\cumin_3.csv,cumin,train,train
cumin_3.csv::w1,data\raw\SmellNet\base_data\training\cumin\cumin_3.csv,cumin,train,train
cumin_3.csv::w2,data\raw\SmellNet\base_data\training\cumin\cumin_3.csv,cumin,train,train
cumin_3.csv::w3,data\raw\SmellNet\base_data\training\cumin\cumin_3.csv,cumin,train,train
cumin_3.csv::w4,data\raw\SmellNet\base_data\training\cumin\cumin_3.csv,cumin,train,train
cumin_3.csv::w5,data\raw\SmellNet\base_data\training\cumin\cumin_3.csv,cumin,train,train
cumin_3.csv::w6,data\raw\SmellNet\base_data\training\cumin\cumin_3.csv,cumin,train,train
cumin_3.csv::w7,data\raw\SmellNet\base_data\training\cumin\cumin_3.csv,cumin,train,train
cumin_3.csv::w8,data\raw\SmellNet\base_data\training\cumin\cumin_3.csv,cumin,train,train
cumin_4.csv::w0,data\raw\SmellNet\base_data\training\cumin\cumin_4.csv,cumin,train,train
cumin_4.csv::w1,data\raw\SmellNet\base_data\training\cumin\cumin_4.csv,cumin,train,train
cumin_4.csv::w2,data\raw\SmellNet\base_data\training\cumin\cumin_4.csv,cumin,train,train
cumin_4.csv::w3,data\raw\SmellNet\base_data\training\cumin\cumin_4.csv,cumin,train,train
cumin_4.csv::w4,data\raw\SmellNet\base_data\training\cumin\cumin_4.csv,cumin,train,train
cumin_4.csv::w5,data\raw\SmellNet\base_data\training\cumin\cumin_4.csv,cumin,train,train
cumin_4.csv::w6,data\raw\SmellNet\base_data\training\cumin\cumin_4.csv,cumin,train,train
cumin_4.csv::w7,data\raw\SmellNet\base_data\training\cumin\cumin_4.csv,cumin,train,train
cumin_4.csv::w8,data\raw\SmellNet\base_data\training\cumin\cumin_4.csv,cumin,train,train
cumin_5.csv::w0,data\raw\SmellNet\base_data\training\cumin\cumin_5.csv,cumin,train,train
cumin_5.csv::w1,data\raw\SmellNet\base_data\training\cumin\cumin_5.csv,cumin,train,train
cumin_5.csv::w2,data\raw\SmellNet\base_data\training\cumin\cumin_5.csv,cumin,train,train
cumin_5.csv::w3,data\raw\SmellNet\base_data\training\cumin\cumin_5.csv,cumin,train,train
cumin_5.csv::w4,data\raw\SmellNet\base_data\training\cumin\cumin_5.csv,cumin,train,train
cumin_5.csv::w5,data\raw\SmellNet\base_data\training\cumin\cumin_5.csv,cumin,train,train
cumin_5.csv::w6,data\raw\SmellNet\base_data\training\cumin\cumin_5.csv,cumin,train,train
cumin_5.csv::w7,data\raw\SmellNet\base_data\training\cumin\cumin_5.csv,cumin,train,train
cumin_5.csv::w8,data\raw\SmellNet\base_data\training\cumin\cumin_5.csv,cumin,train,train
dill_1.csv::w0,data\raw\SmellNet\base_data\training\dill\dill_1.csv,dill,train,train
dill_1.csv::w1,data\raw\SmellNet\base_data\training\dill\dill_1.csv,dill,train,train
dill_1.csv::w2,data\raw\SmellNet\base_data\training\dill\dill_1.csv,dill,train,train
dill_1.csv::w3,data\raw\SmellNet\base_data\training\dill\dill_1.csv,dill,train,train
dill_1.csv::w4,data\raw\SmellNet\base_data\training\dill\dill_1.csv,dill,train,train
dill_1.csv::w5,data\raw\SmellNet\base_data\training\dill\dill_1.csv,dill,train,train
dill_1.csv::w6,data\raw\SmellNet\base_data\training\dill\dill_1.csv,dill,train,train
dill_1.csv::w7,data\raw\SmellNet\base_data\training\dill\dill_1.csv,dill,train,train
dill_1.csv::w8,data\raw\SmellNet\base_data\training\dill\dill_1.csv,dill,train,train
dill_2.csv::w0,data\raw\SmellNet\base_data\training\dill\dill_2.csv,dill,train,train
dill_2.csv::w1,data\raw\SmellNet\base_data\training\dill\dill_2.csv,dill,train,train
dill_2.csv::w2,data\raw\SmellNet\base_data\training\dill\dill_2.csv,dill,train,train
dill_2.csv::w3,data\raw\SmellNet\base_data\training\dill\dill_2.csv,dill,train,train
dill_2.csv::w4,data\raw\SmellNet\base_data\training\dill\dill_2.csv,dill,train,train
dill_2.csv::w5,data\raw\SmellNet\base_data\training\dill\dill_2.csv,dill,train,train
dill_2.csv::w6,data\raw\SmellNet\base_data\training\dill\dill_2.csv,dill,train,train
dill_2.csv::w7,data\raw\SmellNet\base_data\training\dill\dill_2.csv,dill,train,train
dill_2.csv::w8,data\raw\SmellNet\base_data\training\dill\dill_2.csv,dill,train,train
dill_3.csv::w0,data\raw\SmellNet\base_data\training\dill\dill_3.csv,dill,train,train
dill_3.csv::w1,data\raw\SmellNet\base_data\training\dill\dill_3.csv,dill,train,train
dill_3.csv::w2,data\raw\SmellNet\base_data\training\dill\dill_3.csv,dill,train,train
dill_3.csv::w3,data\raw\SmellNet\base_data\training\dill\dill_3.csv,dill,train,train
dill_3.csv::w4,data\raw\SmellNet\base_data\training\dill\dill_3.csv,dill,train,train
dill_3.csv::w5,data\raw\SmellNet\base_data\training\dill\dill_3.csv,dill,train,train
dill_3.csv::w6,data\raw\SmellNet\base_data\training\dill\dill_3.csv,dill,train,train
dill_3.csv::w7,data\raw\SmellNet\base_data\training\dill\dill_3.csv,dill,train,train
dill_3.csv::w8,data\raw\SmellNet\base_data\training\dill\dill_3.csv,dill,train,train
dill_4.csv::w0,data\raw\SmellNet\base_data\training\dill\dill_4.csv,dill,train,train
dill_4.csv::w1,data\raw\SmellNet\base_data\training\dill\dill_4.csv,dill,train,train
dill_4.csv::w2,data\raw\SmellNet\base_data\training\dill\dill_4.csv,dill,train,train
dill_4.csv::w3,data\raw\SmellNet\base_data\training\dill\dill_4.csv,dill,train,train
dill_4.csv::w4,data\raw\SmellNet\base_data\training\dill\dill_4.csv,dill,train,train
dill_4.csv::w5,data\raw\SmellNet\base_data\training\dill\dill_4.csv,dill,train,train
dill_4.csv::w6,data\raw\SmellNet\base_data\training\dill\dill_4.csv,dill,train,train
dill_4.csv::w7,data\raw\SmellNet\base_data\training\dill\dill_4.csv,dill,train,train
dill_4.csv::w8,data\raw\SmellNet\base_data\training\dill\dill_4.csv,dill,train,train
dill_5.csv::w0,data\raw\SmellNet\base_data\training\dill\dill_5.csv,dill,train,val
dill_5.csv::w1,data\raw\SmellNet\base_data\training\dill\dill_5.csv,dill,train,val
dill_5.csv::w2,data\raw\SmellNet\base_data\training\dill\dill_5.csv,dill,train,val
dill_5.csv::w3,data\raw\SmellNet\base_data\training\dill\dill_5.csv,dill,train,val
dill_5.csv::w4,data\raw\SmellNet\base_data\training\dill\dill_5.csv,dill,train,val
dill_5.csv::w5,data\raw\SmellNet\base_data\training\dill\dill_5.csv,dill,train,val
dill_5.csv::w6,data\raw\SmellNet\base_data\training\dill\dill_5.csv,dill,train,val
dill_5.csv::w7,data\raw\SmellNet\base_data\training\dill\dill_5.csv,dill,train,val
dill_5.csv::w8,data\raw\SmellNet\base_data\training\dill\dill_5.csv,dill,train,val
garlic_1.csv::w0,data\raw\SmellNet\base_data\training\garlic\garlic_1.csv,garlic,train,val
garlic_1.csv::w1,data\raw\SmellNet\base_data\training\garlic\garlic_1.csv,garlic,train,val
garlic_1.csv::w2,data\raw\SmellNet\base_data\training\garlic\garlic_1.csv,garlic,train,val
garlic_1.csv::w3,data\raw\SmellNet\base_data\training\garlic\garlic_1.csv,garlic,train,val
garlic_1.csv::w4,data\raw\SmellNet\base_data\training\garlic\garlic_1.csv,garlic,train,val
garlic_1.csv::w5,data\raw\SmellNet\base_data\training\garlic\garlic_1.csv,garlic,train,val
garlic_1.csv::w6,data\raw\SmellNet\base_data\training\garlic\garlic_1.csv,garlic,train,val
garlic_1.csv::w7,data\raw\SmellNet\base_data\training\garlic\garlic_1.csv,garlic,train,val
garlic_1.csv::w8,data\raw\SmellNet\base_data\training\garlic\garlic_1.csv,garlic,train,val
garlic_2.csv::w0,data\raw\SmellNet\base_data\training\garlic\garlic_2.csv,garlic,train,train
garlic_2.csv::w1,data\raw\SmellNet\base_data\training\garlic\garlic_2.csv,garlic,train,train
garlic_2.csv::w2,data\raw\SmellNet\base_data\training\garlic\garlic_2.csv,garlic,train,train
garlic_2.csv::w3,data\raw\SmellNet\base_data\training\garlic\garlic_2.csv,garlic,train,train
garlic_2.csv::w4,data\raw\SmellNet\base_data\training\garlic\garlic_2.csv,garlic,train,train
garlic_2.csv::w5,data\raw\SmellNet\base_data\training\garlic\garlic_2.csv,garlic,train,train
garlic_2.csv::w6,data\raw\SmellNet\base_data\training\garlic\garlic_2.csv,garlic,train,train
garlic_2.csv::w7,data\raw\SmellNet\base_data\training\garlic\garlic_2.csv,garlic,train,train
garlic_2.csv::w8,data\raw\SmellNet\base_data\training\garlic\garlic_2.csv,garlic,train,train
garlic_3.csv::w0,data\raw\SmellNet\base_data\training\garlic\garlic_3.csv,garlic,train,train
garlic_3.csv::w1,data\raw\SmellNet\base_data\training\garlic\garlic_3.csv,garlic,train,train
garlic_3.csv::w2,data\raw\SmellNet\base_data\training\garlic\garlic_3.csv,garlic,train,train
garlic_3.csv::w3,data\raw\SmellNet\base_data\training\garlic\garlic_3.csv,garlic,train,train
garlic_3.csv::w4,data\raw\SmellNet\base_data\training\garlic\garlic_3.csv,garlic,train,train
garlic_3.csv::w5,data\raw\SmellNet\base_data\training\garlic\garlic_3.csv,garlic,train,train
garlic_3.csv::w6,data\raw\SmellNet\base_data\training\garlic\garlic_3.csv,garlic,train,train
garlic_3.csv::w7,data\raw\SmellNet\base_data\training\garlic\garlic_3.csv,garlic,train,train
garlic_3.csv::w8,data\raw\SmellNet\base_data\training\garlic\garlic_3.csv,garlic,train,train
garlic_4.csv::w0,data\raw\SmellNet\base_data\training\garlic\garlic_4.csv,garlic,train,train
garlic_4.csv::w1,data\raw\SmellNet\base_data\training\garlic\garlic_4.csv,garlic,train,train
garlic_4.csv::w2,data\raw\SmellNet\base_data\training\garlic\garlic_4.csv,garlic,train,train
garlic_4.csv::w3,data\raw\SmellNet\base_data\training\garlic\garlic_4.csv,garlic,train,train
garlic_4.csv::w4,data\raw\SmellNet\base_data\training\garlic\garlic_4.csv,garlic,train,train
garlic_4.csv::w5,data\raw\SmellNet\base_data\training\garlic\garlic_4.csv,garlic,train,train
garlic_4.csv::w6,data\raw\SmellNet\base_data\training\garlic\garlic_4.csv,garlic,train,train
garlic_4.csv::w7,data\raw\SmellNet\base_data\training\garlic\garlic_4.csv,garlic,train,train
garlic_4.csv::w8,data\raw\SmellNet\base_data\training\garlic\garlic_4.csv,garlic,train,train
garlic_5.csv::w0,data\raw\SmellNet\base_data\training\garlic\garlic_5.csv,garlic,train,train
garlic_5.csv::w1,data\raw\SmellNet\base_data\training\garlic\garlic_5.csv,garlic,train,train
garlic_5.csv::w2,data\raw\SmellNet\base_data\training\garlic\garlic_5.csv,garlic,train,train
garlic_5.csv::w3,data\raw\SmellNet\base_data\training\garlic\garlic_5.csv,garlic,train,train
garlic_5.csv::w4,data\raw\SmellNet\base_data\training\garlic\garlic_5.csv,garlic,train,train
garlic_5.csv::w5,data\raw\SmellNet\base_data\training\garlic\garlic_5.csv,garlic,train,train
garlic_5.csv::w6,data\raw\SmellNet\base_data\training\garlic\garlic_5.csv,garlic,train,train
garlic_5.csv::w7,data\raw\SmellNet\base_data\training\garlic\garlic_5.csv,garlic,train,train
garlic_5.csv::w8,data\raw\SmellNet\base_data\training\garlic\garlic_5.csv,garlic,train,train
ginger_1.csv::w0,data\raw\SmellNet\base_data\training\ginger\ginger_1.csv,ginger,train,val
ginger_1.csv::w1,data\raw\SmellNet\base_data\training\ginger\ginger_1.csv,ginger,train,val
ginger_1.csv::w2,data\raw\SmellNet\base_data\training\ginger\ginger_1.csv,ginger,train,val
ginger_1.csv::w3,data\raw\SmellNet\base_data\training\ginger\ginger_1.csv,ginger,train,val
ginger_1.csv::w4,data\raw\SmellNet\base_data\training\ginger\ginger_1.csv,ginger,train,val
ginger_1.csv::w5,data\raw\SmellNet\base_data\training\ginger\ginger_1.csv,ginger,train,val
ginger_1.csv::w6,data\raw\SmellNet\base_data\training\ginger\ginger_1.csv,ginger,train,val
ginger_1.csv::w7,data\raw\SmellNet\base_data\training\ginger\ginger_1.csv,ginger,train,val
ginger_1.csv::w8,data\raw\SmellNet\base_data\training\ginger\ginger_1.csv,ginger,train,val
ginger_2.csv::w0,data\raw\SmellNet\base_data\training\ginger\ginger_2.csv,ginger,train,train
ginger_2.csv::w1,data\raw\SmellNet\base_data\training\ginger\ginger_2.csv,ginger,train,train
ginger_2.csv::w2,data\raw\SmellNet\base_data\training\ginger\ginger_2.csv,ginger,train,train
ginger_2.csv::w3,data\raw\SmellNet\base_data\training\ginger\ginger_2.csv,ginger,train,train
ginger_2.csv::w4,data\raw\SmellNet\base_data\training\ginger\ginger_2.csv,ginger,train,train
ginger_2.csv::w5,data\raw\SmellNet\base_data\training\ginger\ginger_2.csv,ginger,train,train
ginger_2.csv::w6,data\raw\SmellNet\base_data\training\ginger\ginger_2.csv,ginger,train,train
ginger_2.csv::w7,data\raw\SmellNet\base_data\training\ginger\ginger_2.csv,ginger,train,train
ginger_2.csv::w8,data\raw\SmellNet\base_data\training\ginger\ginger_2.csv,ginger,train,train
ginger_3.csv::w0,data\raw\SmellNet\base_data\training\ginger\ginger_3.csv,ginger,train,train
ginger_3.csv::w1,data\raw\SmellNet\base_data\training\ginger\ginger_3.csv,ginger,train,train
ginger_3.csv::w2,data\raw\SmellNet\base_data\training\ginger\ginger_3.csv,ginger,train,train
ginger_3.csv::w3,data\raw\SmellNet\base_data\training\ginger\ginger_3.csv,ginger,train,train
ginger_3.csv::w4,data\raw\SmellNet\base_data\training\ginger\ginger_3.csv,ginger,train,train
ginger_3.csv::w5,data\raw\SmellNet\base_data\training\ginger\ginger_3.csv,ginger,train,train
ginger_3.csv::w6,data\raw\SmellNet\base_data\training\ginger\ginger_3.csv,ginger,train,train
ginger_3.csv::w7,data\raw\SmellNet\base_data\training\ginger\ginger_3.csv,ginger,train,train
ginger_3.csv::w8,data\raw\SmellNet\base_data\training\ginger\ginger_3.csv,ginger,train,train
ginger_4.csv::w0,data\raw\SmellNet\base_data\training\ginger\ginger_4.csv,ginger,train,train
ginger_4.csv::w1,data\raw\SmellNet\base_data\training\ginger\ginger_4.csv,ginger,train,train
ginger_4.csv::w2,data\raw\SmellNet\base_data\training\ginger\ginger_4.csv,ginger,train,train
ginger_4.csv::w3,data\raw\SmellNet\base_data\training\ginger\ginger_4.csv,ginger,train,train
ginger_4.csv::w4,data\raw\SmellNet\base_data\training\ginger\ginger_4.csv,ginger,train,train
ginger_4.csv::w5,data\raw\SmellNet\base_data\training\ginger\ginger_4.csv,ginger,train,train
ginger_4.csv::w6,data\raw\SmellNet\base_data\training\ginger\ginger_4.csv,ginger,train,train
ginger_4.csv::w7,data\raw\SmellNet\base_data\training\ginger\ginger_4.csv,ginger,train,train
ginger_4.csv::w8,data\raw\SmellNet\base_data\training\ginger\ginger_4.csv,ginger,train,train
ginger_5.csv::w0,data\raw\SmellNet\base_data\training\ginger\ginger_5.csv,ginger,train,train
ginger_5.csv::w1,data\raw\SmellNet\base_data\training\ginger\ginger_5.csv,ginger,train,train
ginger_5.csv::w2,data\raw\SmellNet\base_data\training\ginger\ginger_5.csv,ginger,train,train
ginger_5.csv::w3,data\raw\SmellNet\base_data\training\ginger\ginger_5.csv,ginger,train,train
ginger_5.csv::w4,data\raw\SmellNet\base_data\training\ginger\ginger_5.csv,ginger,train,train
ginger_5.csv::w5,data\raw\SmellNet\base_data\training\ginger\ginger_5.csv,ginger,train,train
ginger_5.csv::w6,data\raw\SmellNet\base_data\training\ginger\ginger_5.csv,ginger,train,train
ginger_5.csv::w7,data\raw\SmellNet\base_data\training\ginger\ginger_5.csv,ginger,train,train
ginger_5.csv::w8,data\raw\SmellNet\base_data\training\ginger\ginger_5.csv,ginger,train,train
hazelnut_1.csv::w0,data\raw\SmellNet\base_data\training\hazelnut\hazelnut_1.csv,hazelnut,train,train
hazelnut_1.csv::w1,data\raw\SmellNet\base_data\training\hazelnut\hazelnut_1.csv,hazelnut,train,train
hazelnut_1.csv::w2,data\raw\SmellNet\base_data\training\hazelnut\hazelnut_1.csv,hazelnut,train,train
hazelnut_1.csv::w3,data\raw\SmellNet\base_data\training\hazelnut\hazelnut_1.csv,hazelnut,train,train
hazelnut_1.csv::w4,data\raw\SmellNet\base_data\training\hazelnut\hazelnut_1.csv,hazelnut,train,train
hazelnut_1.csv::w5,data\raw\SmellNet\base_data\training\hazelnut\hazelnut_1.csv,hazelnut,train,train
hazelnut_1.csv::w6,data\raw\SmellNet\base_data\training\hazelnut\hazelnut_1.csv,hazelnut,train,train
hazelnut_1.csv::w7,data\raw\SmellNet\base_data\training\hazelnut\hazelnut_1.csv,hazelnut,train,train
hazelnut_1.csv::w8,data\raw\SmellNet\base_data\training\hazelnut\hazelnut_1.csv,hazelnut,train,train
hazelnut_2.csv::w0,data\raw\SmellNet\base_data\training\hazelnut\hazelnut_2.csv,hazelnut,train,train
hazelnut_2.csv::w1,data\raw\SmellNet\base_data\training\hazelnut\hazelnut_2.csv,hazelnut,train,train
hazelnut_2.csv::w2,data\raw\SmellNet\base_data\training\hazelnut\hazelnut_2.csv,hazelnut,train,train
hazelnut_2.csv::w3,data\raw\SmellNet\base_data\training\hazelnut\hazelnut_2.csv,hazelnut,train,train
hazelnut_2.csv::w4,data\raw\SmellNet\base_data\training\hazelnut\hazelnut_2.csv,hazelnut,train,train
hazelnut_2.csv::w5,data\raw\SmellNet\base_data\training\hazelnut\hazelnut_2.csv,hazelnut,train,train
hazelnut_2.csv::w6,data\raw\SmellNet\base_data\training\hazelnut\hazelnut_2.csv,hazelnut,train,train
hazelnut_2.csv::w7,data\raw\SmellNet\base_data\training\hazelnut\hazelnut_2.csv,hazelnut,train,train
hazelnut_2.csv::w8,data\raw\SmellNet\base_data\training\hazelnut\hazelnut_2.csv,hazelnut,train,train
hazelnut_3.csv::w0,data\raw\SmellNet\base_data\training\hazelnut\hazelnut_3.csv,hazelnut,train,train
hazelnut_3.csv::w1,data\raw\SmellNet\base_data\training\hazelnut\hazelnut_3.csv,hazelnut,train,train
hazelnut_3.csv::w2,data\raw\SmellNet\base_data\training\hazelnut\hazelnut_3.csv,hazelnut,train,train
hazelnut_3.csv::w3,data\raw\SmellNet\base_data\training\hazelnut\hazelnut_3.csv,hazelnut,train,train
hazelnut_3.csv::w4,data\raw\SmellNet\base_data\training\hazelnut\hazelnut_3.csv,hazelnut,train,train
hazelnut_3.csv::w5,data\raw\SmellNet\base_data\training\hazelnut\hazelnut_3.csv,hazelnut,train,train
hazelnut_3.csv::w6,data\raw\SmellNet\base_data\training\hazelnut\hazelnut_3.csv,hazelnut,train,train
hazelnut_3.csv::w7,data\raw\SmellNet\base_data\training\hazelnut\hazelnut_3.csv,hazelnut,train,train
hazelnut_3.csv::w8,data\raw\SmellNet\base_data\training\hazelnut\hazelnut_3.csv,hazelnut,train,train
hazelnut_4.csv::w0,data\raw\SmellNet\base_data\training\hazelnut\hazelnut_4.csv,hazelnut,train,train
hazelnut_4.csv::w1,data\raw\SmellNet\base_data\training\hazelnut\hazelnut_4.csv,hazelnut,train,train
hazelnut_4.csv::w2,data\raw\SmellNet\base_data\training\hazelnut\hazelnut_4.csv,hazelnut,train,train
hazelnut_4.csv::w3,data\raw\SmellNet\base_data\training\hazelnut\hazelnut_4.csv,hazelnut,train,train
hazelnut_4.csv::w4,data\raw\SmellNet\base_data\training\hazelnut\hazelnut_4.csv,hazelnut,train,train
hazelnut_4.csv::w5,data\raw\SmellNet\base_data\training\hazelnut\hazelnut_4.csv,hazelnut,train,train
hazelnut_4.csv::w6,data\raw\SmellNet\base_data\training\hazelnut\hazelnut_4.csv,hazelnut,train,train
hazelnut_4.csv::w7,data\raw\SmellNet\base_data\training\hazelnut\hazelnut_4.csv,hazelnut,train,train
hazelnut_4.csv::w8,data\raw\SmellNet\base_data\training\hazelnut\hazelnut_4.csv,hazelnut,train,train
hazelnut_5.csv::w0,data\raw\SmellNet\base_data\training\hazelnut\hazelnut_5.csv,hazelnut,train,val
hazelnut_5.csv::w1,data\raw\SmellNet\base_data\training\hazelnut\hazelnut_5.csv,hazelnut,train,val
hazelnut_5.csv::w2,data\raw\SmellNet\base_data\training\hazelnut\hazelnut_5.csv,hazelnut,train,val
hazelnut_5.csv::w3,data\raw\SmellNet\base_data\training\hazelnut\hazelnut_5.csv,hazelnut,train,val
hazelnut_5.csv::w4,data\raw\SmellNet\base_data\training\hazelnut\hazelnut_5.csv,hazelnut,train,val
hazelnut_5.csv::w5,data\raw\SmellNet\base_data\training\hazelnut\hazelnut_5.csv,hazelnut,train,val
hazelnut_5.csv::w6,data\raw\SmellNet\base_data\training\hazelnut\hazelnut_5.csv,hazelnut,train,val
hazelnut_5.csv::w7,data\raw\SmellNet\base_data\training\hazelnut\hazelnut_5.csv,hazelnut,train,val
hazelnut_5.csv::w8,data\raw\SmellNet\base_data\training\hazelnut\hazelnut_5.csv,hazelnut,train,val
kiwi_1.csv::w0,data\raw\SmellNet\base_data\training\kiwi\kiwi_1.csv,kiwi,train,val
kiwi_1.csv::w1,data\raw\SmellNet\base_data\training\kiwi\kiwi_1.csv,kiwi,train,val
kiwi_1.csv::w2,data\raw\SmellNet\base_data\training\kiwi\kiwi_1.csv,kiwi,train,val
kiwi_1.csv::w3,data\raw\SmellNet\base_data\training\kiwi\kiwi_1.csv,kiwi,train,val
kiwi_1.csv::w4,data\raw\SmellNet\base_data\training\kiwi\kiwi_1.csv,kiwi,train,val
kiwi_1.csv::w5,data\raw\SmellNet\base_data\training\kiwi\kiwi_1.csv,kiwi,train,val
kiwi_1.csv::w6,data\raw\SmellNet\base_data\training\kiwi\kiwi_1.csv,kiwi,train,val
kiwi_1.csv::w7,data\raw\SmellNet\base_data\training\kiwi\kiwi_1.csv,kiwi,train,val
kiwi_1.csv::w8,data\raw\SmellNet\base_data\training\kiwi\kiwi_1.csv,kiwi,train,val
kiwi_2.csv::w0,data\raw\SmellNet\base_data\training\kiwi\kiwi_2.csv,kiwi,train,train
kiwi_2.csv::w1,data\raw\SmellNet\base_data\training\kiwi\kiwi_2.csv,kiwi,train,train
kiwi_2.csv::w2,data\raw\SmellNet\base_data\training\kiwi\kiwi_2.csv,kiwi,train,train
kiwi_2.csv::w3,data\raw\SmellNet\base_data\training\kiwi\kiwi_2.csv,kiwi,train,train
kiwi_2.csv::w4,data\raw\SmellNet\base_data\training\kiwi\kiwi_2.csv,kiwi,train,train
kiwi_2.csv::w5,data\raw\SmellNet\base_data\training\kiwi\kiwi_2.csv,kiwi,train,train
kiwi_2.csv::w6,data\raw\SmellNet\base_data\training\kiwi\kiwi_2.csv,kiwi,train,train
kiwi_2.csv::w7,data\raw\SmellNet\base_data\training\kiwi\kiwi_2.csv,kiwi,train,train
kiwi_2.csv::w8,data\raw\SmellNet\base_data\training\kiwi\kiwi_2.csv,kiwi,train,train
kiwi_3.csv::w0,data\raw\SmellNet\base_data\training\kiwi\kiwi_3.csv,kiwi,train,train
kiwi_3.csv::w1,data\raw\SmellNet\base_data\training\kiwi\kiwi_3.csv,kiwi,train,train
kiwi_3.csv::w2,data\raw\SmellNet\base_data\training\kiwi\kiwi_3.csv,kiwi,train,train
kiwi_3.csv::w3,data\raw\SmellNet\base_data\training\kiwi\kiwi_3.csv,kiwi,train,train
kiwi_3.csv::w4,data\raw\SmellNet\base_data\training\kiwi\kiwi_3.csv,kiwi,train,train
kiwi_3.csv::w5,data\raw\SmellNet\base_data\training\kiwi\kiwi_3.csv,kiwi,train,train
kiwi_3.csv::w6,data\raw\SmellNet\base_data\training\kiwi\kiwi_3.csv,kiwi,train,train
kiwi_3.csv::w7,data\raw\SmellNet\base_data\training\kiwi\kiwi_3.csv,kiwi,train,train
kiwi_3.csv::w8,data\raw\SmellNet\base_data\training\kiwi\kiwi_3.csv,kiwi,train,train
kiwi_4.csv::w0,data\raw\SmellNet\base_data\training\kiwi\kiwi_4.csv,kiwi,train,train
kiwi_4.csv::w1,data\raw\SmellNet\base_data\training\kiwi\kiwi_4.csv,kiwi,train,train
kiwi_4.csv::w2,data\raw\SmellNet\base_data\training\kiwi\kiwi_4.csv,kiwi,train,train
kiwi_4.csv::w3,data\raw\SmellNet\base_data\training\kiwi\kiwi_4.csv,kiwi,train,train
kiwi_4.csv::w4,data\raw\SmellNet\base_data\training\kiwi\kiwi_4.csv,kiwi,train,train
kiwi_4.csv::w5,data\raw\SmellNet\base_data\training\kiwi\kiwi_4.csv,kiwi,train,train
kiwi_4.csv::w6,data\raw\SmellNet\base_data\training\kiwi\kiwi_4.csv,kiwi,train,train
kiwi_4.csv::w7,data\raw\SmellNet\base_data\training\kiwi\kiwi_4.csv,kiwi,train,train
kiwi_4.csv::w8,data\raw\SmellNet\base_data\training\kiwi\kiwi_4.csv,kiwi,train,train
kiwi_5.csv::w0,data\raw\SmellNet\base_data\training\kiwi\kiwi_5.csv,kiwi,train,train
kiwi_5.csv::w1,data\raw\SmellNet\base_data\training\kiwi\kiwi_5.csv,kiwi,train,train
kiwi_5.csv::w2,data\raw\SmellNet\base_data\training\kiwi\kiwi_5.csv,kiwi,train,train
kiwi_5.csv::w3,data\raw\SmellNet\base_data\training\kiwi\kiwi_5.csv,kiwi,train,train
kiwi_5.csv::w4,data\raw\SmellNet\base_data\training\kiwi\kiwi_5.csv,kiwi,train,train
kiwi_5.csv::w5,data\raw\SmellNet\base_data\training\kiwi\kiwi_5.csv,kiwi,train,train
kiwi_5.csv::w6,data\raw\SmellNet\base_data\training\kiwi\kiwi_5.csv,kiwi,train,train
kiwi_5.csv::w7,data\raw\SmellNet\base_data\training\kiwi\kiwi_5.csv,kiwi,train,train
kiwi_5.csv::w8,data\raw\SmellNet\base_data\training\kiwi\kiwi_5.csv,kiwi,train,train
lemon_1.csv::w0,data\raw\SmellNet\base_data\training\lemon\lemon_1.csv,lemon,train,val
lemon_1.csv::w1,data\raw\SmellNet\base_data\training\lemon\lemon_1.csv,lemon,train,val
lemon_1.csv::w2,data\raw\SmellNet\base_data\training\lemon\lemon_1.csv,lemon,train,val
lemon_1.csv::w3,data\raw\SmellNet\base_data\training\lemon\lemon_1.csv,lemon,train,val
lemon_1.csv::w4,data\raw\SmellNet\base_data\training\lemon\lemon_1.csv,lemon,train,val
lemon_1.csv::w5,data\raw\SmellNet\base_data\training\lemon\lemon_1.csv,lemon,train,val
lemon_1.csv::w6,data\raw\SmellNet\base_data\training\lemon\lemon_1.csv,lemon,train,val
lemon_1.csv::w7,data\raw\SmellNet\base_data\training\lemon\lemon_1.csv,lemon,train,val
lemon_1.csv::w8,data\raw\SmellNet\base_data\training\lemon\lemon_1.csv,lemon,train,val
lemon_2.csv::w0,data\raw\SmellNet\base_data\training\lemon\lemon_2.csv,lemon,train,train
lemon_2.csv::w1,data\raw\SmellNet\base_data\training\lemon\lemon_2.csv,lemon,train,train
lemon_2.csv::w2,data\raw\SmellNet\base_data\training\lemon\lemon_2.csv,lemon,train,train
lemon_2.csv::w3,data\raw\SmellNet\base_data\training\lemon\lemon_2.csv,lemon,train,train
lemon_2.csv::w4,data\raw\SmellNet\base_data\training\lemon\lemon_2.csv,lemon,train,train
lemon_2.csv::w5,data\raw\SmellNet\base_data\training\lemon\lemon_2.csv,lemon,train,train
lemon_2.csv::w6,data\raw\SmellNet\base_data\training\lemon\lemon_2.csv,lemon,train,train
lemon_2.csv::w7,data\raw\SmellNet\base_data\training\lemon\lemon_2.csv,lemon,train,train
lemon_2.csv::w8,data\raw\SmellNet\base_data\training\lemon\lemon_2.csv,lemon,train,train
lemon_3.csv::w0,data\raw\SmellNet\base_data\training\lemon\lemon_3.csv,lemon,train,train
lemon_3.csv::w1,data\raw\SmellNet\base_data\training\lemon\lemon_3.csv,lemon,train,train
lemon_3.csv::w2,data\raw\SmellNet\base_data\training\lemon\lemon_3.csv,lemon,train,train
lemon_3.csv::w3,data\raw\SmellNet\base_data\training\lemon\lemon_3.csv,lemon,train,train
lemon_3.csv::w4,data\raw\SmellNet\base_data\training\lemon\lemon_3.csv,lemon,train,train
lemon_3.csv::w5,data\raw\SmellNet\base_data\training\lemon\lemon_3.csv,lemon,train,train
lemon_3.csv::w6,data\raw\SmellNet\base_data\training\lemon\lemon_3.csv,lemon,train,train
lemon_3.csv::w7,data\raw\SmellNet\base_data\training\lemon\lemon_3.csv,lemon,train,train
lemon_3.csv::w8,data\raw\SmellNet\base_data\training\lemon\lemon_3.csv,lemon,train,train
lemon_4.csv::w0,data\raw\SmellNet\base_data\training\lemon\lemon_4.csv,lemon,train,train
lemon_4.csv::w1,data\raw\SmellNet\base_data\training\lemon\lemon_4.csv,lemon,train,train
lemon_4.csv::w2,data\raw\SmellNet\base_data\training\lemon\lemon_4.csv,lemon,train,train
lemon_4.csv::w3,data\raw\SmellNet\base_data\training\lemon\lemon_4.csv,lemon,train,train
lemon_4.csv::w4,data\raw\SmellNet\base_data\training\lemon\lemon_4.csv,lemon,train,train
lemon_4.csv::w5,data\raw\SmellNet\base_data\training\lemon\lemon_4.csv,lemon,train,train
lemon_4.csv::w6,data\raw\SmellNet\base_data\training\lemon\lemon_4.csv,lemon,train,train
lemon_4.csv::w7,data\raw\SmellNet\base_data\training\lemon\lemon_4.csv,lemon,train,train
lemon_4.csv::w8,data\raw\SmellNet\base_data\training\lemon\lemon_4.csv,lemon,train,train
lemon_5.csv::w0,data\raw\SmellNet\base_data\training\lemon\lemon_5.csv,lemon,train,train
lemon_5.csv::w1,data\raw\SmellNet\base_data\training\lemon\lemon_5.csv,lemon,train,train
lemon_5.csv::w2,data\raw\SmellNet\base_data\training\lemon\lemon_5.csv,lemon,train,train
lemon_5.csv::w3,data\raw\SmellNet\base_data\training\lemon\lemon_5.csv,lemon,train,train
lemon_5.csv::w4,data\raw\SmellNet\base_data\training\lemon\lemon_5.csv,lemon,train,train
lemon_5.csv::w5,data\raw\SmellNet\base_data\training\lemon\lemon_5.csv,lemon,train,train
lemon_5.csv::w6,data\raw\SmellNet\base_data\training\lemon\lemon_5.csv,lemon,train,train
lemon_5.csv::w7,data\raw\SmellNet\base_data\training\lemon\lemon_5.csv,lemon,train,train
lemon_5.csv::w8,data\raw\SmellNet\base_data\training\lemon\lemon_5.csv,lemon,train,train
mandarin_orange_1.csv::w0,data\raw\SmellNet\base_data\training\mandarin_orange\mandarin_orange_1.csv,mandarin_orange,train,train
mandarin_orange_1.csv::w1,data\raw\SmellNet\base_data\training\mandarin_orange\mandarin_orange_1.csv,mandarin_orange,train,train
mandarin_orange_1.csv::w2,data\raw\SmellNet\base_data\training\mandarin_orange\mandarin_orange_1.csv,mandarin_orange,train,train
mandarin_orange_1.csv::w3,data\raw\SmellNet\base_data\training\mandarin_orange\mandarin_orange_1.csv,mandarin_orange,train,train
mandarin_orange_1.csv::w4,data\raw\SmellNet\base_data\training\mandarin_orange\mandarin_orange_1.csv,mandarin_orange,train,train
mandarin_orange_1.csv::w5,data\raw\SmellNet\base_data\training\mandarin_orange\mandarin_orange_1.csv,mandarin_orange,train,train
mandarin_orange_1.csv::w6,data\raw\SmellNet\base_data\training\mandarin_orange\mandarin_orange_1.csv,mandarin_orange,train,train
mandarin_orange_1.csv::w7,data\raw\SmellNet\base_data\training\mandarin_orange\mandarin_orange_1.csv,mandarin_orange,train,train
mandarin_orange_1.csv::w8,data\raw\SmellNet\base_data\training\mandarin_orange\mandarin_orange_1.csv,mandarin_orange,train,train
mandarin_orange_2.csv::w0,data\raw\SmellNet\base_data\training\mandarin_orange\mandarin_orange_2.csv,mandarin_orange,train,val
mandarin_orange_2.csv::w1,data\raw\SmellNet\base_data\training\mandarin_orange\mandarin_orange_2.csv,mandarin_orange,train,val
mandarin_orange_2.csv::w2,data\raw\SmellNet\base_data\training\mandarin_orange\mandarin_orange_2.csv,mandarin_orange,train,val
mandarin_orange_2.csv::w3,data\raw\SmellNet\base_data\training\mandarin_orange\mandarin_orange_2.csv,mandarin_orange,train,val
mandarin_orange_2.csv::w4,data\raw\SmellNet\base_data\training\mandarin_orange\mandarin_orange_2.csv,mandarin_orange,train,val
mandarin_orange_2.csv::w5,data\raw\SmellNet\base_data\training\mandarin_orange\mandarin_orange_2.csv,mandarin_orange,train,val
mandarin_orange_2.csv::w6,data\raw\SmellNet\base_data\training\mandarin_orange\mandarin_orange_2.csv,mandarin_orange,train,val
mandarin_orange_2.csv::w7,data\raw\SmellNet\base_data\training\mandarin_orange\mandarin_orange_2.csv,mandarin_orange,train,val
mandarin_orange_2.csv::w8,data\raw\SmellNet\base_data\training\mandarin_orange\mandarin_orange_2.csv,mandarin_orange,train,val
mandarin_orange_3.csv::w0,data\raw\SmellNet\base_data\training\mandarin_orange\mandarin_orange_3.csv,mandarin_orange,train,train
mandarin_orange_3.csv::w1,data\raw\SmellNet\base_data\training\mandarin_orange\mandarin_orange_3.csv,mandarin_orange,train,train
mandarin_orange_3.csv::w2,data\raw\SmellNet\base_data\training\mandarin_orange\mandarin_orange_3.csv,mandarin_orange,train,train
mandarin_orange_3.csv::w3,data\raw\SmellNet\base_data\training\mandarin_orange\mandarin_orange_3.csv,mandarin_orange,train,train
mandarin_orange_3.csv::w4,data\raw\SmellNet\base_data\training\mandarin_orange\mandarin_orange_3.csv,mandarin_orange,train,train
mandarin_orange_3.csv::w5,data\raw\SmellNet\base_data\training\mandarin_orange\mandarin_orange_3.csv,mandarin_orange,train,train
mandarin_orange_3.csv::w6,data\raw\SmellNet\base_data\training\mandarin_orange\mandarin_orange_3.csv,mandarin_orange,train,train
mandarin_orange_3.csv::w7,data\raw\SmellNet\base_data\training\mandarin_orange\mandarin_orange_3.csv,mandarin_orange,train,train
mandarin_orange_3.csv::w8,data\raw\SmellNet\base_data\training\mandarin_orange\mandarin_orange_3.csv,mandarin_orange,train,train
mandarin_orange_4.csv::w0,data\raw\SmellNet\base_data\training\mandarin_orange\mandarin_orange_4.csv,mandarin_orange,train,train
mandarin_orange_4.csv::w1,data\raw\SmellNet\base_data\training\mandarin_orange\mandarin_orange_4.csv,mandarin_orange,train,train
mandarin_orange_4.csv::w2,data\raw\SmellNet\base_data\training\mandarin_orange\mandarin_orange_4.csv,mandarin_orange,train,train
mandarin_orange_4.csv::w3,data\raw\SmellNet\base_data\training\mandarin_orange\mandarin_orange_4.csv,mandarin_orange,train,train
mandarin_orange_4.csv::w4,data\raw\SmellNet\base_data\training\mandarin_orange\mandarin_orange_4.csv,mandarin_orange,train,train
mandarin_orange_4.csv::w5,data\raw\SmellNet\base_data\training\mandarin_orange\mandarin_orange_4.csv,mandarin_orange,train,train
mandarin_orange_4.csv::w6,data\raw\SmellNet\base_data\training\mandarin_orange\mandarin_orange_4.csv,mandarin_orange,train,train
mandarin_orange_4.csv::w7,data\raw\SmellNet\base_data\training\mandarin_orange\mandarin_orange_4.csv,mandarin_orange,train,train
mandarin_orange_4.csv::w8,data\raw\SmellNet\base_data\training\mandarin_orange\mandarin_orange_4.csv,mandarin_orange,train,train
mandarin_orange_5.csv::w0,data\raw\SmellNet\base_data\training\mandarin_orange\mandarin_orange_5.csv,mandarin_orange,train,train
mandarin_orange_5.csv::w1,data\raw\SmellNet\base_data\training\mandarin_orange\mandarin_orange_5.csv,mandarin_orange,train,train
mandarin_orange_5.csv::w2,data\raw\SmellNet\base_data\training\mandarin_orange\mandarin_orange_5.csv,mandarin_orange,train,train
mandarin_orange_5.csv::w3,data\raw\SmellNet\base_data\training\mandarin_orange\mandarin_orange_5.csv,mandarin_orange,train,train
mandarin_orange_5.csv::w4,data\raw\SmellNet\base_data\training\mandarin_orange\mandarin_orange_5.csv,mandarin_orange,train,train
mandarin_orange_5.csv::w5,data\raw\SmellNet\base_data\training\mandarin_orange\mandarin_orange_5.csv,mandarin_orange,train,train
mandarin_orange_5.csv::w6,data\raw\SmellNet\base_data\training\mandarin_orange\mandarin_orange_5.csv,mandarin_orange,train,train
mandarin_orange_5.csv::w7,data\raw\SmellNet\base_data\training\mandarin_orange\mandarin_orange_5.csv,mandarin_orange,train,train
mandarin_orange_5.csv::w8,data\raw\SmellNet\base_data\training\mandarin_orange\mandarin_orange_5.csv,mandarin_orange,train,train
mango_1.csv::w0,data\raw\SmellNet\base_data\training\mango\mango_1.csv,mango,train,train
mango_1.csv::w1,data\raw\SmellNet\base_data\training\mango\mango_1.csv,mango,train,train
mango_1.csv::w2,data\raw\SmellNet\base_data\training\mango\mango_1.csv,mango,train,train
mango_1.csv::w3,data\raw\SmellNet\base_data\training\mango\mango_1.csv,mango,train,train
mango_1.csv::w4,data\raw\SmellNet\base_data\training\mango\mango_1.csv,mango,train,train
mango_1.csv::w5,data\raw\SmellNet\base_data\training\mango\mango_1.csv,mango,train,train
mango_1.csv::w6,data\raw\SmellNet\base_data\training\mango\mango_1.csv,mango,train,train
mango_1.csv::w7,data\raw\SmellNet\base_data\training\mango\mango_1.csv,mango,train,train
mango_1.csv::w8,data\raw\SmellNet\base_data\training\mango\mango_1.csv,mango,train,train
mango_2.csv::w0,data\raw\SmellNet\base_data\training\mango\mango_2.csv,mango,train,train
mango_2.csv::w1,data\raw\SmellNet\base_data\training\mango\mango_2.csv,mango,train,train
mango_2.csv::w2,data\raw\SmellNet\base_data\training\mango\mango_2.csv,mango,train,train
mango_2.csv::w3,data\raw\SmellNet\base_data\training\mango\mango_2.csv,mango,train,train
mango_2.csv::w4,data\raw\SmellNet\base_data\training\mango\mango_2.csv,mango,train,train
mango_2.csv::w5,data\raw\SmellNet\base_data\training\mango\mango_2.csv,mango,train,train
mango_2.csv::w6,data\raw\SmellNet\base_data\training\mango\mango_2.csv,mango,train,train
mango_2.csv::w7,data\raw\SmellNet\base_data\training\mango\mango_2.csv,mango,train,train
mango_2.csv::w8,data\raw\SmellNet\base_data\training\mango\mango_2.csv,mango,train,train
mango_3.csv::w0,data\raw\SmellNet\base_data\training\mango\mango_3.csv,mango,train,train
mango_3.csv::w1,data\raw\SmellNet\base_data\training\mango\mango_3.csv,mango,train,train
mango_3.csv::w2,data\raw\SmellNet\base_data\training\mango\mango_3.csv,mango,train,train
mango_3.csv::w3,data\raw\SmellNet\base_data\training\mango\mango_3.csv,mango,train,train
mango_3.csv::w4,data\raw\SmellNet\base_data\training\mango\mango_3.csv,mango,train,train
mango_3.csv::w5,data\raw\SmellNet\base_data\training\mango\mango_3.csv,mango,train,train
mango_3.csv::w6,data\raw\SmellNet\base_data\training\mango\mango_3.csv,mango,train,train
mango_3.csv::w7,data\raw\SmellNet\base_data\training\mango\mango_3.csv,mango,train,train
mango_3.csv::w8,data\raw\SmellNet\base_data\training\mango\mango_3.csv,mango,train,train
mango_4.csv::w0,data\raw\SmellNet\base_data\training\mango\mango_4.csv,mango,train,val
mango_4.csv::w1,data\raw\SmellNet\base_data\training\mango\mango_4.csv,mango,train,val
mango_4.csv::w2,data\raw\SmellNet\base_data\training\mango\mango_4.csv,mango,train,val
mango_4.csv::w3,data\raw\SmellNet\base_data\training\mango\mango_4.csv,mango,train,val
mango_4.csv::w4,data\raw\SmellNet\base_data\training\mango\mango_4.csv,mango,train,val
mango_4.csv::w5,data\raw\SmellNet\base_data\training\mango\mango_4.csv,mango,train,val
mango_4.csv::w6,data\raw\SmellNet\base_data\training\mango\mango_4.csv,mango,train,val
mango_4.csv::w7,data\raw\SmellNet\base_data\training\mango\mango_4.csv,mango,train,val
mango_4.csv::w8,data\raw\SmellNet\base_data\training\mango\mango_4.csv,mango,train,val
mango_5.csv::w0,data\raw\SmellNet\base_data\training\mango\mango_5.csv,mango,train,train
mango_5.csv::w1,data\raw\SmellNet\base_data\training\mango\mango_5.csv,mango,train,train
mango_5.csv::w2,data\raw\SmellNet\base_data\training\mango\mango_5.csv,mango,train,train
mango_5.csv::w3,data\raw\SmellNet\base_data\training\mango\mango_5.csv,mango,train,train
mango_5.csv::w4,data\raw\SmellNet\base_data\training\mango\mango_5.csv,mango,train,train
mango_5.csv::w5,data\raw\SmellNet\base_data\training\mango\mango_5.csv,mango,train,train
mango_5.csv::w6,data\raw\SmellNet\base_data\training\mango\mango_5.csv,mango,train,train
mango_5.csv::w7,data\raw\SmellNet\base_data\training\mango\mango_5.csv,mango,train,train
mango_5.csv::w8,data\raw\SmellNet\base_data\training\mango\mango_5.csv,mango,train,train
mint_1.csv::w0,data\raw\SmellNet\base_data\training\mint\mint_1.csv,mint,train,val
mint_1.csv::w1,data\raw\SmellNet\base_data\training\mint\mint_1.csv,mint,train,val
mint_1.csv::w2,data\raw\SmellNet\base_data\training\mint\mint_1.csv,mint,train,val
mint_1.csv::w3,data\raw\SmellNet\base_data\training\mint\mint_1.csv,mint,train,val
mint_1.csv::w4,data\raw\SmellNet\base_data\training\mint\mint_1.csv,mint,train,val
mint_1.csv::w5,data\raw\SmellNet\base_data\training\mint\mint_1.csv,mint,train,val
mint_1.csv::w6,data\raw\SmellNet\base_data\training\mint\mint_1.csv,mint,train,val
mint_1.csv::w7,data\raw\SmellNet\base_data\training\mint\mint_1.csv,mint,train,val
mint_1.csv::w8,data\raw\SmellNet\base_data\training\mint\mint_1.csv,mint,train,val
mint_2.csv::w0,data\raw\SmellNet\base_data\training\mint\mint_2.csv,mint,train,train
mint_2.csv::w1,data\raw\SmellNet\base_data\training\mint\mint_2.csv,mint,train,train
mint_2.csv::w2,data\raw\SmellNet\base_data\training\mint\mint_2.csv,mint,train,train
mint_2.csv::w3,data\raw\SmellNet\base_data\training\mint\mint_2.csv,mint,train,train
mint_2.csv::w4,data\raw\SmellNet\base_data\training\mint\mint_2.csv,mint,train,train
mint_2.csv::w5,data\raw\SmellNet\base_data\training\mint\mint_2.csv,mint,train,train
mint_2.csv::w6,data\raw\SmellNet\base_data\training\mint\mint_2.csv,mint,train,train
mint_2.csv::w7,data\raw\SmellNet\base_data\training\mint\mint_2.csv,mint,train,train
mint_2.csv::w8,data\raw\SmellNet\base_data\training\mint\mint_2.csv,mint,train,train
mint_3.csv::w0,data\raw\SmellNet\base_data\training\mint\mint_3.csv,mint,train,train
mint_3.csv::w1,data\raw\SmellNet\base_data\training\mint\mint_3.csv,mint,train,train
mint_3.csv::w2,data\raw\SmellNet\base_data\training\mint\mint_3.csv,mint,train,train
mint_3.csv::w3,data\raw\SmellNet\base_data\training\mint\mint_3.csv,mint,train,train
mint_3.csv::w4,data\raw\SmellNet\base_data\training\mint\mint_3.csv,mint,train,train
mint_3.csv::w5,data\raw\SmellNet\base_data\training\mint\mint_3.csv,mint,train,train
mint_3.csv::w6,data\raw\SmellNet\base_data\training\mint\mint_3.csv,mint,train,train
mint_3.csv::w7,data\raw\SmellNet\base_data\training\mint\mint_3.csv,mint,train,train
mint_3.csv::w8,data\raw\SmellNet\base_data\training\mint\mint_3.csv,mint,train,train
mint_4.csv::w0,data\raw\SmellNet\base_data\training\mint\mint_4.csv,mint,train,train
mint_4.csv::w1,data\raw\SmellNet\base_data\training\mint\mint_4.csv,mint,train,train
mint_4.csv::w2,data\raw\SmellNet\base_data\training\mint\mint_4.csv,mint,train,train
mint_4.csv::w3,data\raw\SmellNet\base_data\training\mint\mint_4.csv,mint,train,train
mint_4.csv::w4,data\raw\SmellNet\base_data\training\mint\mint_4.csv,mint,train,train
mint_4.csv::w5,data\raw\SmellNet\base_data\training\mint\mint_4.csv,mint,train,train
mint_4.csv::w6,data\raw\SmellNet\base_data\training\mint\mint_4.csv,mint,train,train
mint_4.csv::w7,data\raw\SmellNet\base_data\training\mint\mint_4.csv,mint,train,train
mint_4.csv::w8,data\raw\SmellNet\base_data\training\mint\mint_4.csv,mint,train,train
mint_5.csv::w0,data\raw\SmellNet\base_data\training\mint\mint_5.csv,mint,train,train
mint_5.csv::w1,data\raw\SmellNet\base_data\training\mint\mint_5.csv,mint,train,train
mint_5.csv::w2,data\raw\SmellNet\base_data\training\mint\mint_5.csv,mint,train,train
mint_5.csv::w3,data\raw\SmellNet\base_data\training\mint\mint_5.csv,mint,train,train
mint_5.csv::w4,data\raw\SmellNet\base_data\training\mint\mint_5.csv,mint,train,train
mint_5.csv::w5,data\raw\SmellNet\base_data\training\mint\mint_5.csv,mint,train,train
mint_5.csv::w6,data\raw\SmellNet\base_data\training\mint\mint_5.csv,mint,train,train
mint_5.csv::w7,data\raw\SmellNet\base_data\training\mint\mint_5.csv,mint,train,train
mint_5.csv::w8,data\raw\SmellNet\base_data\training\mint\mint_5.csv,mint,train,train
mugwort_1.csv::w0,data\raw\SmellNet\base_data\training\mugwort\mugwort_1.csv,mugwort,train,train
mugwort_1.csv::w1,data\raw\SmellNet\base_data\training\mugwort\mugwort_1.csv,mugwort,train,train
mugwort_1.csv::w2,data\raw\SmellNet\base_data\training\mugwort\mugwort_1.csv,mugwort,train,train
mugwort_1.csv::w3,data\raw\SmellNet\base_data\training\mugwort\mugwort_1.csv,mugwort,train,train
mugwort_1.csv::w4,data\raw\SmellNet\base_data\training\mugwort\mugwort_1.csv,mugwort,train,train
mugwort_1.csv::w5,data\raw\SmellNet\base_data\training\mugwort\mugwort_1.csv,mugwort,train,train
mugwort_1.csv::w6,data\raw\SmellNet\base_data\training\mugwort\mugwort_1.csv,mugwort,train,train
mugwort_1.csv::w7,data\raw\SmellNet\base_data\training\mugwort\mugwort_1.csv,mugwort,train,train
mugwort_1.csv::w8,data\raw\SmellNet\base_data\training\mugwort\mugwort_1.csv,mugwort,train,train
mugwort_2.csv::w0,data\raw\SmellNet\base_data\training\mugwort\mugwort_2.csv,mugwort,train,train
mugwort_2.csv::w1,data\raw\SmellNet\base_data\training\mugwort\mugwort_2.csv,mugwort,train,train
mugwort_2.csv::w2,data\raw\SmellNet\base_data\training\mugwort\mugwort_2.csv,mugwort,train,train
mugwort_2.csv::w3,data\raw\SmellNet\base_data\training\mugwort\mugwort_2.csv,mugwort,train,train
mugwort_2.csv::w4,data\raw\SmellNet\base_data\training\mugwort\mugwort_2.csv,mugwort,train,train
mugwort_2.csv::w5,data\raw\SmellNet\base_data\training\mugwort\mugwort_2.csv,mugwort,train,train
mugwort_2.csv::w6,data\raw\SmellNet\base_data\training\mugwort\mugwort_2.csv,mugwort,train,train
mugwort_2.csv::w7,data\raw\SmellNet\base_data\training\mugwort\mugwort_2.csv,mugwort,train,train
mugwort_2.csv::w8,data\raw\SmellNet\base_data\training\mugwort\mugwort_2.csv,mugwort,train,train
mugwort_3.csv::w0,data\raw\SmellNet\base_data\training\mugwort\mugwort_3.csv,mugwort,train,train
mugwort_3.csv::w1,data\raw\SmellNet\base_data\training\mugwort\mugwort_3.csv,mugwort,train,train
mugwort_3.csv::w2,data\raw\SmellNet\base_data\training\mugwort\mugwort_3.csv,mugwort,train,train
mugwort_3.csv::w3,data\raw\SmellNet\base_data\training\mugwort\mugwort_3.csv,mugwort,train,train
mugwort_3.csv::w4,data\raw\SmellNet\base_data\training\mugwort\mugwort_3.csv,mugwort,train,train
mugwort_3.csv::w5,data\raw\SmellNet\base_data\training\mugwort\mugwort_3.csv,mugwort,train,train
mugwort_3.csv::w6,data\raw\SmellNet\base_data\training\mugwort\mugwort_3.csv,mugwort,train,train
mugwort_3.csv::w7,data\raw\SmellNet\base_data\training\mugwort\mugwort_3.csv,mugwort,train,train
mugwort_3.csv::w8,data\raw\SmellNet\base_data\training\mugwort\mugwort_3.csv,mugwort,train,train
mugwort_4.csv::w0,data\raw\SmellNet\base_data\training\mugwort\mugwort_4.csv,mugwort,train,val
mugwort_4.csv::w1,data\raw\SmellNet\base_data\training\mugwort\mugwort_4.csv,mugwort,train,val
mugwort_4.csv::w2,data\raw\SmellNet\base_data\training\mugwort\mugwort_4.csv,mugwort,train,val
mugwort_4.csv::w3,data\raw\SmellNet\base_data\training\mugwort\mugwort_4.csv,mugwort,train,val
mugwort_4.csv::w4,data\raw\SmellNet\base_data\training\mugwort\mugwort_4.csv,mugwort,train,val
mugwort_4.csv::w5,data\raw\SmellNet\base_data\training\mugwort\mugwort_4.csv,mugwort,train,val
mugwort_4.csv::w6,data\raw\SmellNet\base_data\training\mugwort\mugwort_4.csv,mugwort,train,val
mugwort_4.csv::w7,data\raw\SmellNet\base_data\training\mugwort\mugwort_4.csv,mugwort,train,val
mugwort_4.csv::w8,data\raw\SmellNet\base_data\training\mugwort\mugwort_4.csv,mugwort,train,val
mugwort_5.csv::w0,data\raw\SmellNet\base_data\training\mugwort\mugwort_5.csv,mugwort,train,train
mugwort_5.csv::w1,data\raw\SmellNet\base_data\training\mugwort\mugwort_5.csv,mugwort,train,train
mugwort_5.csv::w2,data\raw\SmellNet\base_data\training\mugwort\mugwort_5.csv,mugwort,train,train
mugwort_5.csv::w3,data\raw\SmellNet\base_data\training\mugwort\mugwort_5.csv,mugwort,train,train
mugwort_5.csv::w4,data\raw\SmellNet\base_data\training\mugwort\mugwort_5.csv,mugwort,train,train
mugwort_5.csv::w5,data\raw\SmellNet\base_data\training\mugwort\mugwort_5.csv,mugwort,train,train
mugwort_5.csv::w6,data\raw\SmellNet\base_data\training\mugwort\mugwort_5.csv,mugwort,train,train
mugwort_5.csv::w7,data\raw\SmellNet\base_data\training\mugwort\mugwort_5.csv,mugwort,train,train
mugwort_5.csv::w8,data\raw\SmellNet\base_data\training\mugwort\mugwort_5.csv,mugwort,train,train
mustard_1.csv::w0,data\raw\SmellNet\base_data\training\mustard\mustard_1.csv,mustard,train,train
mustard_1.csv::w1,data\raw\SmellNet\base_data\training\mustard\mustard_1.csv,mustard,train,train
mustard_1.csv::w2,data\raw\SmellNet\base_data\training\mustard\mustard_1.csv,mustard,train,train
mustard_1.csv::w3,data\raw\SmellNet\base_data\training\mustard\mustard_1.csv,mustard,train,train
mustard_1.csv::w4,data\raw\SmellNet\base_data\training\mustard\mustard_1.csv,mustard,train,train
mustard_1.csv::w5,data\raw\SmellNet\base_data\training\mustard\mustard_1.csv,mustard,train,train
mustard_1.csv::w6,data\raw\SmellNet\base_data\training\mustard\mustard_1.csv,mustard,train,train
mustard_1.csv::w7,data\raw\SmellNet\base_data\training\mustard\mustard_1.csv,mustard,train,train
mustard_1.csv::w8,data\raw\SmellNet\base_data\training\mustard\mustard_1.csv,mustard,train,train
mustard_2.csv::w0,data\raw\SmellNet\base_data\training\mustard\mustard_2.csv,mustard,train,train
mustard_2.csv::w1,data\raw\SmellNet\base_data\training\mustard\mustard_2.csv,mustard,train,train
mustard_2.csv::w2,data\raw\SmellNet\base_data\training\mustard\mustard_2.csv,mustard,train,train
mustard_2.csv::w3,data\raw\SmellNet\base_data\training\mustard\mustard_2.csv,mustard,train,train
mustard_2.csv::w4,data\raw\SmellNet\base_data\training\mustard\mustard_2.csv,mustard,train,train
mustard_2.csv::w5,data\raw\SmellNet\base_data\training\mustard\mustard_2.csv,mustard,train,train
mustard_2.csv::w6,data\raw\SmellNet\base_data\training\mustard\mustard_2.csv,mustard,train,train
mustard_2.csv::w7,data\raw\SmellNet\base_data\training\mustard\mustard_2.csv,mustard,train,train
mustard_2.csv::w8,data\raw\SmellNet\base_data\training\mustard\mustard_2.csv,mustard,train,train
mustard_3.csv::w0,data\raw\SmellNet\base_data\training\mustard\mustard_3.csv,mustard,train,val
mustard_3.csv::w1,data\raw\SmellNet\base_data\training\mustard\mustard_3.csv,mustard,train,val
mustard_3.csv::w2,data\raw\SmellNet\base_data\training\mustard\mustard_3.csv,mustard,train,val
mustard_3.csv::w3,data\raw\SmellNet\base_data\training\mustard\mustard_3.csv,mustard,train,val
mustard_3.csv::w4,data\raw\SmellNet\base_data\training\mustard\mustard_3.csv,mustard,train,val
mustard_3.csv::w5,data\raw\SmellNet\base_data\training\mustard\mustard_3.csv,mustard,train,val
mustard_3.csv::w6,data\raw\SmellNet\base_data\training\mustard\mustard_3.csv,mustard,train,val
mustard_3.csv::w7,data\raw\SmellNet\base_data\training\mustard\mustard_3.csv,mustard,train,val
mustard_3.csv::w8,data\raw\SmellNet\base_data\training\mustard\mustard_3.csv,mustard,train,val
mustard_4.csv::w0,data\raw\SmellNet\base_data\training\mustard\mustard_4.csv,mustard,train,train
mustard_4.csv::w1,data\raw\SmellNet\base_data\training\mustard\mustard_4.csv,mustard,train,train
mustard_4.csv::w2,data\raw\SmellNet\base_data\training\mustard\mustard_4.csv,mustard,train,train
mustard_4.csv::w3,data\raw\SmellNet\base_data\training\mustard\mustard_4.csv,mustard,train,train
mustard_4.csv::w4,data\raw\SmellNet\base_data\training\mustard\mustard_4.csv,mustard,train,train
mustard_4.csv::w5,data\raw\SmellNet\base_data\training\mustard\mustard_4.csv,mustard,train,train
mustard_4.csv::w6,data\raw\SmellNet\base_data\training\mustard\mustard_4.csv,mustard,train,train
mustard_4.csv::w7,data\raw\SmellNet\base_data\training\mustard\mustard_4.csv,mustard,train,train
mustard_4.csv::w8,data\raw\SmellNet\base_data\training\mustard\mustard_4.csv,mustard,train,train
mustard_5.csv::w0,data\raw\SmellNet\base_data\training\mustard\mustard_5.csv,mustard,train,train
mustard_5.csv::w1,data\raw\SmellNet\base_data\training\mustard\mustard_5.csv,mustard,train,train
mustard_5.csv::w2,data\raw\SmellNet\base_data\training\mustard\mustard_5.csv,mustard,train,train
mustard_5.csv::w3,data\raw\SmellNet\base_data\training\mustard\mustard_5.csv,mustard,train,train
mustard_5.csv::w4,data\raw\SmellNet\base_data\training\mustard\mustard_5.csv,mustard,train,train
mustard_5.csv::w5,data\raw\SmellNet\base_data\training\mustard\mustard_5.csv,mustard,train,train
mustard_5.csv::w6,data\raw\SmellNet\base_data\training\mustard\mustard_5.csv,mustard,train,train
mustard_5.csv::w7,data\raw\SmellNet\base_data\training\mustard\mustard_5.csv,mustard,train,train
mustard_5.csv::w8,data\raw\SmellNet\base_data\training\mustard\mustard_5.csv,mustard,train,train
nutmeg_1.csv::w0,data\raw\SmellNet\base_data\training\nutmeg\nutmeg_1.csv,nutmeg,train,train
nutmeg_1.csv::w1,data\raw\SmellNet\base_data\training\nutmeg\nutmeg_1.csv,nutmeg,train,train
nutmeg_1.csv::w2,data\raw\SmellNet\base_data\training\nutmeg\nutmeg_1.csv,nutmeg,train,train
nutmeg_1.csv::w3,data\raw\SmellNet\base_data\training\nutmeg\nutmeg_1.csv,nutmeg,train,train
nutmeg_1.csv::w4,data\raw\SmellNet\base_data\training\nutmeg\nutmeg_1.csv,nutmeg,train,train
nutmeg_1.csv::w5,data\raw\SmellNet\base_data\training\nutmeg\nutmeg_1.csv,nutmeg,train,train
nutmeg_1.csv::w6,data\raw\SmellNet\base_data\training\nutmeg\nutmeg_1.csv,nutmeg,train,train
nutmeg_1.csv::w7,data\raw\SmellNet\base_data\training\nutmeg\nutmeg_1.csv,nutmeg,train,train
nutmeg_1.csv::w8,data\raw\SmellNet\base_data\training\nutmeg\nutmeg_1.csv,nutmeg,train,train
nutmeg_2.csv::w0,data\raw\SmellNet\base_data\training\nutmeg\nutmeg_2.csv,nutmeg,train,train
nutmeg_2.csv::w1,data\raw\SmellNet\base_data\training\nutmeg\nutmeg_2.csv,nutmeg,train,train
nutmeg_2.csv::w2,data\raw\SmellNet\base_data\training\nutmeg\nutmeg_2.csv,nutmeg,train,train
nutmeg_2.csv::w3,data\raw\SmellNet\base_data\training\nutmeg\nutmeg_2.csv,nutmeg,train,train
nutmeg_2.csv::w4,data\raw\SmellNet\base_data\training\nutmeg\nutmeg_2.csv,nutmeg,train,train
nutmeg_2.csv::w5,data\raw\SmellNet\base_data\training\nutmeg\nutmeg_2.csv,nutmeg,train,train
nutmeg_2.csv::w6,data\raw\SmellNet\base_data\training\nutmeg\nutmeg_2.csv,nutmeg,train,train
nutmeg_2.csv::w7,data\raw\SmellNet\base_data\training\nutmeg\nutmeg_2.csv,nutmeg,train,train
nutmeg_2.csv::w8,data\raw\SmellNet\base_data\training\nutmeg\nutmeg_2.csv,nutmeg,train,train
nutmeg_3.csv::w0,data\raw\SmellNet\base_data\training\nutmeg\nutmeg_3.csv,nutmeg,train,train
nutmeg_3.csv::w1,data\raw\SmellNet\base_data\training\nutmeg\nutmeg_3.csv,nutmeg,train,train
nutmeg_3.csv::w2,data\raw\SmellNet\base_data\training\nutmeg\nutmeg_3.csv,nutmeg,train,train
nutmeg_3.csv::w3,data\raw\SmellNet\base_data\training\nutmeg\nutmeg_3.csv,nutmeg,train,train
nutmeg_3.csv::w4,data\raw\SmellNet\base_data\training\nutmeg\nutmeg_3.csv,nutmeg,train,train
nutmeg_3.csv::w5,data\raw\SmellNet\base_data\training\nutmeg\nutmeg_3.csv,nutmeg,train,train
nutmeg_3.csv::w6,data\raw\SmellNet\base_data\training\nutmeg\nutmeg_3.csv,nutmeg,train,train
nutmeg_3.csv::w7,data\raw\SmellNet\base_data\training\nutmeg\nutmeg_3.csv,nutmeg,train,train
nutmeg_3.csv::w8,data\raw\SmellNet\base_data\training\nutmeg\nutmeg_3.csv,nutmeg,train,train
nutmeg_4.csv::w0,data\raw\SmellNet\base_data\training\nutmeg\nutmeg_4.csv,nutmeg,train,train
nutmeg_4.csv::w1,data\raw\SmellNet\base_data\training\nutmeg\nutmeg_4.csv,nutmeg,train,train
nutmeg_4.csv::w2,data\raw\SmellNet\base_data\training\nutmeg\nutmeg_4.csv,nutmeg,train,train
nutmeg_4.csv::w3,data\raw\SmellNet\base_data\training\nutmeg\nutmeg_4.csv,nutmeg,train,train
nutmeg_4.csv::w4,data\raw\SmellNet\base_data\training\nutmeg\nutmeg_4.csv,nutmeg,train,train
nutmeg_4.csv::w5,data\raw\SmellNet\base_data\training\nutmeg\nutmeg_4.csv,nutmeg,train,train
nutmeg_4.csv::w6,data\raw\SmellNet\base_data\training\nutmeg\nutmeg_4.csv,nutmeg,train,train
nutmeg_4.csv::w7,data\raw\SmellNet\base_data\training\nutmeg\nutmeg_4.csv,nutmeg,train,train
nutmeg_4.csv::w8,data\raw\SmellNet\base_data\training\nutmeg\nutmeg_4.csv,nutmeg,train,train
nutmeg_5.csv::w0,data\raw\SmellNet\base_data\training\nutmeg\nutmeg_5.csv,nutmeg,train,val
nutmeg_5.csv::w1,data\raw\SmellNet\base_data\training\nutmeg\nutmeg_5.csv,nutmeg,train,val
nutmeg_5.csv::w2,data\raw\SmellNet\base_data\training\nutmeg\nutmeg_5.csv,nutmeg,train,val
nutmeg_5.csv::w3,data\raw\SmellNet\base_data\training\nutmeg\nutmeg_5.csv,nutmeg,train,val
nutmeg_5.csv::w4,data\raw\SmellNet\base_data\training\nutmeg\nutmeg_5.csv,nutmeg,train,val
nutmeg_5.csv::w5,data\raw\SmellNet\base_data\training\nutmeg\nutmeg_5.csv,nutmeg,train,val
nutmeg_5.csv::w6,data\raw\SmellNet\base_data\training\nutmeg\nutmeg_5.csv,nutmeg,train,val
nutmeg_5.csv::w7,data\raw\SmellNet\base_data\training\nutmeg\nutmeg_5.csv,nutmeg,train,val
nutmeg_5.csv::w8,data\raw\SmellNet\base_data\training\nutmeg\nutmeg_5.csv,nutmeg,train,val
oregano_1.csv::w0,data\raw\SmellNet\base_data\training\oregano\oregano_1.csv,oregano,train,val
oregano_1.csv::w1,data\raw\SmellNet\base_data\training\oregano\oregano_1.csv,oregano,train,val
oregano_1.csv::w2,data\raw\SmellNet\base_data\training\oregano\oregano_1.csv,oregano,train,val
oregano_1.csv::w3,data\raw\SmellNet\base_data\training\oregano\oregano_1.csv,oregano,train,val
oregano_1.csv::w4,data\raw\SmellNet\base_data\training\oregano\oregano_1.csv,oregano,train,val
oregano_1.csv::w5,data\raw\SmellNet\base_data\training\oregano\oregano_1.csv,oregano,train,val
oregano_1.csv::w6,data\raw\SmellNet\base_data\training\oregano\oregano_1.csv,oregano,train,val
oregano_1.csv::w7,data\raw\SmellNet\base_data\training\oregano\oregano_1.csv,oregano,train,val
oregano_1.csv::w8,data\raw\SmellNet\base_data\training\oregano\oregano_1.csv,oregano,train,val
oregano_2.csv::w0,data\raw\SmellNet\base_data\training\oregano\oregano_2.csv,oregano,train,train
oregano_2.csv::w1,data\raw\SmellNet\base_data\training\oregano\oregano_2.csv,oregano,train,train
oregano_2.csv::w2,data\raw\SmellNet\base_data\training\oregano\oregano_2.csv,oregano,train,train
oregano_2.csv::w3,data\raw\SmellNet\base_data\training\oregano\oregano_2.csv,oregano,train,train
oregano_2.csv::w4,data\raw\SmellNet\base_data\training\oregano\oregano_2.csv,oregano,train,train
oregano_2.csv::w5,data\raw\SmellNet\base_data\training\oregano\oregano_2.csv,oregano,train,train
oregano_2.csv::w6,data\raw\SmellNet\base_data\training\oregano\oregano_2.csv,oregano,train,train
oregano_2.csv::w7,data\raw\SmellNet\base_data\training\oregano\oregano_2.csv,oregano,train,train
oregano_2.csv::w8,data\raw\SmellNet\base_data\training\oregano\oregano_2.csv,oregano,train,train
oregano_3.csv::w0,data\raw\SmellNet\base_data\training\oregano\oregano_3.csv,oregano,train,train
oregano_3.csv::w1,data\raw\SmellNet\base_data\training\oregano\oregano_3.csv,oregano,train,train
oregano_3.csv::w2,data\raw\SmellNet\base_data\training\oregano\oregano_3.csv,oregano,train,train
oregano_3.csv::w3,data\raw\SmellNet\base_data\training\oregano\oregano_3.csv,oregano,train,train
oregano_3.csv::w4,data\raw\SmellNet\base_data\training\oregano\oregano_3.csv,oregano,train,train
oregano_3.csv::w5,data\raw\SmellNet\base_data\training\oregano\oregano_3.csv,oregano,train,train
oregano_3.csv::w6,data\raw\SmellNet\base_data\training\oregano\oregano_3.csv,oregano,train,train
oregano_3.csv::w7,data\raw\SmellNet\base_data\training\oregano\oregano_3.csv,oregano,train,train
oregano_3.csv::w8,data\raw\SmellNet\base_data\training\oregano\oregano_3.csv,oregano,train,train
oregano_4.csv::w0,data\raw\SmellNet\base_data\training\oregano\oregano_4.csv,oregano,train,train
oregano_4.csv::w1,data\raw\SmellNet\base_data\training\oregano\oregano_4.csv,oregano,train,train
oregano_4.csv::w2,data\raw\SmellNet\base_data\training\oregano\oregano_4.csv,oregano,train,train
oregano_4.csv::w3,data\raw\SmellNet\base_data\training\oregano\oregano_4.csv,oregano,train,train
oregano_4.csv::w4,data\raw\SmellNet\base_data\training\oregano\oregano_4.csv,oregano,train,train
oregano_4.csv::w5,data\raw\SmellNet\base_data\training\oregano\oregano_4.csv,oregano,train,train
oregano_4.csv::w6,data\raw\SmellNet\base_data\training\oregano\oregano_4.csv,oregano,train,train
oregano_4.csv::w7,data\raw\SmellNet\base_data\training\oregano\oregano_4.csv,oregano,train,train
oregano_4.csv::w8,data\raw\SmellNet\base_data\training\oregano\oregano_4.csv,oregano,train,train
oregano_5.csv::w0,data\raw\SmellNet\base_data\training\oregano\oregano_5.csv,oregano,train,train
oregano_5.csv::w1,data\raw\SmellNet\base_data\training\oregano\oregano_5.csv,oregano,train,train
oregano_5.csv::w2,data\raw\SmellNet\base_data\training\oregano\oregano_5.csv,oregano,train,train
oregano_5.csv::w3,data\raw\SmellNet\base_data\training\oregano\oregano_5.csv,oregano,train,train
oregano_5.csv::w4,data\raw\SmellNet\base_data\training\oregano\oregano_5.csv,oregano,train,train
oregano_5.csv::w5,data\raw\SmellNet\base_data\training\oregano\oregano_5.csv,oregano,train,train
oregano_5.csv::w6,data\raw\SmellNet\base_data\training\oregano\oregano_5.csv,oregano,train,train
oregano_5.csv::w7,data\raw\SmellNet\base_data\training\oregano\oregano_5.csv,oregano,train,train
oregano_5.csv::w8,data\raw\SmellNet\base_data\training\oregano\oregano_5.csv,oregano,train,train
peach_1.csv::w0,data\raw\SmellNet\base_data\training\peach\peach_1.csv,peach,train,train
peach_1.csv::w1,data\raw\SmellNet\base_data\training\peach\peach_1.csv,peach,train,train
peach_1.csv::w2,data\raw\SmellNet\base_data\training\peach\peach_1.csv,peach,train,train
peach_1.csv::w3,data\raw\SmellNet\base_data\training\peach\peach_1.csv,peach,train,train
peach_1.csv::w4,data\raw\SmellNet\base_data\training\peach\peach_1.csv,peach,train,train
peach_1.csv::w5,data\raw\SmellNet\base_data\training\peach\peach_1.csv,peach,train,train
peach_1.csv::w6,data\raw\SmellNet\base_data\training\peach\peach_1.csv,peach,train,train
peach_1.csv::w7,data\raw\SmellNet\base_data\training\peach\peach_1.csv,peach,train,train
peach_1.csv::w8,data\raw\SmellNet\base_data\training\peach\peach_1.csv,peach,train,train
peach_2.csv::w0,data\raw\SmellNet\base_data\training\peach\peach_2.csv,peach,train,train
peach_2.csv::w1,data\raw\SmellNet\base_data\training\peach\peach_2.csv,peach,train,train
peach_2.csv::w2,data\raw\SmellNet\base_data\training\peach\peach_2.csv,peach,train,train
peach_2.csv::w3,data\raw\SmellNet\base_data\training\peach\peach_2.csv,peach,train,train
peach_2.csv::w4,data\raw\SmellNet\base_data\training\peach\peach_2.csv,peach,train,train
peach_2.csv::w5,data\raw\SmellNet\base_data\training\peach\peach_2.csv,peach,train,train
peach_2.csv::w6,data\raw\SmellNet\base_data\training\peach\peach_2.csv,peach,train,train
peach_2.csv::w7,data\raw\SmellNet\base_data\training\peach\peach_2.csv,peach,train,train
peach_2.csv::w8,data\raw\SmellNet\base_data\training\peach\peach_2.csv,peach,train,train
peach_3.csv::w0,data\raw\SmellNet\base_data\training\peach\peach_3.csv,peach,train,train
peach_3.csv::w1,data\raw\SmellNet\base_data\training\peach\peach_3.csv,peach,train,train
peach_3.csv::w2,data\raw\SmellNet\base_data\training\peach\peach_3.csv,peach,train,train
peach_3.csv::w3,data\raw\SmellNet\base_data\training\peach\peach_3.csv,peach,train,train
peach_3.csv::w4,data\raw\SmellNet\base_data\training\peach\peach_3.csv,peach,train,train
peach_3.csv::w5,data\raw\SmellNet\base_data\training\peach\peach_3.csv,peach,train,train
peach_3.csv::w6,data\raw\SmellNet\base_data\training\peach\peach_3.csv,peach,train,train
peach_3.csv::w7,data\raw\SmellNet\base_data\training\peach\peach_3.csv,peach,train,train
peach_3.csv::w8,data\raw\SmellNet\base_data\training\peach\peach_3.csv,peach,train,train
peach_4.csv::w0,data\raw\SmellNet\base_data\training\peach\peach_4.csv,peach,train,train
peach_4.csv::w1,data\raw\SmellNet\base_data\training\peach\peach_4.csv,peach,train,train
peach_4.csv::w2,data\raw\SmellNet\base_data\training\peach\peach_4.csv,peach,train,train
peach_4.csv::w3,data\raw\SmellNet\base_data\training\peach\peach_4.csv,peach,train,train
peach_4.csv::w4,data\raw\SmellNet\base_data\training\peach\peach_4.csv,peach,train,train
peach_4.csv::w5,data\raw\SmellNet\base_data\training\peach\peach_4.csv,peach,train,train
peach_4.csv::w6,data\raw\SmellNet\base_data\training\peach\peach_4.csv,peach,train,train
peach_4.csv::w7,data\raw\SmellNet\base_data\training\peach\peach_4.csv,peach,train,train
peach_4.csv::w8,data\raw\SmellNet\base_data\training\peach\peach_4.csv,peach,train,train
peach_5.csv::w0,data\raw\SmellNet\base_data\training\peach\peach_5.csv,peach,train,val
peach_5.csv::w1,data\raw\SmellNet\base_data\training\peach\peach_5.csv,peach,train,val
peach_5.csv::w2,data\raw\SmellNet\base_data\training\peach\peach_5.csv,peach,train,val
peach_5.csv::w3,data\raw\SmellNet\base_data\training\peach\peach_5.csv,peach,train,val
peach_5.csv::w4,data\raw\SmellNet\base_data\training\peach\peach_5.csv,peach,train,val
peach_5.csv::w5,data\raw\SmellNet\base_data\training\peach\peach_5.csv,peach,train,val
peach_5.csv::w6,data\raw\SmellNet\base_data\training\peach\peach_5.csv,peach,train,val
peach_5.csv::w7,data\raw\SmellNet\base_data\training\peach\peach_5.csv,peach,train,val
peach_5.csv::w8,data\raw\SmellNet\base_data\training\peach\peach_5.csv,peach,train,val
peanuts_1.csv::w0,data\raw\SmellNet\base_data\training\peanuts\peanuts_1.csv,peanuts,train,train
peanuts_1.csv::w1,data\raw\SmellNet\base_data\training\peanuts\peanuts_1.csv,peanuts,train,train
peanuts_1.csv::w2,data\raw\SmellNet\base_data\training\peanuts\peanuts_1.csv,peanuts,train,train
peanuts_1.csv::w3,data\raw\SmellNet\base_data\training\peanuts\peanuts_1.csv,peanuts,train,train
peanuts_1.csv::w4,data\raw\SmellNet\base_data\training\peanuts\peanuts_1.csv,peanuts,train,train
peanuts_1.csv::w5,data\raw\SmellNet\base_data\training\peanuts\peanuts_1.csv,peanuts,train,train
peanuts_1.csv::w6,data\raw\SmellNet\base_data\training\peanuts\peanuts_1.csv,peanuts,train,train
peanuts_1.csv::w7,data\raw\SmellNet\base_data\training\peanuts\peanuts_1.csv,peanuts,train,train
peanuts_1.csv::w8,data\raw\SmellNet\base_data\training\peanuts\peanuts_1.csv,peanuts,train,train
peanuts_2.csv::w0,data\raw\SmellNet\base_data\training\peanuts\peanuts_2.csv,peanuts,train,train
peanuts_2.csv::w1,data\raw\SmellNet\base_data\training\peanuts\peanuts_2.csv,peanuts,train,train
peanuts_2.csv::w2,data\raw\SmellNet\base_data\training\peanuts\peanuts_2.csv,peanuts,train,train
peanuts_2.csv::w3,data\raw\SmellNet\base_data\training\peanuts\peanuts_2.csv,peanuts,train,train
peanuts_2.csv::w4,data\raw\SmellNet\base_data\training\peanuts\peanuts_2.csv,peanuts,train,train
peanuts_2.csv::w5,data\raw\SmellNet\base_data\training\peanuts\peanuts_2.csv,peanuts,train,train
peanuts_2.csv::w6,data\raw\SmellNet\base_data\training\peanuts\peanuts_2.csv,peanuts,train,train
peanuts_2.csv::w7,data\raw\SmellNet\base_data\training\peanuts\peanuts_2.csv,peanuts,train,train
peanuts_2.csv::w8,data\raw\SmellNet\base_data\training\peanuts\peanuts_2.csv,peanuts,train,train
peanuts_3.csv::w0,data\raw\SmellNet\base_data\training\peanuts\peanuts_3.csv,peanuts,train,train
peanuts_3.csv::w1,data\raw\SmellNet\base_data\training\peanuts\peanuts_3.csv,peanuts,train,train
peanuts_3.csv::w2,data\raw\SmellNet\base_data\training\peanuts\peanuts_3.csv,peanuts,train,train
peanuts_3.csv::w3,data\raw\SmellNet\base_data\training\peanuts\peanuts_3.csv,peanuts,train,train
peanuts_3.csv::w4,data\raw\SmellNet\base_data\training\peanuts\peanuts_3.csv,peanuts,train,train
peanuts_3.csv::w5,data\raw\SmellNet\base_data\training\peanuts\peanuts_3.csv,peanuts,train,train
peanuts_3.csv::w6,data\raw\SmellNet\base_data\training\peanuts\peanuts_3.csv,peanuts,train,train
peanuts_3.csv::w7,data\raw\SmellNet\base_data\training\peanuts\peanuts_3.csv,peanuts,train,train
peanuts_3.csv::w8,data\raw\SmellNet\base_data\training\peanuts\peanuts_3.csv,peanuts,train,train
peanuts_4.csv::w0,data\raw\SmellNet\base_data\training\peanuts\peanuts_4.csv,peanuts,train,val
peanuts_4.csv::w1,data\raw\SmellNet\base_data\training\peanuts\peanuts_4.csv,peanuts,train,val
peanuts_4.csv::w2,data\raw\SmellNet\base_data\training\peanuts\peanuts_4.csv,peanuts,train,val
peanuts_4.csv::w3,data\raw\SmellNet\base_data\training\peanuts\peanuts_4.csv,peanuts,train,val
peanuts_4.csv::w4,data\raw\SmellNet\base_data\training\peanuts\peanuts_4.csv,peanuts,train,val
peanuts_4.csv::w5,data\raw\SmellNet\base_data\training\peanuts\peanuts_4.csv,peanuts,train,val
peanuts_4.csv::w6,data\raw\SmellNet\base_data\training\peanuts\peanuts_4.csv,peanuts,train,val
peanuts_4.csv::w7,data\raw\SmellNet\base_data\training\peanuts\peanuts_4.csv,peanuts,train,val
peanuts_4.csv::w8,data\raw\SmellNet\base_data\training\peanuts\peanuts_4.csv,peanuts,train,val
peanuts_5.csv::w0,data\raw\SmellNet\base_data\training\peanuts\peanuts_5.csv,peanuts,train,train
peanuts_5.csv::w1,data\raw\SmellNet\base_data\training\peanuts\peanuts_5.csv,peanuts,train,train
peanuts_5.csv::w2,data\raw\SmellNet\base_data\training\peanuts\peanuts_5.csv,peanuts,train,train
peanuts_5.csv::w3,data\raw\SmellNet\base_data\training\peanuts\peanuts_5.csv,peanuts,train,train
peanuts_5.csv::w4,data\raw\SmellNet\base_data\training\peanuts\peanuts_5.csv,peanuts,train,train
peanuts_5.csv::w5,data\raw\SmellNet\base_data\training\peanuts\peanuts_5.csv,peanuts,train,train
peanuts_5.csv::w6,data\raw\SmellNet\base_data\training\peanuts\peanuts_5.csv,peanuts,train,train
peanuts_5.csv::w7,data\raw\SmellNet\base_data\training\peanuts\peanuts_5.csv,peanuts,train,train
peanuts_5.csv::w8,data\raw\SmellNet\base_data\training\peanuts\peanuts_5.csv,peanuts,train,train
pear_1.csv::w0,data\raw\SmellNet\base_data\training\pear\pear_1.csv,pear,train,train
pear_1.csv::w1,data\raw\SmellNet\base_data\training\pear\pear_1.csv,pear,train,train
pear_1.csv::w2,data\raw\SmellNet\base_data\training\pear\pear_1.csv,pear,train,train
pear_1.csv::w3,data\raw\SmellNet\base_data\training\pear\pear_1.csv,pear,train,train
pear_1.csv::w4,data\raw\SmellNet\base_data\training\pear\pear_1.csv,pear,train,train
pear_1.csv::w5,data\raw\SmellNet\base_data\training\pear\pear_1.csv,pear,train,train
pear_1.csv::w6,data\raw\SmellNet\base_data\training\pear\pear_1.csv,pear,train,train
pear_1.csv::w7,data\raw\SmellNet\base_data\training\pear\pear_1.csv,pear,train,train
pear_1.csv::w8,data\raw\SmellNet\base_data\training\pear\pear_1.csv,pear,train,train
pear_2.csv::w0,data\raw\SmellNet\base_data\training\pear\pear_2.csv,pear,train,train
pear_2.csv::w1,data\raw\SmellNet\base_data\training\pear\pear_2.csv,pear,train,train
pear_2.csv::w2,data\raw\SmellNet\base_data\training\pear\pear_2.csv,pear,train,train
pear_2.csv::w3,data\raw\SmellNet\base_data\training\pear\pear_2.csv,pear,train,train
pear_2.csv::w4,data\raw\SmellNet\base_data\training\pear\pear_2.csv,pear,train,train
pear_2.csv::w5,data\raw\SmellNet\base_data\training\pear\pear_2.csv,pear,train,train
pear_2.csv::w6,data\raw\SmellNet\base_data\training\pear\pear_2.csv,pear,train,train
pear_2.csv::w7,data\raw\SmellNet\base_data\training\pear\pear_2.csv,pear,train,train
pear_2.csv::w8,data\raw\SmellNet\base_data\training\pear\pear_2.csv,pear,train,train
pear_3.csv::w0,data\raw\SmellNet\base_data\training\pear\pear_3.csv,pear,train,train
pear_3.csv::w1,data\raw\SmellNet\base_data\training\pear\pear_3.csv,pear,train,train
pear_3.csv::w2,data\raw\SmellNet\base_data\training\pear\pear_3.csv,pear,train,train
pear_3.csv::w3,data\raw\SmellNet\base_data\training\pear\pear_3.csv,pear,train,train
pear_3.csv::w4,data\raw\SmellNet\base_data\training\pear\pear_3.csv,pear,train,train
pear_3.csv::w5,data\raw\SmellNet\base_data\training\pear\pear_3.csv,pear,train,train
pear_3.csv::w6,data\raw\SmellNet\base_data\training\pear\pear_3.csv,pear,train,train
pear_3.csv::w7,data\raw\SmellNet\base_data\training\pear\pear_3.csv,pear,train,train
pear_3.csv::w8,data\raw\SmellNet\base_data\training\pear\pear_3.csv,pear,train,train
pear_4.csv::w0,data\raw\SmellNet\base_data\training\pear\pear_4.csv,pear,train,train
pear_4.csv::w1,data\raw\SmellNet\base_data\training\pear\pear_4.csv,pear,train,train
pear_4.csv::w2,data\raw\SmellNet\base_data\training\pear\pear_4.csv,pear,train,train
pear_4.csv::w3,data\raw\SmellNet\base_data\training\pear\pear_4.csv,pear,train,train
pear_4.csv::w4,data\raw\SmellNet\base_data\training\pear\pear_4.csv,pear,train,train
pear_4.csv::w5,data\raw\SmellNet\base_data\training\pear\pear_4.csv,pear,train,train
pear_4.csv::w6,data\raw\SmellNet\base_data\training\pear\pear_4.csv,pear,train,train
pear_4.csv::w7,data\raw\SmellNet\base_data\training\pear\pear_4.csv,pear,train,train
pear_4.csv::w8,data\raw\SmellNet\base_data\training\pear\pear_4.csv,pear,train,train
pear_5.csv::w0,data\raw\SmellNet\base_data\training\pear\pear_5.csv,pear,train,val
pear_5.csv::w1,data\raw\SmellNet\base_data\training\pear\pear_5.csv,pear,train,val
pear_5.csv::w2,data\raw\SmellNet\base_data\training\pear\pear_5.csv,pear,train,val
pear_5.csv::w3,data\raw\SmellNet\base_data\training\pear\pear_5.csv,pear,train,val
pear_5.csv::w4,data\raw\SmellNet\base_data\training\pear\pear_5.csv,pear,train,val
pear_5.csv::w5,data\raw\SmellNet\base_data\training\pear\pear_5.csv,pear,train,val
pear_5.csv::w6,data\raw\SmellNet\base_data\training\pear\pear_5.csv,pear,train,val
pear_5.csv::w7,data\raw\SmellNet\base_data\training\pear\pear_5.csv,pear,train,val
pear_5.csv::w8,data\raw\SmellNet\base_data\training\pear\pear_5.csv,pear,train,val
pecans_1.csv::w0,data\raw\SmellNet\base_data\training\pecans\pecans_1.csv,pecans,train,train
pecans_1.csv::w1,data\raw\SmellNet\base_data\training\pecans\pecans_1.csv,pecans,train,train
pecans_1.csv::w2,data\raw\SmellNet\base_data\training\pecans\pecans_1.csv,pecans,train,train
pecans_1.csv::w3,data\raw\SmellNet\base_data\training\pecans\pecans_1.csv,pecans,train,train
pecans_1.csv::w4,data\raw\SmellNet\base_data\training\pecans\pecans_1.csv,pecans,train,train
pecans_1.csv::w5,data\raw\SmellNet\base_data\training\pecans\pecans_1.csv,pecans,train,train
pecans_1.csv::w6,data\raw\SmellNet\base_data\training\pecans\pecans_1.csv,pecans,train,train
pecans_1.csv::w7,data\raw\SmellNet\base_data\training\pecans\pecans_1.csv,pecans,train,train
pecans_1.csv::w8,data\raw\SmellNet\base_data\training\pecans\pecans_1.csv,pecans,train,train
pecans_2.csv::w0,data\raw\SmellNet\base_data\training\pecans\pecans_2.csv,pecans,train,val
pecans_2.csv::w1,data\raw\SmellNet\base_data\training\pecans\pecans_2.csv,pecans,train,val
pecans_2.csv::w2,data\raw\SmellNet\base_data\training\pecans\pecans_2.csv,pecans,train,val
pecans_2.csv::w3,data\raw\SmellNet\base_data\training\pecans\pecans_2.csv,pecans,train,val
pecans_2.csv::w4,data\raw\SmellNet\base_data\training\pecans\pecans_2.csv,pecans,train,val
pecans_2.csv::w5,data\raw\SmellNet\base_data\training\pecans\pecans_2.csv,pecans,train,val
pecans_2.csv::w6,data\raw\SmellNet\base_data\training\pecans\pecans_2.csv,pecans,train,val
pecans_2.csv::w7,data\raw\SmellNet\base_data\training\pecans\pecans_2.csv,pecans,train,val
pecans_2.csv::w8,data\raw\SmellNet\base_data\training\pecans\pecans_2.csv,pecans,train,val
pecans_3.csv::w0,data\raw\SmellNet\base_data\training\pecans\pecans_3.csv,pecans,train,train
pecans_3.csv::w1,data\raw\SmellNet\base_data\training\pecans\pecans_3.csv,pecans,train,train
pecans_3.csv::w2,data\raw\SmellNet\base_data\training\pecans\pecans_3.csv,pecans,train,train
pecans_3.csv::w3,data\raw\SmellNet\base_data\training\pecans\pecans_3.csv,pecans,train,train
pecans_3.csv::w4,data\raw\SmellNet\base_data\training\pecans\pecans_3.csv,pecans,train,train
pecans_3.csv::w5,data\raw\SmellNet\base_data\training\pecans\pecans_3.csv,pecans,train,train
pecans_3.csv::w6,data\raw\SmellNet\base_data\training\pecans\pecans_3.csv,pecans,train,train
pecans_3.csv::w7,data\raw\SmellNet\base_data\training\pecans\pecans_3.csv,pecans,train,train
pecans_3.csv::w8,data\raw\SmellNet\base_data\training\pecans\pecans_3.csv,pecans,train,train
pecans_4.csv::w0,data\raw\SmellNet\base_data\training\pecans\pecans_4.csv,pecans,train,train
pecans_4.csv::w1,data\raw\SmellNet\base_data\training\pecans\pecans_4.csv,pecans,train,train
pecans_4.csv::w2,data\raw\SmellNet\base_data\training\pecans\pecans_4.csv,pecans,train,train
pecans_4.csv::w3,data\raw\SmellNet\base_data\training\pecans\pecans_4.csv,pecans,train,train
pecans_4.csv::w4,data\raw\SmellNet\base_data\training\pecans\pecans_4.csv,pecans,train,train
pecans_4.csv::w5,data\raw\SmellNet\base_data\training\pecans\pecans_4.csv,pecans,train,train
pecans_4.csv::w6,data\raw\SmellNet\base_data\training\pecans\pecans_4.csv,pecans,train,train
pecans_4.csv::w7,data\raw\SmellNet\base_data\training\pecans\pecans_4.csv,pecans,train,train
pecans_4.csv::w8,data\raw\SmellNet\base_data\training\pecans\pecans_4.csv,pecans,train,train
pecans_5.csv::w0,data\raw\SmellNet\base_data\training\pecans\pecans_5.csv,pecans,train,train
pecans_5.csv::w1,data\raw\SmellNet\base_data\training\pecans\pecans_5.csv,pecans,train,train
pecans_5.csv::w2,data\raw\SmellNet\base_data\training\pecans\pecans_5.csv,pecans,train,train
pecans_5.csv::w3,data\raw\SmellNet\base_data\training\pecans\pecans_5.csv,pecans,train,train
pecans_5.csv::w4,data\raw\SmellNet\base_data\training\pecans\pecans_5.csv,pecans,train,train
pecans_5.csv::w5,data\raw\SmellNet\base_data\training\pecans\pecans_5.csv,pecans,train,train
pecans_5.csv::w6,data\raw\SmellNet\base_data\training\pecans\pecans_5.csv,pecans,train,train
pecans_5.csv::w7,data\raw\SmellNet\base_data\training\pecans\pecans_5.csv,pecans,train,train
pecans_5.csv::w8,data\raw\SmellNet\base_data\training\pecans\pecans_5.csv,pecans,train,train
pili_nut_1.csv::w0,data\raw\SmellNet\base_data\training\pili_nut\pili_nut_1.csv,pili_nut,train,val
pili_nut_1.csv::w1,data\raw\SmellNet\base_data\training\pili_nut\pili_nut_1.csv,pili_nut,train,val
pili_nut_1.csv::w2,data\raw\SmellNet\base_data\training\pili_nut\pili_nut_1.csv,pili_nut,train,val
pili_nut_1.csv::w3,data\raw\SmellNet\base_data\training\pili_nut\pili_nut_1.csv,pili_nut,train,val
pili_nut_1.csv::w4,data\raw\SmellNet\base_data\training\pili_nut\pili_nut_1.csv,pili_nut,train,val
pili_nut_1.csv::w5,data\raw\SmellNet\base_data\training\pili_nut\pili_nut_1.csv,pili_nut,train,val
pili_nut_1.csv::w6,data\raw\SmellNet\base_data\training\pili_nut\pili_nut_1.csv,pili_nut,train,val
pili_nut_1.csv::w7,data\raw\SmellNet\base_data\training\pili_nut\pili_nut_1.csv,pili_nut,train,val
pili_nut_1.csv::w8,data\raw\SmellNet\base_data\training\pili_nut\pili_nut_1.csv,pili_nut,train,val
pili_nut_2.csv::w0,data\raw\SmellNet\base_data\training\pili_nut\pili_nut_2.csv,pili_nut,train,train
pili_nut_2.csv::w1,data\raw\SmellNet\base_data\training\pili_nut\pili_nut_2.csv,pili_nut,train,train
pili_nut_2.csv::w2,data\raw\SmellNet\base_data\training\pili_nut\pili_nut_2.csv,pili_nut,train,train
pili_nut_2.csv::w3,data\raw\SmellNet\base_data\training\pili_nut\pili_nut_2.csv,pili_nut,train,train
pili_nut_2.csv::w4,data\raw\SmellNet\base_data\training\pili_nut\pili_nut_2.csv,pili_nut,train,train
pili_nut_2.csv::w5,data\raw\SmellNet\base_data\training\pili_nut\pili_nut_2.csv,pili_nut,train,train
pili_nut_2.csv::w6,data\raw\SmellNet\base_data\training\pili_nut\pili_nut_2.csv,pili_nut,train,train
pili_nut_2.csv::w7,data\raw\SmellNet\base_data\training\pili_nut\pili_nut_2.csv,pili_nut,train,train
pili_nut_2.csv::w8,data\raw\SmellNet\base_data\training\pili_nut\pili_nut_2.csv,pili_nut,train,train
pili_nut_3.csv::w0,data\raw\SmellNet\base_data\training\pili_nut\pili_nut_3.csv,pili_nut,train,train
pili_nut_3.csv::w1,data\raw\SmellNet\base_data\training\pili_nut\pili_nut_3.csv,pili_nut,train,train
pili_nut_3.csv::w2,data\raw\SmellNet\base_data\training\pili_nut\pili_nut_3.csv,pili_nut,train,train
pili_nut_3.csv::w3,data\raw\SmellNet\base_data\training\pili_nut\pili_nut_3.csv,pili_nut,train,train
pili_nut_3.csv::w4,data\raw\SmellNet\base_data\training\pili_nut\pili_nut_3.csv,pili_nut,train,train
pili_nut_3.csv::w5,data\raw\SmellNet\base_data\training\pili_nut\pili_nut_3.csv,pili_nut,train,train
pili_nut_3.csv::w6,data\raw\SmellNet\base_data\training\pili_nut\pili_nut_3.csv,pili_nut,train,train
pili_nut_3.csv::w7,data\raw\SmellNet\base_data\training\pili_nut\pili_nut_3.csv,pili_nut,train,train
pili_nut_3.csv::w8,data\raw\SmellNet\base_data\training\pili_nut\pili_nut_3.csv,pili_nut,train,train
pili_nut_4.csv::w0,data\raw\SmellNet\base_data\training\pili_nut\pili_nut_4.csv,pili_nut,train,train
pili_nut_4.csv::w1,data\raw\SmellNet\base_data\training\pili_nut\pili_nut_4.csv,pili_nut,train,train
pili_nut_4.csv::w2,data\raw\SmellNet\base_data\training\pili_nut\pili_nut_4.csv,pili_nut,train,train
pili_nut_4.csv::w3,data\raw\SmellNet\base_data\training\pili_nut\pili_nut_4.csv,pili_nut,train,train
pili_nut_4.csv::w4,data\raw\SmellNet\base_data\training\pili_nut\pili_nut_4.csv,pili_nut,train,train
pili_nut_4.csv::w5,data\raw\SmellNet\base_data\training\pili_nut\pili_nut_4.csv,pili_nut,train,train
pili_nut_4.csv::w6,data\raw\SmellNet\base_data\training\pili_nut\pili_nut_4.csv,pili_nut,train,train
pili_nut_4.csv::w7,data\raw\SmellNet\base_data\training\pili_nut\pili_nut_4.csv,pili_nut,train,train
pili_nut_4.csv::w8,data\raw\SmellNet\base_data\training\pili_nut\pili_nut_4.csv,pili_nut,train,train
pili_nut_5.csv::w0,data\raw\SmellNet\base_data\training\pili_nut\pili_nut_5.csv,pili_nut,train,train
pili_nut_5.csv::w1,data\raw\SmellNet\base_data\training\pili_nut\pili_nut_5.csv,pili_nut,train,train
pili_nut_5.csv::w2,data\raw\SmellNet\base_data\training\pili_nut\pili_nut_5.csv,pili_nut,train,train
pili_nut_5.csv::w3,data\raw\SmellNet\base_data\training\pili_nut\pili_nut_5.csv,pili_nut,train,train
pili_nut_5.csv::w4,data\raw\SmellNet\base_data\training\pili_nut\pili_nut_5.csv,pili_nut,train,train
pili_nut_5.csv::w5,data\raw\SmellNet\base_data\training\pili_nut\pili_nut_5.csv,pili_nut,train,train
pili_nut_5.csv::w6,data\raw\SmellNet\base_data\training\pili_nut\pili_nut_5.csv,pili_nut,train,train
pili_nut_5.csv::w7,data\raw\SmellNet\base_data\training\pili_nut\pili_nut_5.csv,pili_nut,train,train
pili_nut_5.csv::w8,data\raw\SmellNet\base_data\training\pili_nut\pili_nut_5.csv,pili_nut,train,train
pineapple_1.csv::w0,data\raw\SmellNet\base_data\training\pineapple\pineapple_1.csv,pineapple,train,train
pineapple_1.csv::w1,data\raw\SmellNet\base_data\training\pineapple\pineapple_1.csv,pineapple,train,train
pineapple_1.csv::w2,data\raw\SmellNet\base_data\training\pineapple\pineapple_1.csv,pineapple,train,train
pineapple_1.csv::w3,data\raw\SmellNet\base_data\training\pineapple\pineapple_1.csv,pineapple,train,train
pineapple_1.csv::w4,data\raw\SmellNet\base_data\training\pineapple\pineapple_1.csv,pineapple,train,train
pineapple_1.csv::w5,data\raw\SmellNet\base_data\training\pineapple\pineapple_1.csv,pineapple,train,train
pineapple_1.csv::w6,data\raw\SmellNet\base_data\training\pineapple\pineapple_1.csv,pineapple,train,train
pineapple_1.csv::w7,data\raw\SmellNet\base_data\training\pineapple\pineapple_1.csv,pineapple,train,train
pineapple_1.csv::w8,data\raw\SmellNet\base_data\training\pineapple\pineapple_1.csv,pineapple,train,train
pineapple_2.csv::w0,data\raw\SmellNet\base_data\training\pineapple\pineapple_2.csv,pineapple,train,val
pineapple_2.csv::w1,data\raw\SmellNet\base_data\training\pineapple\pineapple_2.csv,pineapple,train,val
pineapple_2.csv::w2,data\raw\SmellNet\base_data\training\pineapple\pineapple_2.csv,pineapple,train,val
pineapple_2.csv::w3,data\raw\SmellNet\base_data\training\pineapple\pineapple_2.csv,pineapple,train,val
pineapple_2.csv::w4,data\raw\SmellNet\base_data\training\pineapple\pineapple_2.csv,pineapple,train,val
pineapple_2.csv::w5,data\raw\SmellNet\base_data\training\pineapple\pineapple_2.csv,pineapple,train,val
pineapple_2.csv::w6,data\raw\SmellNet\base_data\training\pineapple\pineapple_2.csv,pineapple,train,val
pineapple_2.csv::w7,data\raw\SmellNet\base_data\training\pineapple\pineapple_2.csv,pineapple,train,val
pineapple_2.csv::w8,data\raw\SmellNet\base_data\training\pineapple\pineapple_2.csv,pineapple,train,val
pineapple_3.csv::w0,data\raw\SmellNet\base_data\training\pineapple\pineapple_3.csv,pineapple,train,train
pineapple_3.csv::w1,data\raw\SmellNet\base_data\training\pineapple\pineapple_3.csv,pineapple,train,train
pineapple_3.csv::w2,data\raw\SmellNet\base_data\training\pineapple\pineapple_3.csv,pineapple,train,train
pineapple_3.csv::w3,data\raw\SmellNet\base_data\training\pineapple\pineapple_3.csv,pineapple,train,train
pineapple_3.csv::w4,data\raw\SmellNet\base_data\training\pineapple\pineapple_3.csv,pineapple,train,train
pineapple_3.csv::w5,data\raw\SmellNet\base_data\training\pineapple\pineapple_3.csv,pineapple,train,train
pineapple_3.csv::w6,data\raw\SmellNet\base_data\training\pineapple\pineapple_3.csv,pineapple,train,train
pineapple_3.csv::w7,data\raw\SmellNet\base_data\training\pineapple\pineapple_3.csv,pineapple,train,train
pineapple_3.csv::w8,data\raw\SmellNet\base_data\training\pineapple\pineapple_3.csv,pineapple,train,train
pineapple_4.csv::w0,data\raw\SmellNet\base_data\training\pineapple\pineapple_4.csv,pineapple,train,train
pineapple_4.csv::w1,data\raw\SmellNet\base_data\training\pineapple\pineapple_4.csv,pineapple,train,train
pineapple_4.csv::w2,data\raw\SmellNet\base_data\training\pineapple\pineapple_4.csv,pineapple,train,train
pineapple_4.csv::w3,data\raw\SmellNet\base_data\training\pineapple\pineapple_4.csv,pineapple,train,train
pineapple_4.csv::w4,data\raw\SmellNet\base_data\training\pineapple\pineapple_4.csv,pineapple,train,train
pineapple_4.csv::w5,data\raw\SmellNet\base_data\training\pineapple\pineapple_4.csv,pineapple,train,train
pineapple_4.csv::w6,data\raw\SmellNet\base_data\training\pineapple\pineapple_4.csv,pineapple,train,train
pineapple_4.csv::w7,data\raw\SmellNet\base_data\training\pineapple\pineapple_4.csv,pineapple,train,train
pineapple_4.csv::w8,data\raw\SmellNet\base_data\training\pineapple\pineapple_4.csv,pineapple,train,train
pineapple_5.csv::w0,data\raw\SmellNet\base_data\training\pineapple\pineapple_5.csv,pineapple,train,train
pineapple_5.csv::w1,data\raw\SmellNet\base_data\training\pineapple\pineapple_5.csv,pineapple,train,train
pineapple_5.csv::w2,data\raw\SmellNet\base_data\training\pineapple\pineapple_5.csv,pineapple,train,train
pineapple_5.csv::w3,data\raw\SmellNet\base_data\training\pineapple\pineapple_5.csv,pineapple,train,train
pineapple_5.csv::w4,data\raw\SmellNet\base_data\training\pineapple\pineapple_5.csv,pineapple,train,train
pineapple_5.csv::w5,data\raw\SmellNet\base_data\training\pineapple\pineapple_5.csv,pineapple,train,train
pineapple_5.csv::w6,data\raw\SmellNet\base_data\training\pineapple\pineapple_5.csv,pineapple,train,train
pineapple_5.csv::w7,data\raw\SmellNet\base_data\training\pineapple\pineapple_5.csv,pineapple,train,train
pineapple_5.csv::w8,data\raw\SmellNet\base_data\training\pineapple\pineapple_5.csv,pineapple,train,train
pistachios_1.csv::w0,data\raw\SmellNet\base_data\training\pistachios\pistachios_1.csv,pistachios,train,train
pistachios_1.csv::w1,data\raw\SmellNet\base_data\training\pistachios\pistachios_1.csv,pistachios,train,train
pistachios_1.csv::w2,data\raw\SmellNet\base_data\training\pistachios\pistachios_1.csv,pistachios,train,train
pistachios_1.csv::w3,data\raw\SmellNet\base_data\training\pistachios\pistachios_1.csv,pistachios,train,train
pistachios_1.csv::w4,data\raw\SmellNet\base_data\training\pistachios\pistachios_1.csv,pistachios,train,train
pistachios_1.csv::w5,data\raw\SmellNet\base_data\training\pistachios\pistachios_1.csv,pistachios,train,train
pistachios_1.csv::w6,data\raw\SmellNet\base_data\training\pistachios\pistachios_1.csv,pistachios,train,train
pistachios_1.csv::w7,data\raw\SmellNet\base_data\training\pistachios\pistachios_1.csv,pistachios,train,train
pistachios_1.csv::w8,data\raw\SmellNet\base_data\training\pistachios\pistachios_1.csv,pistachios,train,train
pistachios_2.csv::w0,data\raw\SmellNet\base_data\training\pistachios\pistachios_2.csv,pistachios,train,train
pistachios_2.csv::w1,data\raw\SmellNet\base_data\training\pistachios\pistachios_2.csv,pistachios,train,train
pistachios_2.csv::w2,data\raw\SmellNet\base_data\training\pistachios\pistachios_2.csv,pistachios,train,train
pistachios_2.csv::w3,data\raw\SmellNet\base_data\training\pistachios\pistachios_2.csv,pistachios,train,train
pistachios_2.csv::w4,data\raw\SmellNet\base_data\training\pistachios\pistachios_2.csv,pistachios,train,train
pistachios_2.csv::w5,data\raw\SmellNet\base_data\training\pistachios\pistachios_2.csv,pistachios,train,train
pistachios_2.csv::w6,data\raw\SmellNet\base_data\training\pistachios\pistachios_2.csv,pistachios,train,train
pistachios_2.csv::w7,data\raw\SmellNet\base_data\training\pistachios\pistachios_2.csv,pistachios,train,train
pistachios_2.csv::w8,data\raw\SmellNet\base_data\training\pistachios\pistachios_2.csv,pistachios,train,train
pistachios_3.csv::w0,data\raw\SmellNet\base_data\training\pistachios\pistachios_3.csv,pistachios,train,train
pistachios_3.csv::w1,data\raw\SmellNet\base_data\training\pistachios\pistachios_3.csv,pistachios,train,train
pistachios_3.csv::w2,data\raw\SmellNet\base_data\training\pistachios\pistachios_3.csv,pistachios,train,train
pistachios_3.csv::w3,data\raw\SmellNet\base_data\training\pistachios\pistachios_3.csv,pistachios,train,train
pistachios_3.csv::w4,data\raw\SmellNet\base_data\training\pistachios\pistachios_3.csv,pistachios,train,train
pistachios_3.csv::w5,data\raw\SmellNet\base_data\training\pistachios\pistachios_3.csv,pistachios,train,train
pistachios_3.csv::w6,data\raw\SmellNet\base_data\training\pistachios\pistachios_3.csv,pistachios,train,train
pistachios_3.csv::w7,data\raw\SmellNet\base_data\training\pistachios\pistachios_3.csv,pistachios,train,train
pistachios_3.csv::w8,data\raw\SmellNet\base_data\training\pistachios\pistachios_3.csv,pistachios,train,train
pistachios_4.csv::w0,data\raw\SmellNet\base_data\training\pistachios\pistachios_4.csv,pistachios,train,train
pistachios_4.csv::w1,data\raw\SmellNet\base_data\training\pistachios\pistachios_4.csv,pistachios,train,train
pistachios_4.csv::w2,data\raw\SmellNet\base_data\training\pistachios\pistachios_4.csv,pistachios,train,train
pistachios_4.csv::w3,data\raw\SmellNet\base_data\training\pistachios\pistachios_4.csv,pistachios,train,train
pistachios_4.csv::w4,data\raw\SmellNet\base_data\training\pistachios\pistachios_4.csv,pistachios,train,train
pistachios_4.csv::w5,data\raw\SmellNet\base_data\training\pistachios\pistachios_4.csv,pistachios,train,train
pistachios_4.csv::w6,data\raw\SmellNet\base_data\training\pistachios\pistachios_4.csv,pistachios,train,train
pistachios_4.csv::w7,data\raw\SmellNet\base_data\training\pistachios\pistachios_4.csv,pistachios,train,train
pistachios_4.csv::w8,data\raw\SmellNet\base_data\training\pistachios\pistachios_4.csv,pistachios,train,train
pistachios_5.csv::w0,data\raw\SmellNet\base_data\training\pistachios\pistachios_5.csv,pistachios,train,val
pistachios_5.csv::w1,data\raw\SmellNet\base_data\training\pistachios\pistachios_5.csv,pistachios,train,val
pistachios_5.csv::w2,data\raw\SmellNet\base_data\training\pistachios\pistachios_5.csv,pistachios,train,val
pistachios_5.csv::w3,data\raw\SmellNet\base_data\training\pistachios\pistachios_5.csv,pistachios,train,val
pistachios_5.csv::w4,data\raw\SmellNet\base_data\training\pistachios\pistachios_5.csv,pistachios,train,val
pistachios_5.csv::w5,data\raw\SmellNet\base_data\training\pistachios\pistachios_5.csv,pistachios,train,val
pistachios_5.csv::w6,data\raw\SmellNet\base_data\training\pistachios\pistachios_5.csv,pistachios,train,val
pistachios_5.csv::w7,data\raw\SmellNet\base_data\training\pistachios\pistachios_5.csv,pistachios,train,val
pistachios_5.csv::w8,data\raw\SmellNet\base_data\training\pistachios\pistachios_5.csv,pistachios,train,val
potato_1.csv::w0,data\raw\SmellNet\base_data\training\potato\potato_1.csv,potato,train,train
potato_1.csv::w1,data\raw\SmellNet\base_data\training\potato\potato_1.csv,potato,train,train
potato_1.csv::w2,data\raw\SmellNet\base_data\training\potato\potato_1.csv,potato,train,train
potato_1.csv::w3,data\raw\SmellNet\base_data\training\potato\potato_1.csv,potato,train,train
potato_1.csv::w4,data\raw\SmellNet\base_data\training\potato\potato_1.csv,potato,train,train
potato_1.csv::w5,data\raw\SmellNet\base_data\training\potato\potato_1.csv,potato,train,train
potato_1.csv::w6,data\raw\SmellNet\base_data\training\potato\potato_1.csv,potato,train,train
potato_1.csv::w7,data\raw\SmellNet\base_data\training\potato\potato_1.csv,potato,train,train
potato_1.csv::w8,data\raw\SmellNet\base_data\training\potato\potato_1.csv,potato,train,train
potato_2.csv::w0,data\raw\SmellNet\base_data\training\potato\potato_2.csv,potato,train,train
potato_2.csv::w1,data\raw\SmellNet\base_data\training\potato\potato_2.csv,potato,train,train
potato_2.csv::w2,data\raw\SmellNet\base_data\training\potato\potato_2.csv,potato,train,train
potato_2.csv::w3,data\raw\SmellNet\base_data\training\potato\potato_2.csv,potato,train,train
potato_2.csv::w4,data\raw\SmellNet\base_data\training\potato\potato_2.csv,potato,train,train
potato_2.csv::w5,data\raw\SmellNet\base_data\training\potato\potato_2.csv,potato,train,train
potato_2.csv::w6,data\raw\SmellNet\base_data\training\potato\potato_2.csv,potato,train,train
potato_2.csv::w7,data\raw\SmellNet\base_data\training\potato\potato_2.csv,potato,train,train
potato_2.csv::w8,data\raw\SmellNet\base_data\training\potato\potato_2.csv,potato,train,train
potato_3.csv::w0,data\raw\SmellNet\base_data\training\potato\potato_3.csv,potato,train,train
potato_3.csv::w1,data\raw\SmellNet\base_data\training\potato\potato_3.csv,potato,train,train
potato_3.csv::w2,data\raw\SmellNet\base_data\training\potato\potato_3.csv,potato,train,train
potato_3.csv::w3,data\raw\SmellNet\base_data\training\potato\potato_3.csv,potato,train,train
potato_3.csv::w4,data\raw\SmellNet\base_data\training\potato\potato_3.csv,potato,train,train
potato_3.csv::w5,data\raw\SmellNet\base_data\training\potato\potato_3.csv,potato,train,train
potato_3.csv::w6,data\raw\SmellNet\base_data\training\potato\potato_3.csv,potato,train,train
potato_3.csv::w7,data\raw\SmellNet\base_data\training\potato\potato_3.csv,potato,train,train
potato_3.csv::w8,data\raw\SmellNet\base_data\training\potato\potato_3.csv,potato,train,train
potato_4.csv::w0,data\raw\SmellNet\base_data\training\potato\potato_4.csv,potato,train,train
potato_4.csv::w1,data\raw\SmellNet\base_data\training\potato\potato_4.csv,potato,train,train
potato_4.csv::w2,data\raw\SmellNet\base_data\training\potato\potato_4.csv,potato,train,train
potato_4.csv::w3,data\raw\SmellNet\base_data\training\potato\potato_4.csv,potato,train,train
potato_4.csv::w4,data\raw\SmellNet\base_data\training\potato\potato_4.csv,potato,train,train
potato_4.csv::w5,data\raw\SmellNet\base_data\training\potato\potato_4.csv,potato,train,train
potato_4.csv::w6,data\raw\SmellNet\base_data\training\potato\potato_4.csv,potato,train,train
potato_4.csv::w7,data\raw\SmellNet\base_data\training\potato\potato_4.csv,potato,train,train
potato_4.csv::w8,data\raw\SmellNet\base_data\training\potato\potato_4.csv,potato,train,train
potato_5.csv::w0,data\raw\SmellNet\base_data\training\potato\potato_5.csv,potato,train,val
potato_5.csv::w1,data\raw\SmellNet\base_data\training\potato\potato_5.csv,potato,train,val
potato_5.csv::w2,data\raw\SmellNet\base_data\training\potato\potato_5.csv,potato,train,val
potato_5.csv::w3,data\raw\SmellNet\base_data\training\potato\potato_5.csv,potato,train,val
potato_5.csv::w4,data\raw\SmellNet\base_data\training\potato\potato_5.csv,potato,train,val
potato_5.csv::w5,data\raw\SmellNet\base_data\training\potato\potato_5.csv,potato,train,val
potato_5.csv::w6,data\raw\SmellNet\base_data\training\potato\potato_5.csv,potato,train,val
potato_5.csv::w7,data\raw\SmellNet\base_data\training\potato\potato_5.csv,potato,train,val
potato_5.csv::w8,data\raw\SmellNet\base_data\training\potato\potato_5.csv,potato,train,val
radish_1.csv::w0,data\raw\SmellNet\base_data\training\radish\radish_1.csv,radish,train,train
radish_1.csv::w1,data\raw\SmellNet\base_data\training\radish\radish_1.csv,radish,train,train
radish_1.csv::w2,data\raw\SmellNet\base_data\training\radish\radish_1.csv,radish,train,train
radish_1.csv::w3,data\raw\SmellNet\base_data\training\radish\radish_1.csv,radish,train,train
radish_1.csv::w4,data\raw\SmellNet\base_data\training\radish\radish_1.csv,radish,train,train
radish_1.csv::w5,data\raw\SmellNet\base_data\training\radish\radish_1.csv,radish,train,train
radish_1.csv::w6,data\raw\SmellNet\base_data\training\radish\radish_1.csv,radish,train,train
radish_1.csv::w7,data\raw\SmellNet\base_data\training\radish\radish_1.csv,radish,train,train
radish_1.csv::w8,data\raw\SmellNet\base_data\training\radish\radish_1.csv,radish,train,train
radish_2.csv::w0,data\raw\SmellNet\base_data\training\radish\radish_2.csv,radish,train,train
radish_2.csv::w1,data\raw\SmellNet\base_data\training\radish\radish_2.csv,radish,train,train
radish_2.csv::w2,data\raw\SmellNet\base_data\training\radish\radish_2.csv,radish,train,train
radish_2.csv::w3,data\raw\SmellNet\base_data\training\radish\radish_2.csv,radish,train,train
radish_2.csv::w4,data\raw\SmellNet\base_data\training\radish\radish_2.csv,radish,train,train
radish_2.csv::w5,data\raw\SmellNet\base_data\training\radish\radish_2.csv,radish,train,train
radish_2.csv::w6,data\raw\SmellNet\base_data\training\radish\radish_2.csv,radish,train,train
radish_2.csv::w7,data\raw\SmellNet\base_data\training\radish\radish_2.csv,radish,train,train
radish_2.csv::w8,data\raw\SmellNet\base_data\training\radish\radish_2.csv,radish,train,train
radish_3.csv::w0,data\raw\SmellNet\base_data\training\radish\radish_3.csv,radish,train,train
radish_3.csv::w1,data\raw\SmellNet\base_data\training\radish\radish_3.csv,radish,train,train
radish_3.csv::w2,data\raw\SmellNet\base_data\training\radish\radish_3.csv,radish,train,train
radish_3.csv::w3,data\raw\SmellNet\base_data\training\radish\radish_3.csv,radish,train,train
radish_3.csv::w4,data\raw\SmellNet\base_data\training\radish\radish_3.csv,radish,train,train
radish_3.csv::w5,data\raw\SmellNet\base_data\training\radish\radish_3.csv,radish,train,train
radish_3.csv::w6,data\raw\SmellNet\base_data\training\radish\radish_3.csv,radish,train,train
radish_3.csv::w7,data\raw\SmellNet\base_data\training\radish\radish_3.csv,radish,train,train
radish_3.csv::w8,data\raw\SmellNet\base_data\training\radish\radish_3.csv,radish,train,train
radish_4.csv::w0,data\raw\SmellNet\base_data\training\radish\radish_4.csv,radish,train,val
radish_4.csv::w1,data\raw\SmellNet\base_data\training\radish\radish_4.csv,radish,train,val
radish_4.csv::w2,data\raw\SmellNet\base_data\training\radish\radish_4.csv,radish,train,val
radish_4.csv::w3,data\raw\SmellNet\base_data\training\radish\radish_4.csv,radish,train,val
radish_4.csv::w4,data\raw\SmellNet\base_data\training\radish\radish_4.csv,radish,train,val
radish_4.csv::w5,data\raw\SmellNet\base_data\training\radish\radish_4.csv,radish,train,val
radish_4.csv::w6,data\raw\SmellNet\base_data\training\radish\radish_4.csv,radish,train,val
radish_4.csv::w7,data\raw\SmellNet\base_data\training\radish\radish_4.csv,radish,train,val
radish_4.csv::w8,data\raw\SmellNet\base_data\training\radish\radish_4.csv,radish,train,val
radish_5.csv::w0,data\raw\SmellNet\base_data\training\radish\radish_5.csv,radish,train,train
radish_5.csv::w1,data\raw\SmellNet\base_data\training\radish\radish_5.csv,radish,train,train
radish_5.csv::w2,data\raw\SmellNet\base_data\training\radish\radish_5.csv,radish,train,train
radish_5.csv::w3,data\raw\SmellNet\base_data\training\radish\radish_5.csv,radish,train,train
radish_5.csv::w4,data\raw\SmellNet\base_data\training\radish\radish_5.csv,radish,train,train
radish_5.csv::w5,data\raw\SmellNet\base_data\training\radish\radish_5.csv,radish,train,train
radish_5.csv::w6,data\raw\SmellNet\base_data\training\radish\radish_5.csv,radish,train,train
radish_5.csv::w7,data\raw\SmellNet\base_data\training\radish\radish_5.csv,radish,train,train
radish_5.csv::w8,data\raw\SmellNet\base_data\training\radish\radish_5.csv,radish,train,train
saffron_1.csv::w0,data\raw\SmellNet\base_data\training\saffron\saffron_1.csv,saffron,train,train
saffron_1.csv::w1,data\raw\SmellNet\base_data\training\saffron\saffron_1.csv,saffron,train,train
saffron_1.csv::w2,data\raw\SmellNet\base_data\training\saffron\saffron_1.csv,saffron,train,train
saffron_1.csv::w3,data\raw\SmellNet\base_data\training\saffron\saffron_1.csv,saffron,train,train
saffron_1.csv::w4,data\raw\SmellNet\base_data\training\saffron\saffron_1.csv,saffron,train,train
saffron_1.csv::w5,data\raw\SmellNet\base_data\training\saffron\saffron_1.csv,saffron,train,train
saffron_1.csv::w6,data\raw\SmellNet\base_data\training\saffron\saffron_1.csv,saffron,train,train
saffron_1.csv::w7,data\raw\SmellNet\base_data\training\saffron\saffron_1.csv,saffron,train,train
saffron_1.csv::w8,data\raw\SmellNet\base_data\training\saffron\saffron_1.csv,saffron,train,train
saffron_2.csv::w0,data\raw\SmellNet\base_data\training\saffron\saffron_2.csv,saffron,train,val
saffron_2.csv::w1,data\raw\SmellNet\base_data\training\saffron\saffron_2.csv,saffron,train,val
saffron_2.csv::w2,data\raw\SmellNet\base_data\training\saffron\saffron_2.csv,saffron,train,val
saffron_2.csv::w3,data\raw\SmellNet\base_data\training\saffron\saffron_2.csv,saffron,train,val
saffron_2.csv::w4,data\raw\SmellNet\base_data\training\saffron\saffron_2.csv,saffron,train,val
saffron_2.csv::w5,data\raw\SmellNet\base_data\training\saffron\saffron_2.csv,saffron,train,val
saffron_2.csv::w6,data\raw\SmellNet\base_data\training\saffron\saffron_2.csv,saffron,train,val
saffron_2.csv::w7,data\raw\SmellNet\base_data\training\saffron\saffron_2.csv,saffron,train,val
saffron_2.csv::w8,data\raw\SmellNet\base_data\training\saffron\saffron_2.csv,saffron,train,val
saffron_3.csv::w0,data\raw\SmellNet\base_data\training\saffron\saffron_3.csv,saffron,train,train
saffron_3.csv::w1,data\raw\SmellNet\base_data\training\saffron\saffron_3.csv,saffron,train,train
saffron_3.csv::w2,data\raw\SmellNet\base_data\training\saffron\saffron_3.csv,saffron,train,train
saffron_3.csv::w3,data\raw\SmellNet\base_data\training\saffron\saffron_3.csv,saffron,train,train
saffron_3.csv::w4,data\raw\SmellNet\base_data\training\saffron\saffron_3.csv,saffron,train,train
saffron_3.csv::w5,data\raw\SmellNet\base_data\training\saffron\saffron_3.csv,saffron,train,train
saffron_3.csv::w6,data\raw\SmellNet\base_data\training\saffron\saffron_3.csv,saffron,train,train
saffron_3.csv::w7,data\raw\SmellNet\base_data\training\saffron\saffron_3.csv,saffron,train,train
saffron_3.csv::w8,data\raw\SmellNet\base_data\training\saffron\saffron_3.csv,saffron,train,train
saffron_4.csv::w0,data\raw\SmellNet\base_data\training\saffron\saffron_4.csv,saffron,train,train
saffron_4.csv::w1,data\raw\SmellNet\base_data\training\saffron\saffron_4.csv,saffron,train,train
saffron_4.csv::w2,data\raw\SmellNet\base_data\training\saffron\saffron_4.csv,saffron,train,train
saffron_4.csv::w3,data\raw\SmellNet\base_data\training\saffron\saffron_4.csv,saffron,train,train
saffron_4.csv::w4,data\raw\SmellNet\base_data\training\saffron\saffron_4.csv,saffron,train,train
saffron_4.csv::w5,data\raw\SmellNet\base_data\training\saffron\saffron_4.csv,saffron,train,train
saffron_4.csv::w6,data\raw\SmellNet\base_data\training\saffron\saffron_4.csv,saffron,train,train
saffron_4.csv::w7,data\raw\SmellNet\base_data\training\saffron\saffron_4.csv,saffron,train,train
saffron_4.csv::w8,data\raw\SmellNet\base_data\training\saffron\saffron_4.csv,saffron,train,train
saffron_5.csv::w0,data\raw\SmellNet\base_data\training\saffron\saffron_5.csv,saffron,train,train
saffron_5.csv::w1,data\raw\SmellNet\base_data\training\saffron\saffron_5.csv,saffron,train,train
saffron_5.csv::w2,data\raw\SmellNet\base_data\training\saffron\saffron_5.csv,saffron,train,train
saffron_5.csv::w3,data\raw\SmellNet\base_data\training\saffron\saffron_5.csv,saffron,train,train
saffron_5.csv::w4,data\raw\SmellNet\base_data\training\saffron\saffron_5.csv,saffron,train,train
saffron_5.csv::w5,data\raw\SmellNet\base_data\training\saffron\saffron_5.csv,saffron,train,train
saffron_5.csv::w6,data\raw\SmellNet\base_data\training\saffron\saffron_5.csv,saffron,train,train
saffron_5.csv::w7,data\raw\SmellNet\base_data\training\saffron\saffron_5.csv,saffron,train,train
saffron_5.csv::w8,data\raw\SmellNet\base_data\training\saffron\saffron_5.csv,saffron,train,train
star_anise_1.csv::w0,data\raw\SmellNet\base_data\training\star_anise\star_anise_1.csv,star_anise,train,train
star_anise_1.csv::w1,data\raw\SmellNet\base_data\training\star_anise\star_anise_1.csv,star_anise,train,train
star_anise_1.csv::w2,data\raw\SmellNet\base_data\training\star_anise\star_anise_1.csv,star_anise,train,train
star_anise_1.csv::w3,data\raw\SmellNet\base_data\training\star_anise\star_anise_1.csv,star_anise,train,train
star_anise_1.csv::w4,data\raw\SmellNet\base_data\training\star_anise\star_anise_1.csv,star_anise,train,train
star_anise_1.csv::w5,data\raw\SmellNet\base_data\training\star_anise\star_anise_1.csv,star_anise,train,train
star_anise_1.csv::w6,data\raw\SmellNet\base_data\training\star_anise\star_anise_1.csv,star_anise,train,train
star_anise_1.csv::w7,data\raw\SmellNet\base_data\training\star_anise\star_anise_1.csv,star_anise,train,train
star_anise_1.csv::w8,data\raw\SmellNet\base_data\training\star_anise\star_anise_1.csv,star_anise,train,train
star_anise_2.csv::w0,data\raw\SmellNet\base_data\training\star_anise\star_anise_2.csv,star_anise,train,train
star_anise_2.csv::w1,data\raw\SmellNet\base_data\training\star_anise\star_anise_2.csv,star_anise,train,train
star_anise_2.csv::w2,data\raw\SmellNet\base_data\training\star_anise\star_anise_2.csv,star_anise,train,train
star_anise_2.csv::w3,data\raw\SmellNet\base_data\training\star_anise\star_anise_2.csv,star_anise,train,train
star_anise_2.csv::w4,data\raw\SmellNet\base_data\training\star_anise\star_anise_2.csv,star_anise,train,train
star_anise_2.csv::w5,data\raw\SmellNet\base_data\training\star_anise\star_anise_2.csv,star_anise,train,train
star_anise_2.csv::w6,data\raw\SmellNet\base_data\training\star_anise\star_anise_2.csv,star_anise,train,train
star_anise_2.csv::w7,data\raw\SmellNet\base_data\training\star_anise\star_anise_2.csv,star_anise,train,train
star_anise_2.csv::w8,data\raw\SmellNet\base_data\training\star_anise\star_anise_2.csv,star_anise,train,train
star_anise_3.csv::w0,data\raw\SmellNet\base_data\training\star_anise\star_anise_3.csv,star_anise,train,val
star_anise_3.csv::w1,data\raw\SmellNet\base_data\training\star_anise\star_anise_3.csv,star_anise,train,val
star_anise_3.csv::w2,data\raw\SmellNet\base_data\training\star_anise\star_anise_3.csv,star_anise,train,val
star_anise_3.csv::w3,data\raw\SmellNet\base_data\training\star_anise\star_anise_3.csv,star_anise,train,val
star_anise_3.csv::w4,data\raw\SmellNet\base_data\training\star_anise\star_anise_3.csv,star_anise,train,val
star_anise_3.csv::w5,data\raw\SmellNet\base_data\training\star_anise\star_anise_3.csv,star_anise,train,val
star_anise_3.csv::w6,data\raw\SmellNet\base_data\training\star_anise\star_anise_3.csv,star_anise,train,val
star_anise_3.csv::w7,data\raw\SmellNet\base_data\training\star_anise\star_anise_3.csv,star_anise,train,val
star_anise_3.csv::w8,data\raw\SmellNet\base_data\training\star_anise\star_anise_3.csv,star_anise,train,val
star_anise_4.csv::w0,data\raw\SmellNet\base_data\training\star_anise\star_anise_4.csv,star_anise,train,train
star_anise_4.csv::w1,data\raw\SmellNet\base_data\training\star_anise\star_anise_4.csv,star_anise,train,train
star_anise_4.csv::w2,data\raw\SmellNet\base_data\training\star_anise\star_anise_4.csv,star_anise,train,train
star_anise_4.csv::w3,data\raw\SmellNet\base_data\training\star_anise\star_anise_4.csv,star_anise,train,train
star_anise_4.csv::w4,data\raw\SmellNet\base_data\training\star_anise\star_anise_4.csv,star_anise,train,train
star_anise_4.csv::w5,data\raw\SmellNet\base_data\training\star_anise\star_anise_4.csv,star_anise,train,train
star_anise_4.csv::w6,data\raw\SmellNet\base_data\training\star_anise\star_anise_4.csv,star_anise,train,train
star_anise_4.csv::w7,data\raw\SmellNet\base_data\training\star_anise\star_anise_4.csv,star_anise,train,train
star_anise_4.csv::w8,data\raw\SmellNet\base_data\training\star_anise\star_anise_4.csv,star_anise,train,train
star_anise_5.csv::w0,data\raw\SmellNet\base_data\training\star_anise\star_anise_5.csv,star_anise,train,train
star_anise_5.csv::w1,data\raw\SmellNet\base_data\training\star_anise\star_anise_5.csv,star_anise,train,train
star_anise_5.csv::w2,data\raw\SmellNet\base_data\training\star_anise\star_anise_5.csv,star_anise,train,train
star_anise_5.csv::w3,data\raw\SmellNet\base_data\training\star_anise\star_anise_5.csv,star_anise,train,train
star_anise_5.csv::w4,data\raw\SmellNet\base_data\training\star_anise\star_anise_5.csv,star_anise,train,train
star_anise_5.csv::w5,data\raw\SmellNet\base_data\training\star_anise\star_anise_5.csv,star_anise,train,train
star_anise_5.csv::w6,data\raw\SmellNet\base_data\training\star_anise\star_anise_5.csv,star_anise,train,train
star_anise_5.csv::w7,data\raw\SmellNet\base_data\training\star_anise\star_anise_5.csv,star_anise,train,train
star_anise_5.csv::w8,data\raw\SmellNet\base_data\training\star_anise\star_anise_5.csv,star_anise,train,train
strawberry_1.csv::w0,data\raw\SmellNet\base_data\training\strawberry\strawberry_1.csv,strawberry,train,train
strawberry_1.csv::w1,data\raw\SmellNet\base_data\training\strawberry\strawberry_1.csv,strawberry,train,train
strawberry_1.csv::w2,data\raw\SmellNet\base_data\training\strawberry\strawberry_1.csv,strawberry,train,train
strawberry_1.csv::w3,data\raw\SmellNet\base_data\training\strawberry\strawberry_1.csv,strawberry,train,train
strawberry_1.csv::w4,data\raw\SmellNet\base_data\training\strawberry\strawberry_1.csv,strawberry,train,train
strawberry_1.csv::w5,data\raw\SmellNet\base_data\training\strawberry\strawberry_1.csv,strawberry,train,train
strawberry_1.csv::w6,data\raw\SmellNet\base_data\training\strawberry\strawberry_1.csv,strawberry,train,train
strawberry_1.csv::w7,data\raw\SmellNet\base_data\training\strawberry\strawberry_1.csv,strawberry,train,train
strawberry_1.csv::w8,data\raw\SmellNet\base_data\training\strawberry\strawberry_1.csv,strawberry,train,train
strawberry_2.csv::w0,data\raw\SmellNet\base_data\training\strawberry\strawberry_2.csv,strawberry,train,train
strawberry_2.csv::w1,data\raw\SmellNet\base_data\training\strawberry\strawberry_2.csv,strawberry,train,train
strawberry_2.csv::w2,data\raw\SmellNet\base_data\training\strawberry\strawberry_2.csv,strawberry,train,train
strawberry_2.csv::w3,data\raw\SmellNet\base_data\training\strawberry\strawberry_2.csv,strawberry,train,train
strawberry_2.csv::w4,data\raw\SmellNet\base_data\training\strawberry\strawberry_2.csv,strawberry,train,train
strawberry_2.csv::w5,data\raw\SmellNet\base_data\training\strawberry\strawberry_2.csv,strawberry,train,train
strawberry_2.csv::w6,data\raw\SmellNet\base_data\training\strawberry\strawberry_2.csv,strawberry,train,train
strawberry_2.csv::w7,data\raw\SmellNet\base_data\training\strawberry\strawberry_2.csv,strawberry,train,train
strawberry_2.csv::w8,data\raw\SmellNet\base_data\training\strawberry\strawberry_2.csv,strawberry,train,train
strawberry_3.csv::w0,data\raw\SmellNet\base_data\training\strawberry\strawberry_3.csv,strawberry,train,train
strawberry_3.csv::w1,data\raw\SmellNet\base_data\training\strawberry\strawberry_3.csv,strawberry,train,train
strawberry_3.csv::w2,data\raw\SmellNet\base_data\training\strawberry\strawberry_3.csv,strawberry,train,train
strawberry_3.csv::w3,data\raw\SmellNet\base_data\training\strawberry\strawberry_3.csv,strawberry,train,train
strawberry_3.csv::w4,data\raw\SmellNet\base_data\training\strawberry\strawberry_3.csv,strawberry,train,train
strawberry_3.csv::w5,data\raw\SmellNet\base_data\training\strawberry\strawberry_3.csv,strawberry,train,train
strawberry_3.csv::w6,data\raw\SmellNet\base_data\training\strawberry\strawberry_3.csv,strawberry,train,train
strawberry_3.csv::w7,data\raw\SmellNet\base_data\training\strawberry\strawberry_3.csv,strawberry,train,train
strawberry_3.csv::w8,data\raw\SmellNet\base_data\training\strawberry\strawberry_3.csv,strawberry,train,train
strawberry_4.csv::w0,data\raw\SmellNet\base_data\training\strawberry\strawberry_4.csv,strawberry,train,train
strawberry_4.csv::w1,data\raw\SmellNet\base_data\training\strawberry\strawberry_4.csv,strawberry,train,train
strawberry_4.csv::w2,data\raw\SmellNet\base_data\training\strawberry\strawberry_4.csv,strawberry,train,train
strawberry_4.csv::w3,data\raw\SmellNet\base_data\training\strawberry\strawberry_4.csv,strawberry,train,train
strawberry_4.csv::w4,data\raw\SmellNet\base_data\training\strawberry\strawberry_4.csv,strawberry,train,train
strawberry_4.csv::w5,data\raw\SmellNet\base_data\training\strawberry\strawberry_4.csv,strawberry,train,train
strawberry_4.csv::w6,data\raw\SmellNet\base_data\training\strawberry\strawberry_4.csv,strawberry,train,train
strawberry_4.csv::w7,data\raw\SmellNet\base_data\training\strawberry\strawberry_4.csv,strawberry,train,train
strawberry_4.csv::w8,data\raw\SmellNet\base_data\training\strawberry\strawberry_4.csv,strawberry,train,train
strawberry_5.csv::w0,data\raw\SmellNet\base_data\training\strawberry\strawberry_5.csv,strawberry,train,val
strawberry_5.csv::w1,data\raw\SmellNet\base_data\training\strawberry\strawberry_5.csv,strawberry,train,val
strawberry_5.csv::w2,data\raw\SmellNet\base_data\training\strawberry\strawberry_5.csv,strawberry,train,val
strawberry_5.csv::w3,data\raw\SmellNet\base_data\training\strawberry\strawberry_5.csv,strawberry,train,val
strawberry_5.csv::w4,data\raw\SmellNet\base_data\training\strawberry\strawberry_5.csv,strawberry,train,val
strawberry_5.csv::w5,data\raw\SmellNet\base_data\training\strawberry\strawberry_5.csv,strawberry,train,val
strawberry_5.csv::w6,data\raw\SmellNet\base_data\training\strawberry\strawberry_5.csv,strawberry,train,val
strawberry_5.csv::w7,data\raw\SmellNet\base_data\training\strawberry\strawberry_5.csv,strawberry,train,val
strawberry_5.csv::w8,data\raw\SmellNet\base_data\training\strawberry\strawberry_5.csv,strawberry,train,val
sweet_potato_1.csv::w0,data\raw\SmellNet\base_data\training\sweet_potato\sweet_potato_1.csv,sweet_potato,train,train
sweet_potato_1.csv::w1,data\raw\SmellNet\base_data\training\sweet_potato\sweet_potato_1.csv,sweet_potato,train,train
sweet_potato_1.csv::w2,data\raw\SmellNet\base_data\training\sweet_potato\sweet_potato_1.csv,sweet_potato,train,train
sweet_potato_1.csv::w3,data\raw\SmellNet\base_data\training\sweet_potato\sweet_potato_1.csv,sweet_potato,train,train
sweet_potato_1.csv::w4,data\raw\SmellNet\base_data\training\sweet_potato\sweet_potato_1.csv,sweet_potato,train,train
sweet_potato_1.csv::w5,data\raw\SmellNet\base_data\training\sweet_potato\sweet_potato_1.csv,sweet_potato,train,train
sweet_potato_1.csv::w6,data\raw\SmellNet\base_data\training\sweet_potato\sweet_potato_1.csv,sweet_potato,train,train
sweet_potato_1.csv::w7,data\raw\SmellNet\base_data\training\sweet_potato\sweet_potato_1.csv,sweet_potato,train,train
sweet_potato_1.csv::w8,data\raw\SmellNet\base_data\training\sweet_potato\sweet_potato_1.csv,sweet_potato,train,train
sweet_potato_2.csv::w0,data\raw\SmellNet\base_data\training\sweet_potato\sweet_potato_2.csv,sweet_potato,train,train
sweet_potato_2.csv::w1,data\raw\SmellNet\base_data\training\sweet_potato\sweet_potato_2.csv,sweet_potato,train,train
sweet_potato_2.csv::w2,data\raw\SmellNet\base_data\training\sweet_potato\sweet_potato_2.csv,sweet_potato,train,train
sweet_potato_2.csv::w3,data\raw\SmellNet\base_data\training\sweet_potato\sweet_potato_2.csv,sweet_potato,train,train
sweet_potato_2.csv::w4,data\raw\SmellNet\base_data\training\sweet_potato\sweet_potato_2.csv,sweet_potato,train,train
sweet_potato_2.csv::w5,data\raw\SmellNet\base_data\training\sweet_potato\sweet_potato_2.csv,sweet_potato,train,train
sweet_potato_2.csv::w6,data\raw\SmellNet\base_data\training\sweet_potato\sweet_potato_2.csv,sweet_potato,train,train
sweet_potato_2.csv::w7,data\raw\SmellNet\base_data\training\sweet_potato\sweet_potato_2.csv,sweet_potato,train,train
sweet_potato_2.csv::w8,data\raw\SmellNet\base_data\training\sweet_potato\sweet_potato_2.csv,sweet_potato,train,train
sweet_potato_3.csv::w0,data\raw\SmellNet\base_data\training\sweet_potato\sweet_potato_3.csv,sweet_potato,train,train
sweet_potato_3.csv::w1,data\raw\SmellNet\base_data\training\sweet_potato\sweet_potato_3.csv,sweet_potato,train,train
sweet_potato_3.csv::w2,data\raw\SmellNet\base_data\training\sweet_potato\sweet_potato_3.csv,sweet_potato,train,train
sweet_potato_3.csv::w3,data\raw\SmellNet\base_data\training\sweet_potato\sweet_potato_3.csv,sweet_potato,train,train
sweet_potato_3.csv::w4,data\raw\SmellNet\base_data\training\sweet_potato\sweet_potato_3.csv,sweet_potato,train,train
sweet_potato_3.csv::w5,data\raw\SmellNet\base_data\training\sweet_potato\sweet_potato_3.csv,sweet_potato,train,train
sweet_potato_3.csv::w6,data\raw\SmellNet\base_data\training\sweet_potato\sweet_potato_3.csv,sweet_potato,train,train
sweet_potato_3.csv::w7,data\raw\SmellNet\base_data\training\sweet_potato\sweet_potato_3.csv,sweet_potato,train,train
sweet_potato_3.csv::w8,data\raw\SmellNet\base_data\training\sweet_potato\sweet_potato_3.csv,sweet_potato,train,train
sweet_potato_4.csv::w0,data\raw\SmellNet\base_data\training\sweet_potato\sweet_potato_4.csv,sweet_potato,train,train
sweet_potato_4.csv::w1,data\raw\SmellNet\base_data\training\sweet_potato\sweet_potato_4.csv,sweet_potato,train,train
sweet_potato_4.csv::w2,data\raw\SmellNet\base_data\training\sweet_potato\sweet_potato_4.csv,sweet_potato,train,train
sweet_potato_4.csv::w3,data\raw\SmellNet\base_data\training\sweet_potato\sweet_potato_4.csv,sweet_potato,train,train
sweet_potato_4.csv::w4,data\raw\SmellNet\base_data\training\sweet_potato\sweet_potato_4.csv,sweet_potato,train,train
sweet_potato_4.csv::w5,data\raw\SmellNet\base_data\training\sweet_potato\sweet_potato_4.csv,sweet_potato,train,train
sweet_potato_4.csv::w6,data\raw\SmellNet\base_data\training\sweet_potato\sweet_potato_4.csv,sweet_potato,train,train
sweet_potato_4.csv::w7,data\raw\SmellNet\base_data\training\sweet_potato\sweet_potato_4.csv,sweet_potato,train,train
sweet_potato_4.csv::w8,data\raw\SmellNet\base_data\training\sweet_potato\sweet_potato_4.csv,sweet_potato,train,train
sweet_potato_5.csv::w0,data\raw\SmellNet\base_data\training\sweet_potato\sweet_potato_5.csv,sweet_potato,train,val
sweet_potato_5.csv::w1,data\raw\SmellNet\base_data\training\sweet_potato\sweet_potato_5.csv,sweet_potato,train,val
sweet_potato_5.csv::w2,data\raw\SmellNet\base_data\training\sweet_potato\sweet_potato_5.csv,sweet_potato,train,val
sweet_potato_5.csv::w3,data\raw\SmellNet\base_data\training\sweet_potato\sweet_potato_5.csv,sweet_potato,train,val
sweet_potato_5.csv::w4,data\raw\SmellNet\base_data\training\sweet_potato\sweet_potato_5.csv,sweet_potato,train,val
sweet_potato_5.csv::w5,data\raw\SmellNet\base_data\training\sweet_potato\sweet_potato_5.csv,sweet_potato,train,val
sweet_potato_5.csv::w6,data\raw\SmellNet\base_data\training\sweet_potato\sweet_potato_5.csv,sweet_potato,train,val
sweet_potato_5.csv::w7,data\raw\SmellNet\base_data\training\sweet_potato\sweet_potato_5.csv,sweet_potato,train,val
sweet_potato_5.csv::w8,data\raw\SmellNet\base_data\training\sweet_potato\sweet_potato_5.csv,sweet_potato,train,val
tomato_1.csv::w0,data\raw\SmellNet\base_data\training\tomato\tomato_1.csv,tomato,train,val
tomato_1.csv::w1,data\raw\SmellNet\base_data\training\tomato\tomato_1.csv,tomato,train,val
tomato_1.csv::w2,data\raw\SmellNet\base_data\training\tomato\tomato_1.csv,tomato,train,val
tomato_1.csv::w3,data\raw\SmellNet\base_data\training\tomato\tomato_1.csv,tomato,train,val
tomato_1.csv::w4,data\raw\SmellNet\base_data\training\tomato\tomato_1.csv,tomato,train,val
tomato_1.csv::w5,data\raw\SmellNet\base_data\training\tomato\tomato_1.csv,tomato,train,val
tomato_1.csv::w6,data\raw\SmellNet\base_data\training\tomato\tomato_1.csv,tomato,train,val
tomato_1.csv::w7,data\raw\SmellNet\base_data\training\tomato\tomato_1.csv,tomato,train,val
tomato_1.csv::w8,data\raw\SmellNet\base_data\training\tomato\tomato_1.csv,tomato,train,val
tomato_2.csv::w0,data\raw\SmellNet\base_data\training\tomato\tomato_2.csv,tomato,train,train
tomato_2.csv::w1,data\raw\SmellNet\base_data\training\tomato\tomato_2.csv,tomato,train,train
tomato_2.csv::w2,data\raw\SmellNet\base_data\training\tomato\tomato_2.csv,tomato,train,train
tomato_2.csv::w3,data\raw\SmellNet\base_data\training\tomato\tomato_2.csv,tomato,train,train
tomato_2.csv::w4,data\raw\SmellNet\base_data\training\tomato\tomato_2.csv,tomato,train,train
tomato_2.csv::w5,data\raw\SmellNet\base_data\training\tomato\tomato_2.csv,tomato,train,train
tomato_2.csv::w6,data\raw\SmellNet\base_data\training\tomato\tomato_2.csv,tomato,train,train
tomato_2.csv::w7,data\raw\SmellNet\base_data\training\tomato\tomato_2.csv,tomato,train,train
tomato_2.csv::w8,data\raw\SmellNet\base_data\training\tomato\tomato_2.csv,tomato,train,train
tomato_3.csv::w0,data\raw\SmellNet\base_data\training\tomato\tomato_3.csv,tomato,train,train
tomato_3.csv::w1,data\raw\SmellNet\base_data\training\tomato\tomato_3.csv,tomato,train,train
tomato_3.csv::w2,data\raw\SmellNet\base_data\training\tomato\tomato_3.csv,tomato,train,train
tomato_3.csv::w3,data\raw\SmellNet\base_data\training\tomato\tomato_3.csv,tomato,train,train
tomato_3.csv::w4,data\raw\SmellNet\base_data\training\tomato\tomato_3.csv,tomato,train,train
tomato_3.csv::w5,data\raw\SmellNet\base_data\training\tomato\tomato_3.csv,tomato,train,train
tomato_3.csv::w6,data\raw\SmellNet\base_data\training\tomato\tomato_3.csv,tomato,train,train
tomato_3.csv::w7,data\raw\SmellNet\base_data\training\tomato\tomato_3.csv,tomato,train,train
tomato_3.csv::w8,data\raw\SmellNet\base_data\training\tomato\tomato_3.csv,tomato,train,train
tomato_4.csv::w0,data\raw\SmellNet\base_data\training\tomato\tomato_4.csv,tomato,train,train
tomato_4.csv::w1,data\raw\SmellNet\base_data\training\tomato\tomato_4.csv,tomato,train,train
tomato_4.csv::w2,data\raw\SmellNet\base_data\training\tomato\tomato_4.csv,tomato,train,train
tomato_4.csv::w3,data\raw\SmellNet\base_data\training\tomato\tomato_4.csv,tomato,train,train
tomato_4.csv::w4,data\raw\SmellNet\base_data\training\tomato\tomato_4.csv,tomato,train,train
tomato_4.csv::w5,data\raw\SmellNet\base_data\training\tomato\tomato_4.csv,tomato,train,train
tomato_4.csv::w6,data\raw\SmellNet\base_data\training\tomato\tomato_4.csv,tomato,train,train
tomato_4.csv::w7,data\raw\SmellNet\base_data\training\tomato\tomato_4.csv,tomato,train,train
tomato_4.csv::w8,data\raw\SmellNet\base_data\training\tomato\tomato_4.csv,tomato,train,train
tomato_5.csv::w0,data\raw\SmellNet\base_data\training\tomato\tomato_5.csv,tomato,train,train
tomato_5.csv::w1,data\raw\SmellNet\base_data\training\tomato\tomato_5.csv,tomato,train,train
tomato_5.csv::w2,data\raw\SmellNet\base_data\training\tomato\tomato_5.csv,tomato,train,train
tomato_5.csv::w3,data\raw\SmellNet\base_data\training\tomato\tomato_5.csv,tomato,train,train
tomato_5.csv::w4,data\raw\SmellNet\base_data\training\tomato\tomato_5.csv,tomato,train,train
tomato_5.csv::w5,data\raw\SmellNet\base_data\training\tomato\tomato_5.csv,tomato,train,train
tomato_5.csv::w6,data\raw\SmellNet\base_data\training\tomato\tomato_5.csv,tomato,train,train
tomato_5.csv::w7,data\raw\SmellNet\base_data\training\tomato\tomato_5.csv,tomato,train,train
tomato_5.csv::w8,data\raw\SmellNet\base_data\training\tomato\tomato_5.csv,tomato,train,train
turnip_1.csv::w0,data\raw\SmellNet\base_data\training\turnip\turnip_1.csv,turnip,train,train
turnip_1.csv::w1,data\raw\SmellNet\base_data\training\turnip\turnip_1.csv,turnip,train,train
turnip_1.csv::w2,data\raw\SmellNet\base_data\training\turnip\turnip_1.csv,turnip,train,train
turnip_1.csv::w3,data\raw\SmellNet\base_data\training\turnip\turnip_1.csv,turnip,train,train
turnip_1.csv::w4,data\raw\SmellNet\base_data\training\turnip\turnip_1.csv,turnip,train,train
turnip_1.csv::w5,data\raw\SmellNet\base_data\training\turnip\turnip_1.csv,turnip,train,train
turnip_1.csv::w6,data\raw\SmellNet\base_data\training\turnip\turnip_1.csv,turnip,train,train
turnip_1.csv::w7,data\raw\SmellNet\base_data\training\turnip\turnip_1.csv,turnip,train,train
turnip_1.csv::w8,data\raw\SmellNet\base_data\training\turnip\turnip_1.csv,turnip,train,train
turnip_2.csv::w0,data\raw\SmellNet\base_data\training\turnip\turnip_2.csv,turnip,train,train
turnip_2.csv::w1,data\raw\SmellNet\base_data\training\turnip\turnip_2.csv,turnip,train,train
turnip_2.csv::w2,data\raw\SmellNet\base_data\training\turnip\turnip_2.csv,turnip,train,train
turnip_2.csv::w3,data\raw\SmellNet\base_data\training\turnip\turnip_2.csv,turnip,train,train
turnip_2.csv::w4,data\raw\SmellNet\base_data\training\turnip\turnip_2.csv,turnip,train,train
turnip_2.csv::w5,data\raw\SmellNet\base_data\training\turnip\turnip_2.csv,turnip,train,train
turnip_2.csv::w6,data\raw\SmellNet\base_data\training\turnip\turnip_2.csv,turnip,train,train
turnip_2.csv::w7,data\raw\SmellNet\base_data\training\turnip\turnip_2.csv,turnip,train,train
turnip_2.csv::w8,data\raw\SmellNet\base_data\training\turnip\turnip_2.csv,turnip,train,train
turnip_3.csv::w0,data\raw\SmellNet\base_data\training\turnip\turnip_3.csv,turnip,train,train
turnip_3.csv::w1,data\raw\SmellNet\base_data\training\turnip\turnip_3.csv,turnip,train,train
turnip_3.csv::w2,data\raw\SmellNet\base_data\training\turnip\turnip_3.csv,turnip,train,train
turnip_3.csv::w3,data\raw\SmellNet\base_data\training\turnip\turnip_3.csv,turnip,train,train
turnip_3.csv::w4,data\raw\SmellNet\base_data\training\turnip\turnip_3.csv,turnip,train,train
turnip_3.csv::w5,data\raw\SmellNet\base_data\training\turnip\turnip_3.csv,turnip,train,train
turnip_3.csv::w6,data\raw\SmellNet\base_data\training\turnip\turnip_3.csv,turnip,train,train
turnip_3.csv::w7,data\raw\SmellNet\base_data\training\turnip\turnip_3.csv,turnip,train,train
turnip_3.csv::w8,data\raw\SmellNet\base_data\training\turnip\turnip_3.csv,turnip,train,train
turnip_4.csv::w0,data\raw\SmellNet\base_data\training\turnip\turnip_4.csv,turnip,train,train
turnip_4.csv::w1,data\raw\SmellNet\base_data\training\turnip\turnip_4.csv,turnip,train,train
turnip_4.csv::w2,data\raw\SmellNet\base_data\training\turnip\turnip_4.csv,turnip,train,train
turnip_4.csv::w3,data\raw\SmellNet\base_data\training\turnip\turnip_4.csv,turnip,train,train
turnip_4.csv::w4,data\raw\SmellNet\base_data\training\turnip\turnip_4.csv,turnip,train,train
turnip_4.csv::w5,data\raw\SmellNet\base_data\training\turnip\turnip_4.csv,turnip,train,train
turnip_4.csv::w6,data\raw\SmellNet\base_data\training\turnip\turnip_4.csv,turnip,train,train
turnip_4.csv::w7,data\raw\SmellNet\base_data\training\turnip\turnip_4.csv,turnip,train,train
turnip_4.csv::w8,data\raw\SmellNet\base_data\training\turnip\turnip_4.csv,turnip,train,train
turnip_5.csv::w0,data\raw\SmellNet\base_data\training\turnip\turnip_5.csv,turnip,train,val
turnip_5.csv::w1,data\raw\SmellNet\base_data\training\turnip\turnip_5.csv,turnip,train,val
turnip_5.csv::w2,data\raw\SmellNet\base_data\training\turnip\turnip_5.csv,turnip,train,val
turnip_5.csv::w3,data\raw\SmellNet\base_data\training\turnip\turnip_5.csv,turnip,train,val
turnip_5.csv::w4,data\raw\SmellNet\base_data\training\turnip\turnip_5.csv,turnip,train,val
turnip_5.csv::w5,data\raw\SmellNet\base_data\training\turnip\turnip_5.csv,turnip,train,val
turnip_5.csv::w6,data\raw\SmellNet\base_data\training\turnip\turnip_5.csv,turnip,train,val
turnip_5.csv::w7,data\raw\SmellNet\base_data\training\turnip\turnip_5.csv,turnip,train,val
turnip_5.csv::w8,data\raw\SmellNet\base_data\training\turnip\turnip_5.csv,turnip,train,val
walnuts_1.csv::w0,data\raw\SmellNet\base_data\training\walnuts\walnuts_1.csv,walnuts,train,train
walnuts_1.csv::w1,data\raw\SmellNet\base_data\training\walnuts\walnuts_1.csv,walnuts,train,train
walnuts_1.csv::w2,data\raw\SmellNet\base_data\training\walnuts\walnuts_1.csv,walnuts,train,train
walnuts_1.csv::w3,data\raw\SmellNet\base_data\training\walnuts\walnuts_1.csv,walnuts,train,train
walnuts_1.csv::w4,data\raw\SmellNet\base_data\training\walnuts\walnuts_1.csv,walnuts,train,train
walnuts_1.csv::w5,data\raw\SmellNet\base_data\training\walnuts\walnuts_1.csv,walnuts,train,train
walnuts_1.csv::w6,data\raw\SmellNet\base_data\training\walnuts\walnuts_1.csv,walnuts,train,train
walnuts_1.csv::w7,data\raw\SmellNet\base_data\training\walnuts\walnuts_1.csv,walnuts,train,train
walnuts_1.csv::w8,data\raw\SmellNet\base_data\training\walnuts\walnuts_1.csv,walnuts,train,train
walnuts_2.csv::w0,data\raw\SmellNet\base_data\training\walnuts\walnuts_2.csv,walnuts,train,train
walnuts_2.csv::w1,data\raw\SmellNet\base_data\training\walnuts\walnuts_2.csv,walnuts,train,train
walnuts_2.csv::w2,data\raw\SmellNet\base_data\training\walnuts\walnuts_2.csv,walnuts,train,train
walnuts_2.csv::w3,data\raw\SmellNet\base_data\training\walnuts\walnuts_2.csv,walnuts,train,train
walnuts_2.csv::w4,data\raw\SmellNet\base_data\training\walnuts\walnuts_2.csv,walnuts,train,train
walnuts_2.csv::w5,data\raw\SmellNet\base_data\training\walnuts\walnuts_2.csv,walnuts,train,train
walnuts_2.csv::w6,data\raw\SmellNet\base_data\training\walnuts\walnuts_2.csv,walnuts,train,train
walnuts_2.csv::w7,data\raw\SmellNet\base_data\training\walnuts\walnuts_2.csv,walnuts,train,train
walnuts_2.csv::w8,data\raw\SmellNet\base_data\training\walnuts\walnuts_2.csv,walnuts,train,train
walnuts_3.csv::w0,data\raw\SmellNet\base_data\training\walnuts\walnuts_3.csv,walnuts,train,train
walnuts_3.csv::w1,data\raw\SmellNet\base_data\training\walnuts\walnuts_3.csv,walnuts,train,train
walnuts_3.csv::w2,data\raw\SmellNet\base_data\training\walnuts\walnuts_3.csv,walnuts,train,train
walnuts_3.csv::w3,data\raw\SmellNet\base_data\training\walnuts\walnuts_3.csv,walnuts,train,train
walnuts_3.csv::w4,data\raw\SmellNet\base_data\training\walnuts\walnuts_3.csv,walnuts,train,train
walnuts_3.csv::w5,data\raw\SmellNet\base_data\training\walnuts\walnuts_3.csv,walnuts,train,train
walnuts_3.csv::w6,data\raw\SmellNet\base_data\training\walnuts\walnuts_3.csv,walnuts,train,train
walnuts_3.csv::w7,data\raw\SmellNet\base_data\training\walnuts\walnuts_3.csv,walnuts,train,train
walnuts_3.csv::w8,data\raw\SmellNet\base_data\training\walnuts\walnuts_3.csv,walnuts,train,train
walnuts_4.csv::w0,data\raw\SmellNet\base_data\training\walnuts\walnuts_4.csv,walnuts,train,val
walnuts_4.csv::w1,data\raw\SmellNet\base_data\training\walnuts\walnuts_4.csv,walnuts,train,val
walnuts_4.csv::w2,data\raw\SmellNet\base_data\training\walnuts\walnuts_4.csv,walnuts,train,val
walnuts_4.csv::w3,data\raw\SmellNet\base_data\training\walnuts\walnuts_4.csv,walnuts,train,val
walnuts_4.csv::w4,data\raw\SmellNet\base_data\training\walnuts\walnuts_4.csv,walnuts,train,val
walnuts_4.csv::w5,data\raw\SmellNet\base_data\training\walnuts\walnuts_4.csv,walnuts,train,val
walnuts_4.csv::w6,data\raw\SmellNet\base_data\training\walnuts\walnuts_4.csv,walnuts,train,val
walnuts_4.csv::w7,data\raw\SmellNet\base_data\training\walnuts\walnuts_4.csv,walnuts,train,val
walnuts_4.csv::w8,data\raw\SmellNet\base_data\training\walnuts\walnuts_4.csv,walnuts,train,val
walnuts_5.csv::w0,data\raw\SmellNet\base_data\training\walnuts\walnuts_5.csv,walnuts,train,train
walnuts_5.csv::w1,data\raw\SmellNet\base_data\training\walnuts\walnuts_5.csv,walnuts,train,train
walnuts_5.csv::w2,data\raw\SmellNet\base_data\training\walnuts\walnuts_5.csv,walnuts,train,train
walnuts_5.csv::w3,data\raw\SmellNet\base_data\training\walnuts\walnuts_5.csv,walnuts,train,train
walnuts_5.csv::w4,data\raw\SmellNet\base_data\training\walnuts\walnuts_5.csv,walnuts,train,train
walnuts_5.csv::w5,data\raw\SmellNet\base_data\training\walnuts\walnuts_5.csv,walnuts,train,train
walnuts_5.csv::w6,data\raw\SmellNet\base_data\training\walnuts\walnuts_5.csv,walnuts,train,train
walnuts_5.csv::w7,data\raw\SmellNet\base_data\training\walnuts\walnuts_5.csv,walnuts,train,train
walnuts_5.csv::w8,data\raw\SmellNet\base_data\training\walnuts\walnuts_5.csv,walnuts,train,train
